tree
version=v4
num_class=1
num_tree_per_iteration=1
label_index=0
max_feature_idx=12
objective=binary sigmoid:1
feature_names=score_diff secs_left period skater_diff manpower pp_secs_left home_goalie_in away_goalie_in pre_home_reg pre_away_reg pre_tie xg_diff total_goals
monotone_constraints=1 0 0 0 0 0 0 0 0 0 0 0 0
feature_infos=[-6:6] [0:3600] [1:3] [-3:3] -1:0:1:2:5:10:9:4:3:12:11:7:8:13 [-2471:300] [0:1] [0:1] [0.14438183605670929:0.78390204906463623] [0.090206794440746307:0.70326173305511475] [0.12324776500463486:0.26315945386886597] [-4.2415390014648438:5.281735897064209] [0:17]
tree_sizes=6862 7051 7076 7070 7068 7085 7093 7087 7079 7063 7062 7097 7084 7092 7086 7115 7107 7128 7108 7119 7093 7111 7079 7083 7115 7097 7083 7090 7047 7101 7092 7104 7106 7063 7086 7089 7070 7106 7135 7083 7117 7121 7090 7092 7129 7146 7033 7135 7126 7146 7162 7125 7129 7159 7179 7040 7121 7145 7159 7037 7112 7106 7047 7072 7125 7146 7062 7113 7143 7125 7070 7149 7113 7074 7084 7058 7035 7049 7064 7197 7079 7209 7088 7020 7237 7148 7171 7052 7044 7072 7138 7102 7048 7047

Tree=0
num_leaves=63
num_cat=0
split_feature=0 0 0 1 9 1 0 9 1 1 9 9 0 9 1 9 9 0 9 9 1 9 1 1 9 1 9 1 10 1 10 1 9 1 10 1 9 9 9 1 10 9 10 9 10 10 9 10 9 9 9 10 9 10 12 9 9 10 10 10 10 10
split_gain=879042 145266 95442.2 22702.9 22501.7 16331 13937.3 11610.9 11294.9 8851.1 7349.52 5262.16 4726.47 3259.59 3024.17 2286.45 2242.77 2236.41 1924.13 1873.51 1826.17 1682.41 1674.84 1637.11 1257.12 1052.39 1036.95 994.913 962.578 959.332 899.288 859.714 855.227 833.885 832.124 783.254 736.2 678.435 659.864 630.658 574.885 830.167 601.871 511.296 500.886 567.745 483.227 460.819 439.334 533.47 432.515 723.665 430.802 393.332 522.654 410.906 711.588 483.118 446.282 401.055 394.862 390.436
threshold=-1.0000000180025095e-35 1.0000000180025095e-35 -1.4999999999999998 930.50000000000011 0.32789349555969244 540.50000000000011 1.5000000000000002 0.32264570891857153 1470.5000000000002 1320.5000000000002 0.44970461726188665 0.33949495851993566 -2.4999999999999996 0.23308694362640384 307.50000000000006 0.20990382134914401 0.42303735017776495 -2.4999999999999996 0.48604546487331396 0.20509092509746554 630.50000000000011 0.3879420012235642 206.50000000000003 1740.5000000000002 0.30191217362880712 1819.5000000000002 0.39077325165271765 1101.5000000000002 0.1970353573560715 960.50000000000011 0.23465987294912341 691.50000000000011 0.30441309511661535 2250.5000000000005 0.23443890362977984 2160.5000000000005 0.30839414894580847 0.32176336646080023 0.20178101211786273 2280.5000000000005 0.21802223473787311 0.26938365399837499 0.21927379071712497 0.53198191523551952 0.23291677981615069 0.21592911332845691 0.30364511907100683 0.21239183843135837 0.38589408993721014 0.37714664638042456 0.29002763330936437 0.21613498777151111 0.2993187159299851 0.21534436941146853 1.5000000000000002 0.36557076871395117 0.3504349440336228 0.21842505037784579 0.21927379071712497 0.22689916938543322 0.21991325914859775 0.23307678103446963
decision_type=2 2 2 2 2 2 2 2 2 2 2 2 2 2 2 2 2 2 2 2 2 2 2 2 2 2 2 2 2 2 2 2 2 2 2 2 2 2 2 2 2 2 2 2 2 2 2 2 2 2 2 2 2 2 2 2 2 2 2 2 2 2
left_child=2 3 8 14 15 22 9 19 17 31 23 -11 -10 38 -2 -5 27 -1 35 -7 -19 39 -4 47 30 -8 48 -9 -12 -21 34 -3 44 -30 40 -13 -16 -22 -14 -15 41 -17 -42 -20 45 -26 -46 -6 49 53 51 -43 -24 54 -25 56 58 -57 -55 -58 -60 -35
right_child=1 6 5 4 10 7 25 16 12 11 28 18 13 21 36 24 -18 20 43 29 37 -23 52 26 32 -27 -28 -29 33 -31 -32 -33 -34 61 -36 -37 -38 -39 -40 -41 42 50 -44 -45 46 -47 -48 -49 -50 -51 -52 -53 -54 55 -56 57 59 -59 60 -61 -62 -63
leaf_value=0.47079556471078088 0.67249691145366874 0.68270699321517825 0.49398067384046063 0.64929139083077303 0.56095166843926381 0.61683617184768036 0.68443917759439721 0.54256168427156604 0.48628679392955287 0.66107813303542406 0.54178782389244717 0.64994721595644012 0.61683617184768036 0.52281794638818813 0.65485533595296475 0.63068600296569988 0.53956282200887618 0.47593312653341385 0.59204857322586157 0.56058544723743842 0.51206028173363494 0.50534611021096676 0.54212460179889288 0.56263336421469035 0.64263720987053963 0.67417048565713789 0.59470375237582895 0.56095166843926381 0.59204857322586157 0.58409489792987246 0.65061449265696714 0.6697537403094117 0.62166945060841072 0.56989988739489073 0.58409489792987246 0.63570477341647147 0.63754578050151123 0.49268715676270602 0.56428248092548272 0.54245252614851802 0.66107813303542406 0.61544459054985468 0.63315096115132918 0.62510935837675152 0.65065451187198087 0.58409489792987246 0.58409489792987246 0.61937217527848587 0.62222726120743233 0.59211261508138835 0.63055091584190215 0.58409489792987246 0.51966556803905739 0.63570477341647147 0.62354873993443138 0.56095166843926381 0.61146485876705781 0.61930498959912128 0.56095166843926381 0.59133539975739025 0.61008190015354369 0.59204857322586157
leaf_weight=29101.44351683557 13659.360145762563 25357.96362298727 6874.0776943713427 13322.568017795682 230.48553667962551 4368.8302625566721 94787.780304357409 8816.6528569161892 10655.669208079576 53987.19335141778 1921.8096853643656 15818.01873652637 756.75543580949306 10325.796366974711 9468.3112815916538 21786.238846346736 24197.836898133159 14233.42288865149 2333.1680240780115 5248.5642370432615 6948.8225308656693 10723.159134238958 2839.5620535761118 1075.4465175867081 423.38612207770348 33955.268582046032 30071.462450653315 44614.073973566294 7823.1919315606356 35478.38696347177 5462.6956005096436 25992.159454792738 28323.822772189975 15618.214218884706 359.73641753196716 24798.315843209624 17516.435281634331 13187.396612986922 1043.8120078444481 6814.7065306007862 2086.7772386223078 5291.5213865637779 24202.700535327196 1910.7744672447443 616.57171358168125 1677.7057189047337 292.34413816034794 18582.680069312453 3963.6605294495821 7001.53820066154 2529.5070223212242 1550.6964555680752 8831.128154695034 1027.9055406600237 522.74816325306892 359.05121630430222 3272.641026571393 9083.6915761381388 301.965357452631 10142.277763217688 20542.75693744421 1637.8081885874271
leaf_count=126670 59763 111265 30136 58013 1038 19258 416647 38571 46352 237272 8275 69491 3364 45668 41611 95931 104117 62264 10004 23263 30778 46184 12549 4709 1940 149407 131410 195343 33700 156949 24207 114119 124494 67180 1562 109045 76567 57312 4613 29966 9208 23462 106206 8229 2775 7472 1259 81467 17472 30701 11446 6883 38589 4515 2286 1569 14426 39727 1330 44445 90362 6884
internal_value=0.609555 0.644081 0.53056 0.618758 0.612931 0.557307 0.669659 0.563916 0.494156 0.659311 0.59918 0.650562 0.514857 0.525123 0.653327 0.629899 0.552194 0.481008 0.637905 0.584095 0.489659 0.52089 0.513574 0.605104 0.627167 0.681731 0.602223 0.557916 0.575889 0.584095 0.631223 0.676152 0.618977 0.578504 0.62939 0.641252 0.643621 0.499367 0.584095 0.53062 0.629929 0.625333 0.635374 0.605871 0.593641 0.584095 0.625064 0.618482 0.606169 0.604975 0.612889 0.606358 0.525124 0.60692 0.582554 0.607791 0.605312 0.617054 0.610872 0.596246 0.609236 0.572365
internal_weight=805750 560690 245060 281750 241106 141269 278941 122724 103791 150198 133179 98847.5 40319.9 29664.2 40644.1 107926 77628.6 63471.1 44860.3 45095.8 34369.6 27863.7 18544.8 106178 94603.7 128743 87365.1 53430.7 27001 40727 63269.9 51350.1 31333.8 25079.2 57807.2 40616.3 26984.7 20136.2 1800.57 17140.5 57447.4 31158 26289.5 4243.94 3010.01 2101.09 908.916 18813.2 57293.7 53330 9371.72 6842.22 11670.7 46328.5 1598.19 44730.3 35287.5 9442.74 21872.6 13414.9 20844.7 17256
internal_count=3531720 2459774 1071946 1234295 1056354 618775 1225479 537501 453171 659425 581496 434041 176147 129795 177941 474858 338031 277024 196769 199470 150354 121818 81274 465457 416845 566054 382952 233914 116039 180212 278905 225384 137940 107764 254698 178536 118178 88090 7977 75634 253136 137722 115414 18233 13446 9412 4034 82505 251542 234070 41791 30345 51138 203369 6995 196374 155078 41296 96207 58871 91692 74064
is_linear=0
shrinkage=1


Tree=1
num_leaves=63
num_cat=0
split_feature=0 0 0 1 9 1 0 8 1 1 9 9 0 8 1 9 9 9 1 0 9 1 1 9 9 1 8 8 8 1 10 10 1 1 9 9 8 1 10 8 10 10 10 9 10 10 8 10 10 9 9 9 9 10 8 9 9 8 9 10 9 1
split_gain=785820 135113 80206.9 21068.4 20123.2 14008.2 13411.3 11979.6 9368.53 8537.88 6067.02 4958.66 4239.12 2987.23 2984.8 2115.83 1867.57 1784.05 1666.15 1551.21 1432.68 1411.03 1318.11 1213.61 1055.99 988.252 908.704 865.665 861.257 832.295 824.923 794.624 773.314 728.708 728.174 678.229 641.904 630.815 567.248 911.23 594.434 541.436 525.932 476.225 719.636 540.302 455.319 689.934 992.019 560.933 468.206 828.62 603.577 453.217 559.798 449.444 442.727 435.178 433.453 423.364 422.153 394.504
threshold=-1.0000000180025095e-35 1.0000000180025095e-35 -1.4999999999999998 960.50000000000011 0.32789349555969244 600.50000000000011 1.5000000000000002 0.42959892749786383 1380.5000000000002 1280.5000000000002 0.44970461726188665 0.33949495851993566 -2.4999999999999996 0.56198832392692577 299.50000000000006 0.20990382134914401 0.20509092509746554 0.48604546487331396 184.50000000000003 -2.4999999999999996 0.36916089057922369 1740.5000000000002 750.50000000000011 0.44099158048629766 0.30191217362880712 1770.5000000000002 0.42397160828113561 0.36279271543025976 0.32536515593528753 1370.5000000000002 0.23465987294912341 0.23443890362977984 2118.5000000000005 660.50000000000011 0.30441309511661535 0.30839414894580847 0.28225387632846838 1101.5000000000002 0.21802223473787311 0.52096745371818554 0.21927379071712497 0.23628672212362292 0.22301587462425235 0.29002763330936437 0.21613498777151111 0.20994300395250323 0.4369830340147019 0.23211316019296649 0.22703950107097629 0.32579620182514196 0.31515826284885412 0.32579620182514196 0.30915527045726782 0.23291677981615069 0.48112049698829656 0.44720508158206945 0.44523863494396215 0.36279271543025976 0.30364511907100683 0.21738760173320773 0.32364235818386083 570.50000000000011
decision_type=2 2 2 2 2 2 2 2 2 2 2 2 2 2 2 2 2 2 2 2 2 2 2 2 2 2 2 2 2 2 2 2 2 2 2 2 2 2 2 2 2 2 2 2 2 2 2 2 2 2 2 2 2 2 2 2 2 2 2 2 2 2
left_child=2 3 8 14 15 18 9 23 19 33 21 -11 -10 20 -2 -5 -9 32 -4 -1 -14 -6 -21 26 30 -8 37 28 41 -18 31 38 -13 -3 53 -16 -12 -7 39 43 -40 55 -19 44 45 -17 60 48 50 -49 52 -52 -48 54 -26 56 -23 -20 -55 -39 -36 -37
right_child=1 6 5 4 10 7 25 16 12 11 36 17 13 -15 35 24 29 42 57 22 -22 27 -24 -25 34 -27 -28 -29 -30 -31 -32 -33 -34 -35 46 61 -38 59 40 -41 -42 -43 -44 -45 -46 -47 47 49 -50 -51 51 -53 -54 58 -56 -57 -58 -59 -60 -61 -62 -63
leaf_value=-0.12719821505454437 0.061709279576558598 0.071476448803805465 -0.10747145690919309 0.03814089858368775 0.0084515917980569552 -0.064262756486467384 0.072954833337317879 0.00789704491136849 -0.11356237989271684 0.049798878758226195 -0.041005823441687947 0.039446875900091972 -0.072826468677275186 -0.024957011339204555 0.043261785039780745 -0.015828451124654794 -0.039176051691498202 0.0057552618141275026 -0.09162625170253795 -0.12074046722424847 -0.094528284706039037 -0.047925115448269641 -0.1008412424069572 -0.067211681356079689 -0.024957011339204555 0.06305651633848347 -0.072826468677275186 -0.0040829799815278222 -0.019119401883943919 -0.024957011339204555 0.039143738869058732 -0.024957011339204555 0.025272769916794113 0.059201955073925984 0.049798878758226195 0.035989329324785435 -0.024957011339204555 -0.072826468677275186 0.049798878758226195 0.020416301900674786 0.022413942484200474 0.025272769916794113 -0.024957011339204555 0.02064292434232241 -0.024957011339204555 0.017093099478911054 -0.00025658937107484202 0.002714156651627012 0.032698024484299253 -0.024957011339204555 -0.013343309988541796 0.038708516198906459 0.034381714627979752 0.040400063121899032 0.032040552217043161 -0.067211681356079689 0.025272769916794113 -0.07196304157203752 -0.024957011339204555 -0.047925115448269641 0.013962017470856678 0.021137867486096543
leaf_weight=28899.682581692934 12883.938057988882 23678.168777763844 6569.3946829140186 13064.585606366396 18142.315210431814 6985.7816392034292 90657.69651542604 4325.100801885128 12441.138666287065 54349.73792937398 11294.454097002745 15453.122612655163 16277.92345045507 1855.5853542387486 9949.5940419733524 1980.7865056395531 12297.055073320866 3562.794764906168 3835.0934752821922 17716.733222275972 14323.299407407641 241.41842992603779 15803.202368795872 18978.118346393108 1684.3793081343174 35028.632101118565 3379.8648003190756 66607.073745459318 18829.165229514241 37554.044085115194 5371.5417713671923 360.71318438649178 25534.510058641434 24826.552819699049 988.16592332720757 7464.7645096629858 15733.692606642842 1661.7118607908487 2051.49182549119 21138.174733906984 23875.37652978301 1273.9596386700869 751.86259903013706 2507.4872491508722 1832.3112195134163 3357.2134862840176 2441.5420978814363 9434.5928993523121 5776.5483129769564 432.9454267770052 4200.5794904232025 933.67511592805386 2592.6156172007322 598.7695577442646 432.3548172712326 253.16742171347141 315.52897275984287 10778.016536280513 288.1332746297121 37017.081987589598 1352.8102358281612 11168.736718162894
leaf_count=121269 57477 106279 27912 57584 79789 29935 407926 19098 52350 242770 47806 68698 70322 8136 44352 8784 53846 15287 16166 74857 60209 1007 67139 79729 7447 157283 14534 292197 81792 164720 24103 1554 113209 111098 4354 32911 67185 7221 9189 93749 105514 5311 3241 11426 8060 14863 10858 41223 25535 1882 18893 4141 11357 2728 2011 1105 1383 46443 1230 159234 5943 49271
internal_value=-1.07011e-05 0.0331921 -0.0734752 0.00882514 0.00312545 -0.0490072 0.0581828 -0.0424997 -0.106165 0.0479906 -0.00987391 0.0396158 -0.0887411 -0.0792236 0.0417284 0.0192917 -0.024957 0.0273983 -0.0865441 -0.118696 -0.082987 -0.0042388 -0.111362 -0.056471 0.0166613 0.0701967 -0.0523135 -0.00686949 -0.0157437 -0.024957 0.0204111 0.0186484 0.0306175 0.0651952 0.00914185 0.03272 -0.024957 -0.0504258 0.0191852 0.0145988 0.0246357 0.0147498 -0.00318306 0.00189158 -0.0046678 0.00487613 0.0116386 0.00972288 0.0161532 -0.00066839 0.00675193 -0.00387188 0.0175856 -0.0142567 -0.024957 -0.018934 0.00634252 -0.0771294 0.0158382 -0.0479251 0.032749 0.0270891
internal_weight=805397 554698 250699 280855 239388 143381 273843 122199 107318 148157 132691 99652 44897.9 32456.8 41467 106697 54176.2 45302.3 21182.5 62419.6 30601.2 105663 33519.9 68022.6 93632.2 125686 49044.4 87520.3 20913.2 49851.1 62475.1 57103.6 40987.6 48504.7 31157.1 28583.1 27028.1 45664.6 56742.8 30816 25926.9 2084.07 4314.66 9677.8 7170.31 5338 28153.5 25812.5 15945 9867.54 10168.4 5134.25 5034.16 3003.64 2116.73 810.115 556.947 14613.1 886.903 38678.8 2340.98 18633.5
internal_count=3532925 2459805 1073120 1234014 1050003 618838 1225791 528317 454282 660582 577575 443205 191017 138667 184011 472428 237664 200435 90521 263265 130531 462584 141996 290653 414844 565209 210924 382795 90598 218566 277242 253139 181907 217377 137602 126534 114991 196390 251585 136882 114703 8806 18528 43133 31707 23647 124186 113889 70784 43105 45249 23034 22215 13416 9458 3495 2390 62609 3958 166455 10297 82182
is_linear=0
shrinkage=0.05


Tree=2
num_leaves=63
num_cat=0
split_feature=0 0 0 1 8 0 1 8 1 1 8 8 0 1 8 8 0 8 1 1 1 8 8 8 1 1 8 8 8 10 10 8 12 8 8 11 1 8 10 10 1 8 1 10 8 1 8 10 8 10 10 10 8 8 11 10 10 8 8 1 10 8
split_gain=701646 126523 69387.8 19577.4 17638.7 12942.1 12168.9 10357.3 8014.75 7992.98 4687.39 3881.86 3013.78 2654.31 2388.9 2362.25 1865.68 1749.29 1638.58 1552.05 1368.61 1242.53 1240.55 1167.9 999.057 991.958 986.948 970.301 930.738 912.321 928.648 698.823 664.915 640.948 622.026 617.657 608.95 575.965 599.294 685.799 575.067 555.971 538.129 514.391 453.992 451.551 437.038 426.179 412.237 410.291 390.577 481.102 569.178 549.189 517.795 490.923 389.974 678.579 389.91 389.246 388.363 405.316
threshold=-1.0000000180025095e-35 1.0000000180025095e-35 -1.4999999999999998 930.50000000000011 0.42545528709888464 1.5000000000000002 652.50000000000011 0.42959892749786383 1429.5000000000002 1590.5000000000002 0.30878235399723059 0.37011507153511053 -2.4999999999999996 246.50000000000003 0.56198832392692577 0.58457565307617199 -2.4999999999999996 0.609165519475937 329.50000000000006 770.50000000000011 1620.5000000000002 0.46077333390712744 0.48112049698829656 0.39315852522850042 660.50000000000011 1819.5000000000002 0.36166779696941381 0.29661081731319433 0.28225387632846838 0.23465987294912341 0.23428770154714587 0.44619597494602209 1.5000000000000002 0.42545528709888464 0.34756815433502203 1.2073334455490115 1608.5000000000002 0.21525833755731585 0.21719129383563998 0.23307678103446963 1590.5000000000002 0.28225387632846838 60.500000000000007 0.22417488694190982 0.43304879963397985 2629.5000000000005 0.30438216030597692 0.21842505037784579 0.27314317226409918 0.22716157883405688 0.2397129833698273 0.23291677981615069 0.45807589590549475 0.44098128378391271 -0.27766193449497217 0.22232254594564441 0.2134855389595032 0.32167787849903112 0.45519419014453893 482.50000000000006 0.2050428315997124 0.47112825512886053
decision_type=2 2 2 2 2 2 2 2 2 2 2 2 2 2 2 2 2 2 2 2 2 2 2 2 2 2 2 2 2 2 2 2 2 2 2 2 2 2 2 2 2 2 2 2 2 2 2 2 2 2 2 2 2 2 2 2 2 2 2 2 2 2
left_child=2 3 9 13 10 8 18 27 24 16 37 28 -11 -2 23 21 -1 40 42 -18 -12 32 -13 49 -3 -7 56 -8 -10 30 -23 -21 43 36 -15 -19 -29 -5 41 -40 61 45 -4 44 -6 -39 48 -28 -41 -14 51 52 53 54 -34 -54 57 -22 -45 -36 -33 -9
right_child=1 5 6 4 15 25 7 17 11 12 20 22 14 34 -16 -17 19 35 -20 31 26 29 -24 -25 -26 -27 47 33 -30 -31 -32 60 50 -35 59 -37 -38 38 39 46 -42 -43 -44 58 -46 -47 -48 -49 -50 -51 -52 -53 55 -55 -56 -57 -58 -59 -60 -61 -62 -63
leaf_value=-0.11714604325829525 0.061702395774136387 0.068342207903739113 -0.11152214864918482 -0.058831120288068077 0.017435955152990221 0.071045251576921944 -0.066894684615015729 -0.04288751070669785 -0.0068249576492854279 -0.10386593892386231 0.0080255460169168166 0.037488817326339088 -0.095539370088749756 0.016634700909223709 -0.023122265226132768 0.035405874203052287 -0.11152214864918482 0.021495830743253182 -0.065776178481645936 -0.09834917816477326 0.022557861130458698 0.016663761244448842 0.050901989222521232 -0.06569102790291248 0.055700310120780985 0.060866152772831618 -0.021992336324886577 -0.056294253188627186 0.022557861130458698 0.037488817326339088 -0.023122265226132768 -0.052835014125204305 0.037488817326339088 -0.06569102790291248 0.045370284950212447 -0.023122265226132768 -0.045139239767045168 -0.01154896848076056 -0.043875182127346313 -0.066894684615015729 -0.023122265226132768 0.0042340097213900193 -0.08650139110006011 0.0027477614610143999 -0.019197162877663439 -0.038874087249864006 -0.045139239767045168 -0.0038374756284110818 -0.0068249576492854279 -0.076740275407435055 0.036698679571384375 -0.0039388347301531788 0.037488817326339088 0.037012030362517191 -0.0031026535582375828 -0.023122265226132768 -0.015410147432989123 -0.045139239767045168 0.023417984446382357 0.031830373012378198 -0.084194357290298547 -0.026730591286273093
leaf_weight=32675.132716938853 10778.776517376304 23107.894346520305 2582.7040477097034 1909.7983867526054 1051.6958638727665 90280.525186359882 9971.9787763357162 6704.5630472153425 3214.8270963579416 9704.7499239891768 14167.140180498362 43928.211321637034 6357.1650064438581 4820.0883794128895 1603.2802994251251 14109.058724045753 18488.956747457385 2971.9358269423246 11731.816373169422 13533.659852951765 214.43487760424614 65935.1165137887 28397.790603384376 14527.120466396213 30423.771082445979 32650.343976721168 3447.1704788506031 18212.212900221348 16658.384684354067 4681.1963596940041 441.14395092427731 1184.1017364263535 1028.5703000128269 2409.7615288794041 7953.7674254328012 351.50270159542561 37446.407378599048 2686.7860493063927 8597.8860391229391 218.72390905022621 34534.816492438316 1864.4917372316122 8984.7217864394188 17641.897894695401 4303.8613840043545 3459.90534055233 267.14945784211159 51714.850804999471 1441.1400709301233 5411.8474668264389 1884.0681984126568 3297.944711625576 297.12777568399906 3576.4093742072582 2498.4863909333944 461.15604040026665 25821.169340655208 880.80939890444279 2619.3949785679579 16017.41062361002 6150.0237236917019 9240.5630661845207
leaf_count=133704 49104 106329 10717 7933 4640 416552 40855 28922 13794 39875 62202 198858 26127 21227 7006 62877 76235 13163 49462 55858 874 294197 128701 61713 138618 149718 15235 76849 73916 21197 1907 5034 4632 10201 35923 1587 158661 11382 36427 867 150498 7933 37537 77666 19131 14537 1127 226024 5997 22174 8454 14527 1285 15936 11091 2042 110870 3808 11663 71818 25984 40257
internal_value=4.3215e-05 0.0318795 -0.0685266 0.00836566 0.00300381 0.0563933 -0.0458479 -0.0395164 0.0463135 -0.0985493 -0.0109443 0.037378 -0.0798592 0.0409557 -0.0715051 0.0161482 -0.108305 -0.0231223 -0.0789555 -0.100963 -0.00632537 0.0136714 0.0427559 -0.0751871 0.0617024 0.0683422 -0.00880247 -0.0524796 0.0178046 0.0175962 0.0160877 -0.0916018 0.00645755 -0.050003 0.033029 0.0131495 -0.0487902 -0.0326859 -0.0299891 -0.0378333 -0.0231223 -0.0196803 -0.0923153 0.00177831 -0.0120014 -0.0269338 -0.0108668 -0.00497238 -0.00682496 -0.0869021 0.0156463 0.0120891 0.0188124 0.0232082 0.00920463 -0.0223426 -0.0166513 -0.0451392 0.00542105 0.0363247 -0.0791393 -0.0335265
internal_weight=803529 548750 254779 280089 240519 268662 145143 121844 145731 109636 116691 92199.2 37604.2 39570 27899.4 123827 72031.9 53803.4 23299.2 39356.7 96245.6 109718 72326 26296.1 53531.7 122931 82078.4 68040.4 19873.2 71057.5 66376.3 20867.8 38660.6 58068.4 28791.3 3323.44 55658.6 20445.9 18536.1 10524.9 50479.9 8011.18 11567.4 25616.9 5355.56 6146.69 1927.01 55162 1659.86 11769 13043.8 11159.7 7861.75 7103.47 3527.06 758.284 26916.4 1095.24 20261.3 23971.2 7334.13 15945.1
internal_count=3533438 2461019 1072419 1234533 1056461 1226486 618709 520993 660216 453710 505216 415269 156895 178072 117020 551245 296815 234427 97716 163111 419013 488368 327559 110014 244947 566270 356811 286566 87710 317301 296104 86876 171067 245711 128968 14750 235510 86203 78270 44418 219677 33852 48254 113100 23771 25919 7991 241259 6864 48301 57967 49513 34986 31659 15723 3327 115552 4682 89329 107741 31018 69179
is_linear=0
shrinkage=0.05


Tree=3
num_leaves=63
num_cat=0
split_feature=0 0 0 1 9 0 1 8 1 1 9 0 8 1 9 1 0 9 1 9 9 1 1 9 1 1 10 9 8 9 8 10 8 8 8 10 10 8 1 1 10 10 8 8 10 10 9 9 10 10 9 8 9 8 8 8 8 9 8 8 9 10
split_gain=630218 118396 60571 17852.7 16886.9 12497.6 10715.2 9383.65 7690.93 7170.14 5067.53 2682.18 2186.34 1952.01 1829.79 1730.34 1565.58 1508.51 1299.54 1074.4 971.746 962.641 967.341 949.338 941.897 920.566 779.146 777.751 754.155 727.15 772.444 723.101 608.688 574.131 568.605 641.029 516.842 818.318 489.107 461.169 436.578 431.604 458.643 426.16 699.212 1035.44 509.561 424.576 704.601 475.322 424.267 419.565 404.809 660.7 452.413 430.096 424.651 600.302 634.051 644.997 499.02 494.764
threshold=-1.0000000180025095e-35 1.0000000180025095e-35 -1.4999999999999998 780.50000000000011 0.32789349555969244 1.5000000000000002 510.50000000000006 0.42959892749786383 1429.5000000000002 1580.5000000000002 0.44970461726188665 -2.4999999999999996 0.56198832392692577 237.50000000000003 0.20990382134914401 1620.5000000000002 -2.4999999999999996 0.20509092509746554 570.50000000000011 0.3879420012235642 0.30191217362880712 1819.5000000000002 712.50000000000011 0.42303735017776495 1011.5000000000001 206.50000000000003 0.23465987294912341 0.30441309511661535 0.42397160828113561 0.39077325165271765 0.31539092957973486 0.23443890362977984 0.44619597494602209 0.30878235399723059 0.28225387632846838 0.23479837924242022 0.21802223473787311 0.52096745371818554 1215.5000000000002 1819.5000000000002 0.21927379071712497 0.23291677981615069 0.48416106402873998 0.4369830340147019 0.23211316019296649 0.22703950107097629 0.32579620182514196 0.29002763330936437 0.21613498777151111 0.20994300395250323 0.38589408993721014 0.35031150281429296 0.37714664638042456 0.38402423262596136 0.38997472822666174 0.38245677947998052 0.40150643885135656 0.34949654340744024 0.41391229629516607 0.40799815952777868 0.36667506396770483 0.23724532872438434
decision_type=2 2 2 2 2 2 2 2 2 2 2 2 2 2 2 2 2 2 2 2 2 2 2 2 2 2 2 2 2 2 2 2 2 2 2 2 2 2 2 2 2 2 2 2 2 2 2 2 2 2 2 2 2 2 2 2 2 2 2 2 2 2
left_child=2 3 9 13 14 8 25 23 22 16 15 -11 19 -2 -5 -6 -1 -9 -18 -13 26 -7 -3 28 -19 -4 31 41 38 50 -31 36 -20 -23 -12 -36 37 47 -8 -10 -38 42 -22 -29 45 -45 -46 48 49 -16 52 -15 56 55 -55 -54 60 58 59 -58 61 -17
right_child=1 5 6 4 10 21 7 17 39 11 34 12 -14 51 20 29 18 24 32 -21 27 33 -24 -25 -26 -27 -28 43 -30 30 -32 -33 -34 -35 35 -37 40 -39 -40 -41 -42 -43 -44 44 46 -47 -48 -49 -50 -51 -52 -53 53 54 -56 -57 57 -59 -60 -61 -62 -63
leaf_value=-0.10938226575393828 0.060072937643731221 0.067416902874431597 -0.092294057158748735 0.035623770458184038 0.010633679022206641 0.06940075765086616 -0.053903320334569994 0.0067707386805242759 0.044285574718889997 -0.096981538970832046 -0.0358362953133331 -0.062498827308653943 -0.022695035591010996 0.020041202388859126 -0.013753774878827903 0.036012683404762075 -0.10694813210977577 -0.041263756173176104 -0.093579682978792433 -0.082945066653087485 -0.022695035591010996 0.036012683404762075 0.053772573822575324 -0.057700777371920545 -0.022695035591010996 -0.069543439546184138 0.036012683404762075 0.031499170760583332 -0.062498827308653943 0.036012683404762075 -0.013116209690642852 -0.022695035591010996 -0.077368315674384916 0.060841727608205123 -0.022695035591010996 0.011908899940039123 0.036012683404762075 0.019301677995623264 -0.040904629506389345 0.036012683404762075 0.021181249055474517 0.014229902673899845 0.036012683404762075 0.0063236848972302584 0.0023405532237047379 0.032548368788280213 -0.022695035591010996 0.01946132232708532 -0.022695035591010996 0.016613234213075281 0.012765665427512172 0.037912226304895977 -0.0048463594758391083 -0.040904629506389345 -0.013727794908516326 0.036012683404762075 -0.017976857377153529 -0.012566537922219158 -0.002318178402492183 0.036012683404762075 0.014890653191213543 -0.01306570953435697
leaf_weight=33046.492439091206 9975.6972948163748 24165.659932330251 7379.0723279714584 13195.689927458763 18808.538991287351 87790.963849708438 9278.3165116012096 4343.2072537988424 16863.500619143248 10027.617447733879 11852.144334331155 16670.517742499709 1614.4165714532137 4002.218116402626 2056.7862152010202 432.19465416669846 13880.955322042108 7744.6885114759207 16673.99839708209 10484.378143072128 1929.6534473598003 1632.1223211586475 28178.195402443409 25605.680202916265 44181.131835475564 11260.296896263957 5406.8275036811829 2369.9252834171057 3620.2366647422314 379.26174253225327 31011.08056807518 381.47286972403526 8938.590680450201 30249.507637098432 15151.557019189 1358.1624259650707 2075.5389955788851 21552.516302272677 33110.767241805792 74038.363621041179 24389.135940596461 915.45704571902752 229.54357653856277 10437.963534519076 9720.0495768040419 5886.2546319663525 444.52641203999519 2569.629081979394 1871.9312585443258 3446.7037746906281 4086.8583309948444 18404.467365577817 2766.2542480230331 1749.1876969784498 2338.3261727392673 451.01649969816208 616.08974277973175 14913.015135735273 20280.031642988324 1472.9138123095036 6696.2175385653973 3737.8164184242487
leaf_count=133010 46459 113982 30164 59578 83399 416037 38634 19250 77179 40537 49263 69680 7009 17767 9129 1877 56270 33079 67535 42285 8572 7632 130936 105008 191110 46619 24880 10558 15082 1610 134062 1625 37167 141866 64068 5645 9512 96810 139262 337535 109161 4140 1093 46745 42608 26413 1924 11840 8216 15414 18024 83928 11941 7568 10311 1961 2683 65179 89329 6381 29298 16134
internal_value=8.78785e-05 0.0306872 -0.0642625 0.00802235 0.00344549 0.0547695 -0.043138 -0.0379754 0.044805 -0.0920624 -0.00816333 -0.0747075 -0.0669407 0.0429289 0.0181698 -0.0031708 -0.101343 -0.022695 -0.0946139 -0.0703958 0.0157624 0.0666964 0.0600729 -0.0499809 -0.022695 -0.0785546 0.0193286 0.00864255 -0.0456833 -0.00602629 -0.0121841 0.0176398 -0.0879253 0.0592476 -0.022695 -0.021479 0.018156 0.0138274 -0.043751 0.0360127 0.0233071 -0.01526 -0.022695 0.0111896 0.00937142 0.0157813 -0.000923347 0.00196287 -0.00413548 0.00526392 -0.00277965 0.0347212 -0.00392554 -0.0148925 -0.022695 0.0028315 -0.00226142 -0.00479646 0.000384039 0.0266057 0.00643592 -0.00714104
internal_weight=800141 542281 257860 279363 246980 262918 146523 127884 143246 111337 138101 38796.9 28769.3 32382.4 108880 109739 72540 56269 39493.5 27154.9 95683.9 119673 52343.9 71615 51925.8 18639.4 63750.5 31933.4 46009.3 90930.3 31390.3 58343.7 25612.6 31881.6 28361.9 16509.7 57962.2 31497.6 42389.1 90901.9 26464.7 3074.65 2159.2 28858.7 26488.8 16324.2 10164.6 9945.05 7375.42 5503.49 59539.9 22406.7 55453.1 7304.78 4087.51 3217.27 48148.3 37282.1 22369 2089 10866.2 4170.01
internal_count=3531973 2460272 1071701 1235105 1086951 1225167 618208 541425 659632 453493 598733 159511 118974 148154 488218 479757 293982 243439 160972 111965 428640 565535 244918 297986 224189 76783 286587 142053 192978 396358 135672 261707 104702 149498 118976 69713 260082 141409 177896 414714 118673 13805 9665 128248 117690 73158 44532 44599 32759 24543 260686 101695 242662 31781 17879 13902 210881 163572 98393 9064 47309 18011
is_linear=0
shrinkage=0.05


Tree=4
num_leaves=63
num_cat=0
split_feature=0 0 0 1 9 0 1 8 1 1 8 9 0 1 8 9 1 9 8 9 8 1 1 9 8 9 0 1 9 9 1 10 10 10 1 10 9 9 1 1 10 10 8 10 10 9 8 9 9 10 8 8 10 10 8 9 8 10 10 9 9 9
split_gain=568349 111464 53834.7 16513.6 15190.7 12067.9 9594.67 8056.24 7467.14 6477.2 4286.02 4332.96 3315.39 2675.73 2325.79 1685.1 1478.81 1438.31 1304.29 1285.22 1047.26 935.518 925.99 885.649 936.639 885.606 763.637 682.325 677.581 677.18 659.994 650.429 648.28 649.11 540.171 516.972 482.389 451.517 439.88 421.78 415.154 411.933 701.96 495.063 424.862 408.169 399.574 388.708 684.323 388.533 414.128 375.897 566.092 917.758 497.061 423.629 603.398 716.67 404.959 388.081 675.848 635.946
threshold=-1.0000000180025095e-35 1.0000000180025095e-35 -1.4999999999999998 990.50000000000011 0.32789349555969244 1.5000000000000002 712.50000000000011 0.42959892749786383 1429.5000000000002 1215.5000000000002 0.36166779696941381 0.33949495851993566 -2.4999999999999996 246.50000000000003 0.57808911800384533 0.20990382134914401 329.50000000000006 0.48604546487331396 0.30878235399723059 0.20509092509746554 0.44619597494602209 712.50000000000011 1639.5000000000002 0.44099158048629766 0.42793531715869909 0.30191217362880712 -2.4999999999999996 2447.5000000000005 0.30441309511661535 0.30839414894580847 540.50000000000011 0.23519582301378253 0.23465987294912341 0.23443890362977984 1410.5000000000002 0.21738760173320773 0.39077325165271765 0.25309312343597418 60.500000000000007 510.50000000000006 0.2134855389595032 0.21802223473787311 0.52096745371818554 0.21927379071712497 0.21991325914859775 0.2993187159299851 0.48416106402873998 0.33563746511936193 0.32725121080875402 0.23291677981615069 0.45891290903091436 0.4369830340147019 0.23211316019296649 0.22703950107097629 0.45709051191806799 0.31436760723590856 0.44729812443256384 0.23374658077955249 0.23443890362977984 0.31515826284885412 0.32579620182514196 0.30915527045726782
decision_type=2 2 2 2 2 2 2 2 2 2 2 2 2 2 2 2 2 2 2 2 2 2 2 2 2 2 2 2 2 2 2 2 2 2 2 2 2 2 2 2 2 2 2 2 2 2 2 2 2 2 2 2 2 2 2 2 2 2 2 2 2 2
left_child=2 3 9 13 15 8 16 23 21 26 18 37 -11 -2 20 -5 38 31 -6 -9 -14 -3 -7 24 35 32 -1 -20 46 -15 -28 -13 33 41 -12 40 -33 -10 -4 -31 -8 42 -17 -43 -45 -18 49 48 -37 -27 -51 -30 53 59 55 -54 57 -57 -59 61 -61 -53
right_child=1 5 6 4 10 22 7 19 11 12 34 17 14 29 -16 25 45 -19 27 -21 -22 -23 -24 -25 -26 28 30 -29 51 39 -32 36 -34 -35 -36 47 -38 -39 -40 -41 -42 43 -44 44 -46 -47 -48 -49 -50 50 -52 52 54 -55 -56 56 -58 58 -60 60 -62 -63
leaf_value=-0.10421818540834782 0.058610338779136462 0.065129610910635419 -0.099077074981467506 0.034005697082585648 -0.029706092268005659 0.068232573750132072 -0.032014788570836894 0.0074825791135786817 0.052512880474984994 -0.093253652114277163 0.011537806663567638 0.021393551803167328 -0.074397969487915841 0.039611703925491432 -0.020240806914782587 0.0017328733768520812 -0.042349126496127383 -0.0014978076286329368 -0.0039346309701009073 -0.020240806914782587 -0.056188629246705035 0.052354118109411256 0.05872208355320762 -0.055325436913725545 -0.074397969487915841 -0.020240806914782587 -0.10113045168475406 -0.019170941038786502 0.029561406744985294 0.034169736527752535 -0.086328941655674493 0.043242639792866015 0.03492656813310515 -0.020240806914782587 -0.0027777927787079482 -0.020240806914782587 0.02218604636506491 0.041792201835698137 -0.075931156536718461 0.018906838673509927 -0.074397969487915841 0.041792201835698137 0.018129334861499105 -0.0121118257604942 0.020986239928850764 -0.062037625775866939 0.041792201835698137 -0.039631544546458758 -0.074397969487915841 -0.020240806914782587 0.041601726180673655 -0.0031812204381029153 -0.018164007450198017 0.03038518391505456 0.033281680006989771 -0.020240806914782587 0.037977830302170168 0.041792201835698137 0.0023295331288905414 -0.01310783249131893 0.034424126289515154 0.032723167125373383
leaf_weight=27473.534632757306 10271.892779037356 23563.709184855223 2654.8317080289125 12529.335872396827 20516.238526642323 78573.861568614841 678.91576699912548 4180.0079117566347 13728.499201849103 15982.98628026247 7235.5484361201525 25464.091928616166 25227.594529792666 10731.63588924706 1461.7991329580545 9538.5122172236443 3489.6621026098728 4034.518638163805 11705.517568171024 49324.714579313993 11522.231323421001 27705.496263638139 38060.484808832407 19037.977538213134 1080.530734822154 1890.7425057888031 13329.708430796862 19740.93554328382 2247.1165369749069 6842.5023519098759 17519.28435896337 7504.1556673049927 5143.1683244854212 372.33802573382854 73696.227195903659 206.8706661760807 4272.0346087813377 34718.057297453284 9280.7903654128313 13389.26980791986 1493.1430594325066 1955.0467155128717 20679.690442562103 1013.029068261385 22299.978245913982 10846.793239295483 217.11948604881763 44646.000326946378 944.48351544141769 350.75009569525719 523.90026904642582 2424.1202310323715 3568.378876850009 5586.4890195280313 945.00715462863445 686.29956117272377 1053.1218595802784 323.55835731327534 3246.6798369735479 4175.7908034920692 909.9775975048542 2509.2090320885181
leaf_count=109499 48971 114191 10703 57280 85168 383135 2867 18587 64001 63868 32134 117010 101788 49700 6256 42829 14630 17518 50426 211896 47946 131426 183131 76816 4436 8339 53512 84005 10112 31342 70646 34620 23961 1575 322531 864 19154 162534 37714 60308 6201 9075 93420 4613 100447 44470 1044 185493 3878 1588 2380 10867 15641 25329 4205 2998 4672 1417 14103 18792 4091 11187
internal_value=8.8331e-05 0.029531 -0.0605135 0.00759287 0.00251351 0.0532313 -0.0406807 -0.0347599 0.043388 -0.0865761 -0.00869285 0.0346891 -0.0741276 0.0367961 -0.0661254 0.0168073 -0.0680814 0.0227839 -0.0198989 -0.0202408 -0.0686905 0.0586103 0.0651296 -0.0461688 -0.0426137 0.014456 -0.0981421 -0.0134997 0.00752305 0.0294579 -0.0927277 0.0258888 0.0179402 0.0163756 -0.00149781 -0.0415053 0.0356065 0.0448312 -0.0810874 0.0240703 -0.0653491 0.0168942 0.0129539 0.0216058 0.0195476 -0.0572485 -0.0151165 -0.0403731 -0.069068 -0.0202408 0.013072 0.00996329 0.00823032 0.0141488 -0.00117273 -0.00484351 0.00411032 -0.00427589 0.00814352 0.00509357 -0.00459802 0.0150835
internal_weight=796326 535944 260382 278319 237084 257625 147865 121593 140991 112517 132894 89721.4 54194.6 41235.3 38211.6 104189 26272.1 41274.8 51962.7 53504.7 36749.8 51269.2 116634 68087.9 49049.9 91660 58322.5 31446.5 30658.3 30963.4 30849 37240.3 61001.8 55858.6 80931.8 47969.4 11776.2 48446.6 11935.6 20231.8 2172.06 55486.3 30218.2 25268.1 23313 14336.5 2982.51 45797.4 1151.35 2765.39 874.65 27675.7 25428.6 15605.6 9823.05 8878.04 5309.66 4256.54 3570.24 10019.1 5085.77 4933.33
internal_count=3533340 2461270 1072070 1234550 1044229 1226720 618555 511038 660454 453515 574264 414837 219858 190321 155990 469965 107517 188302 219599 230483 149734 245617 566266 280555 203739 412685 233657 134431 136765 141350 124158 170784 275920 251959 354665 199303 53774 226535 48417 91650 9068 250384 136249 114135 105060 59100 13351 190235 4742 12307 3968 123414 113302 70266 43036 38831 23190 18518 15520 44937 22883 22054
is_linear=0
shrinkage=0.05


Tree=5
num_leaves=63
num_cat=0
split_feature=0 0 0 1 9 0 1 1 8 1 9 0 8 1 9 1 9 0 1 9 1 1 9 9 1 1 9 1 9 8 8 8 9 11 8 1 11 9 8 8 8 8 8 9 9 9 11 9 9 8 8 8 9 11 9 9 1 8 8 12 9 8
split_gain=511130 104386 48552 15204.7 13771.2 11877.4 8457.5 7247.79 7212.91 5951.52 4083.2 2529.45 1856.67 1780.33 1538.27 1443.24 1206.88 1037.36 944.894 912.786 892.803 859.688 810.562 775.778 759.996 734.291 732.264 692.025 627.199 691.683 601.938 565.684 655.926 518.089 496.186 491.088 457.053 425.067 396.137 395.164 365.528 363.92 394.592 490.637 356.071 498.796 351.42 369.113 417.708 478.3 404.751 350.021 566.516 483.843 478.079 397.263 348.626 345.901 334.348 332.746 324.65 319.401
threshold=-1.0000000180025095e-35 1.0000000180025095e-35 -1.4999999999999998 780.50000000000011 0.32789349555969244 1.5000000000000002 540.50000000000011 1311.5000000000002 0.42959892749786383 1429.5000000000002 0.44970461726188665 -2.4999999999999996 0.56198832392692577 237.50000000000003 0.20990382134914401 1819.5000000000002 0.20509092509746554 -2.4999999999999996 2070.5000000000005 0.3879420012235642 630.50000000000011 152.50000000000003 0.30191217362880712 0.44099158048629766 1980.5000000000002 630.50000000000011 0.30441309511661535 930.50000000000011 0.39077325165271765 0.31539092957973486 0.42617776989936834 0.49985919892787939 0.26938365399837499 -0.18687283992767331 0.21525833755731585 1071.5000000000002 0.54921168088912975 0.31515826284885412 0.48112049698829656 0.44619597494602209 0.46553532779216772 0.4369830340147019 0.44254073500633245 0.32579620182514196 0.28810557723045355 0.29002763330936437 1.2345460057258608 0.38589408993721014 0.37714664638042456 0.38402423262596136 0.38245677947998052 0.40150643885135656 0.3504349440336228 -0.39941892027854914 0.36667506396770483 0.35600525140762335 1800.5000000000002 0.56885173916816723 0.38997472822666174 2.5000000000000004 0.2993187159299851 0.41391229629516607
decision_type=2 2 2 2 2 2 2 2 2 2 2 2 2 2 2 2 2 2 2 2 2 2 2 2 2 2 2 2 2 2 2 2 2 2 2 2 2 2 2 2 2 2 2 2 2 2 2 2 2 2 2 2 2 2 2 2 2 2 2 2 2 2
left_child=2 3 9 13 14 7 21 25 23 17 15 57 19 -2 -5 -6 -10 -1 -7 -13 -19 -4 31 30 -9 -3 38 -18 46 -30 35 36 33 -33 -12 59 44 -15 40 -22 -24 -28 -43 -44 -16 -46 47 48 51 50 -50 54 53 -53 55 -17 -36 -11 -51 -8 -23 -55
right_child=1 5 6 4 10 18 8 24 16 11 34 12 -14 37 22 28 27 20 -20 -21 39 60 26 -25 -26 -27 41 -29 29 -31 -32 32 -34 -35 56 -37 -38 -39 -40 -41 -42 42 43 -45 45 -47 -48 -49 49 58 -52 52 -54 61 -56 -57 -58 -59 -60 -61 -62 -63
leaf_value=-0.097889811246294159 0.058020125757733743 0.065291626233120001 -0.084535999187935279 0.032625715609369908 0.008051739262148274 0.065888037122183121 -0.029685445545931541 0.041085758164148813 0.0061120745517211882 -0.088779167980222423 -0.05045672583421023 -0.056691817777333925 -0.020179939995358886 0.041020445715064413 0.028189350599820695 0.02166549941948144 -0.03804032811546551 -0.094486331102776169 0.054289952341077696 -0.074267206623938306 -0.083724632957451015 -0.048362541199795758 0.0088587434463152422 -0.052357752219485479 0.032625715609369908 0.05248308556921108 0.029010150727304868 -0.020179939995358886 0.032625715609369908 -0.012666359013065388 -0.056691817777333925 0.031646681653014062 0.0013933813093535306 0.014257240594574647 -0.0064534982702033911 -0.037415120795486145 0.032625715609369908 0.026651986950479226 0.029514114375800843 -0.069242561644428977 -0.020179939995358886 -0.0071307704733455605 0.0089966183420636583 0.032625715609369908 -0.012831935235917177 0.018531126109388479 0.032625715609369908 0.011865689416453886 -0.0070043811887171631 -0.037415120795486145 0.032625715609369908 0.022583558699069372 -0.013103759315277786 0.016434032103646669 0.014313525424931563 -0.016511757532644344 -0.020179939995358886 -0.048701574105439599 -0.014773054083648651 -0.055885547656251068 -0.06606094993259741 -0.0045646940293734969
leaf_weight=31126.902491137385 9516.8469480872154 20320.717142507434 5887.4336735010147 12899.866742670536 23617.369712933898 91512.753931164742 1496.0340766906738 28501.71015971899 4364.303754851222 11926.305454850197 1985.8156151026487 19202.979380995035 1835.690550968051 8305.5693794488907 8432.2019063830376 876.39457207918167 6216.9605263620615 15615.793852388859 21776.297869771719 12039.620266720653 13493.675312578678 3431.4649838507175 1103.0773929059505 20210.059233441949 64633.907627642155 25001.065614655614 2360.8046941012144 45826.187696233392 352.90065410733223 29549.243451535702 2075.5100736320019 5150.8732720911503 8374.6244539469481 25437.69518956542 5569.3782637566328 41985.000991925597 3456.5373481363058 13566.976491436362 428.33973090350628 7305.0415470302105 1551.3128536343575 3492.6015346944332 21566.900802344084 1361.6010527163744 1438.0983797311783 10660.56703710556 530.98403641581535 3797.6218114644289 2569.6843651384115 1652.4721826165915 427.59598989784718 2143.1872333884239 13149.316174268723 2015.5962709337473 6189.786914601922 3050.4741157591343 21126.992763504386 567.99518483877182 2192.4663933813572 6465.9732968211174 10775.886013224721 17752.184235006571
leaf_count=123649 46526 101337 23621 59738 104913 458471 6049 134643 19431 47331 8038 78607 7833 39170 38351 3742 26141 62380 107107 47624 53644 14087 4998 80817 302254 121637 10734 196051 1507 126791 8492 23406 37752 115612 23470 173235 15927 62517 2042 29798 6773 15201 96728 6268 6581 49092 2374 16803 11056 7059 1876 9522 57130 8781 27177 13162 87382 2350 9628 26499 43510 77905
internal_value=7.31398e-05 0.0283357 -0.0570675 0.00719454 0.00301716 0.0516525 -0.0382912 0.041828 -0.0335784 -0.0817561 -0.00740817 -0.06779 -0.0605463 0.039967 0.0164268 -0.00289942 -0.0201799 -0.0911783 0.0636592 -0.0634668 -0.0854388 -0.0684581 0.0142225 -0.0440409 0.0338471 0.0582273 0.00772433 -0.0201799 -0.00589817 -0.0117511 -0.040809 0.0175117 0.013792 0.0171864 -0.0201799 -0.0395764 0.0235527 0.0321097 -0.0154324 -0.0786417 -0.0201799 0.010205 0.00852369 0.0109085 0.0203017 0.0148024 -0.00279205 -0.00318084 -0.00427951 -0.0157915 0.000865327 -0.00253567 -0.00489977 2.40203e-05 0.00565704 -0.00798805 -0.0201799 -0.0869613 -0.0201799 -0.050967 -0.06179 -0.00242286
internal_weight=791249 529400 261849 277654 246265 251746 148735 138457 128640 113114 138549 45572.6 33078.3 31389.4 107715 109867 56407.5 67541.4 113289 31242.6 36414.5 20094.8 94815.2 72232.6 93135.6 45321.8 31864.6 52043.1 86249.9 29902.1 52022.5 62950.6 38963.2 30588.6 28682.2 49947 23987.4 21872.5 3082.73 20798.7 2654.39 28781.9 26421.1 22928.5 20530.9 12098.7 56347.8 55816.8 52019.2 6842.22 2997.28 45176.9 35060.3 21911 10116.7 3926.87 26696.4 12494.3 3844.94 7962.01 14207.4 19767.8
internal_count=3532330 2461181 1071149 1235732 1087519 1225449 617933 659871 536715 453216 598316 183745 134064 148213 489203 479426 241623 269471 565578 126231 145822 81218 429465 295092 436897 222974 142744 222192 374513 128298 214275 286721 176770 139018 118890 205783 109951 101687 13813 83442 11771 128931 118197 102996 94024 55673 246215 243841 227038 29619 12932 197419 153338 96208 44081 16904 110852 49681 16687 32548 57597 86686
is_linear=0
shrinkage=0.05


Tree=6
num_leaves=63
num_cat=0
split_feature=0 0 0 1 9 0 1 1 8 1 9 8 0 1 8 9 9 1 9 9 1 8 1 9 9 1 9 1 1 0 9 8 8 11 9 11 1 9 0 1 8 8 1 8 9 9 8 9 9 9 8 8 8 8 11 12 8 9 8 0 1 8
split_gain=463353 97823.4 43627 14081.3 12550.7 11625.1 7721.25 6995.2 6194.37 5633.19 4441.67 3560.15 2990.12 2175.85 2015.46 1524.07 1467.68 1419.42 1033.09 1022.83 953.104 905.712 745.156 736.897 732.278 711.832 669.501 634.401 608.909 542.559 529.986 521.044 473.53 543.153 542.398 493.881 461.281 450.863 389.631 384.104 359.513 358.675 346.656 343.914 342.863 382.752 325.29 320.961 430.007 304.853 293.826 355.175 550.67 402.673 290.762 291.865 285.306 283.084 279.771 275.075 271.345 267.562
threshold=-1.0000000180025095e-35 1.0000000180025095e-35 -1.4999999999999998 921.50000000000011 0.32789349555969244 1.5000000000000002 780.50000000000011 1250.5000000000002 0.43059198558330541 1140.5000000000002 0.33949495851993566 0.30878235399723059 -2.4999999999999996 237.50000000000003 0.57808911800384533 0.20990382134914401 0.48604546487331396 329.50000000000006 0.20509092509746554 0.39077325165271765 1819.5000000000002 0.40346176922321325 2280.5000000000005 0.44099158048629766 0.30191217362880712 1608.5000000000002 0.30441309511661535 621.50000000000011 2430.5000000000005 -2.4999999999999996 0.30839414894580847 0.42397160828113561 0.49985919892787939 0.59266486763954174 0.26938365399837499 -0.18687283992767331 442.50000000000006 0.2993187159299851 2.5000000000000004 60.500000000000007 0.62146687507629406 0.48416106402873998 472.50000000000006 0.43212392926216131 0.38589408993721014 0.37714664638042456 0.42545528709888464 0.28810557723045355 0.29002763330936437 0.25309312343597418 0.21525833755731585 0.29949034750461584 0.28225387632846838 0.26263889670372015 0.63997343182563793 3.5000000000000004 0.47011877596378332 0.37513954937458044 0.50110575556755077 -3.4999999999999996 1758.5000000000002 0.44619597494602209
decision_type=2 2 2 2 2 2 2 2 2 2 2 2 2 2 2 2 2 2 2 2 2 2 2 2 2 2 2 2 2 2 2 2 2 2 2 2 2 2 2 2 2 2 2 2 2 2 2 2 2 2 2 2 2 2 2 2 2 2 2 2 2 2
left_child=2 3 9 13 15 7 17 27 23 29 49 50 40 -2 21 -5 22 39 -10 25 -7 -14 -12 31 32 -13 41 -3 -21 -1 -15 -8 33 47 35 -34 -31 58 -22 -4 59 -26 -32 46 45 57 -28 -17 -49 -9 -6 52 53 -52 -37 -56 -20 -27 -19 -11 -23 -38
right_child=1 5 6 4 11 20 8 10 18 12 16 19 14 30 -16 24 -18 37 56 28 38 60 -24 -25 26 44 43 -29 -30 36 42 -33 34 -35 -36 54 61 -39 -40 -41 -42 -43 -44 -45 -46 -47 -48 48 -50 -51 51 -53 -54 -55 55 -57 -58 -59 -60 -61 -62 -63
leaf_value=-0.094291449512738171 0.056691115847405465 0.064138570954123494 -0.089389855057828441 0.031974636742125577 -0.035925102704427926 0.065132559413449184 -0.035925102704427926 0.050266221579591264 0.0073596256444096123 -0.094806926383980084 0.031682412933501616 0.011828031527128831 -0.069437806488949316 0.038226317657432722 -0.017771565877324941 0.026772888915543532 -0.0040992179463190982 -0.017220519468630787 -0.024696409826159123 -0.0040992179463190982 0.051044722076688066 -0.063416065669704078 0.017876577129209724 -0.049045544731082379 -0.017771565877324941 -0.0025526370060696794 -0.014637826005250255 0.051775942129737462 -0.014665802989479261 -0.092485232268868595 0.033547859667173309 -0.054274329338130825 0.030570558257470466 0.042341129367204883 0.0016750880335865686 0.015821079648989246 -0.08378678769838982 -0.054782685129936649 0.063838245174265562 -0.067782371876310851 -0.017771565877324941 0.042957895178509925 0.018762423448975836 0.0083704290790895738 0.011543016624375867 -0.014050012014204895 0.042957895178509925 -0.011449789217072924 0.017493742639263062 0.042957895178509925 -0.018659808605689356 -0.035925102704427926 -0.007850967204177146 -0.035925102704427926 -0.0064057163793883433 0.021876620340985517 -0.017771565877324941 0.017876577129209724 -0.044789461892034213 -0.080667881809887293 -0.054274329338130825 -0.070846221159192646
leaf_weight=25959.052941724658 9251.657758012414 19271.434950962663 2655.2245199382305 12369.45348225534 1959.6434796750546 80408.903102949262 45354.611255541444 14302.580867677927 4088.811870098114 4772.5763692855835 18104.514065295458 10253.12742343545 19131.740203440189 9475.4036121666431 1571.5063864439726 8265.0267920792103 4242.1276388466358 1351.6540203690529 19460.697047412395 16545.301658898592 21310.940093845129 8151.4087868928909 21252.688452407718 18943.774320811033 2817.7564428895712 46769.641458585858 251.41024397313595 22584.189998745918 27679.568955779076 10747.076122015715 5901.5396299511194 3905.0546463727951 4958.8584872931242 2897.7548012435436 8247.101748496294 20296.365216434002 11707.526357769966 13124.882724300027 8291.2305985987186 9337.9360846281052 105.90575757622719 213.76618099212646 12095.567556723952 26930.071961343288 4090.0526090860367 7391.3480570614338 747.09643770754337 1461.1178669780493 10504.357667639852 36504.851033076644 5567.5834341496229 3862.3467876017094 5353.2108420431614 4264.0510720908642 3176.312585324049 1278.5710821896791 28611.133496463299 1645.4816754609346 2894.4493662565947 12782.249571919441 12209.795045226812 6148.8474377244711
leaf_count=103289 46392 99047 10621 57993 7857 416127 185849 69131 18251 18884 85932 45766 75671 45333 6642 37965 18697 5582 82423 71623 107489 33108 99171 75193 12512 204406 1151 112494 117739 42996 27779 15858 22772 13497 37177 92555 46369 53039 41858 37483 438 1057 55510 120852 18152 31913 3414 6639 48671 176476 22795 16112 22172 17363 14563 5865 122199 7272 12038 50853 49879 24945
internal_value=6.56723e-05 0.0272985 -0.0540647 0.00688714 0.00247155 0.0502167 -0.0363511 0.0404552 -0.0307424 -0.0774755 0.0329113 -0.00757421 -0.0667255 0.0357186 -0.0593232 0.0154965 0.021203 -0.0593392 -0.0177716 -0.00409922 0.062307 -0.0616216 0.024228 -0.0406619 0.0132818 -0.000344901 0.00701717 0.0574694 -0.0100542 -0.0890442 0.028654 -0.0374369 0.0164568 0.0220966 0.0130198 0.0161688 -0.0842789 -0.0501986 0.0546301 -0.0725732 -0.083933 -0.0152965 0.0236124 0.00943968 -0.00242883 -0.00345302 0.0382406 0.0191949 0.0139588 0.0429579 -0.0264932 -0.0242313 -0.0207567 -0.0277822 0.0132823 0.00171453 -0.0177716 -0.00183496 -0.0360196 -0.084517 -0.0542743 -0.0793349
internal_weight=785810 522794 263016 276521 239796 246273 149728 136262 120364 113288 94406.8 135381 58725.2 36724.2 41064.5 104415 43599.3 29364.1 52160.6 114375 110011 39492.9 39357.2 68203.4 92045.6 70149.7 30960.1 41855.6 44224.9 54562.5 27472.5 49259.7 61085.5 23128.3 37957.2 29710.1 28603.4 17371 29602.2 11993.2 17660.7 3031.52 17997.1 27928.6 59896.5 55806.5 998.507 20230.5 11965.5 50807.4 21006.8 19047.2 15184.8 9831.63 24751.2 4454.88 48071.8 48415.1 4246.1 17554.8 20361.2 17856.4
internal_count=3532899 2461289 1071610 1234867 1059853 1226422 618536 660948 499773 453074 449407 583170 235475 175014 165300 476683 203800 118763 222873 496871 565474 158658 185103 276900 418690 307509 138986 211541 189362 217599 128622 201707 279704 106772 172932 135755 114310 70659 149347 48104 70175 13569 83289 125417 261743 243591 4565 93275 55310 245607 86299 78442 62330 40158 112983 20428 204622 211678 17620 69737 82987 71314
is_linear=0
shrinkage=0.05


Tree=7
num_leaves=63
num_cat=0
split_feature=0 0 0 1 0 9 1 1 8 1 9 8 1 0 9 0 1 1 1 9 1 1 9 9 9 1 10 10 9 9 8 8 8 1 10 8 10 8 10 9 10 10 10 9 8 10 10 8 9 9 9 9 8 10 1 10 10 9 8 10 10 10
split_gain=418756 91937.7 40066.2 13041.8 11431.5 11412.5 6950.55 6847.05 5729.55 5387.48 3391.79 1846.16 1603.2 1560.11 1316.69 1300.9 1141.64 1103.87 958.428 906.23 859.656 857.549 857.501 701.77 675.251 666.749 636.688 634.144 582.661 581.052 567.487 787.971 566.333 546.957 470.472 457.768 439.402 432.365 473.899 439.653 424.75 404.21 372.897 362.438 343.872 515.845 859.113 465.53 389.334 659.944 488.888 374.584 529.717 574.916 334.532 332.689 787.974 484.556 879.644 497.376 402.52 506.802
threshold=-1.0000000180025095e-35 1.0000000180025095e-35 -1.4999999999999998 770.50000000000011 1.5000000000000002 0.32789349555969244 590.50000000000011 1280.5000000000002 0.42959892749786383 1639.5000000000002 0.44720508158206945 0.56662777066230785 214.50000000000003 -2.4999999999999996 0.21273195743560794 -2.4999999999999996 1789.5000000000002 840.50000000000011 1608.5000000000002 0.20509092509746554 268.50000000000006 1999.5000000000002 0.3879420012235642 0.30191217362880712 0.42303735017776495 561.50000000000011 0.21802223473787311 0.21534436941146853 0.41682600975036627 0.30441309511661535 0.32536515593528753 0.36279271543025976 0.41979065537452703 1639.5000000000002 0.22207798063755038 0.44619597494602209 0.24089600890874865 0.531040519475937 0.21554413437843326 0.27791078388690954 0.21592911332845691 0.21466173976659778 0.22273061424493792 0.30839414894580847 0.4369830340147019 0.23211316019296649 0.22703950107097629 0.45709051191806799 0.31515826284885412 0.32579620182514196 0.30915527045726782 0.31436760723590856 0.44729812443256384 0.23374658077955249 2808.5000000000005 0.23465987294912341 0.22944547981023791 0.25606970489025122 0.52730908989906322 0.22150158137083056 0.23443890362977984 0.23307678103446963
decision_type=2 2 2 2 2 2 2 2 2 2 2 2 2 2 2 2 2 2 2 2 2 2 2 2 2 2 2 2 2 2 2 2 2 2 2 2 2 2 2 2 2 2 2 2 2 2 2 2 2 2 2 2 2 2 2 2 2 2 2 2 2 2
left_child=2 3 9 12 7 14 20 25 24 15 16 13 -2 -11 -5 -1 41 -17 -6 -10 -4 -9 -15 26 32 -3 27 -16 -20 -25 -18 -32 34 -21 -8 -19 -12 39 -39 -29 -41 -7 -36 -14 -31 46 48 51 50 -50 -46 -47 53 -53 -44 56 57 58 -28 -60 61 -58
right_child=1 4 6 5 18 10 8 21 19 11 36 -13 43 22 23 17 30 35 28 33 -22 -23 -24 29 -26 -27 55 37 -30 44 31 -33 -34 -35 42 -37 -38 38 -40 40 -42 -43 54 -45 45 47 -48 -49 49 -51 -52 52 -54 -55 -56 -57 60 -59 59 -61 -62 -63
leaf_value=-0.088598688407534765 0.05585563834451273 0.063584446430863653 -0.071268096235287001 0.029738589368208793 0.064439965416392075 -0.017868759711321097 -0.047556326277740785 0.038799346468467499 0.0052524889532108961 -0.078768713081546371 -0.017868759711321097 -0.017868759711321097 0.039415841653054839 -0.047556326277740785 0.014494726410855391 -0.083520079568822708 0.024259906305735823 -0.072748296119427014 0.056802173335867581 -0.027216485856450846 -0.051360420469741541 0.029738589368208793 -0.066002283651019511 -0.013689148250266629 -0.045630832377561131 0.050692768684024864 -0.014707772810616582 -0.017868759711321097 0.038799346468467499 0.027655490104624432 -0.014707772810616582 -0.0030808435710010101 -0.047556326277740785 -0.017868759711321097 -0.014707772810616582 -0.057218361196292623 0.029738589368208793 -0.017868759711321097 0.029738589368208793 -0.017868759711321097 0.019275700188978184 0.0087574220390511225 -0.034806444369816524 0.025715311225699224 -0.0013212614850115715 -0.014707772810616582 0.028549892265911765 0.029738589368208793 -0.013262516560668448 0.029738589368208793 0.029633005759029843 -0.014707772810616582 0.029738589368208793 0.0080953084388614618 -0.022608327638970381 0.029738589368208793 -0.0013969555793621627 0.027916781418707015 0.001453245811134456 0.029738589368208793 -0.017868759711321097 0.029738589368208793
leaf_weight=34025.259265631437 8458.8758803904057 16756.807890281081 9851.1531787216663 13372.457572922111 70558.603371933103 675.14139224588871 4451.1195194870234 29396.127714693546 4237.5455002635717 8955.464158013463 29347.69954906404 1820.5763587355614 7404.7048347145319 16434.935115352273 24203.534405678511 20982.380482807755 1616.313627794385 13461.434675231576 31731.540087923408 17768.26986092329 12106.329249203205 62336.931178793311 10239.078790619969 3086.3712284564972 25889.734034895897 25096.231828629971 1159.231359526515 2499.2426016330719 4432.9830166101456 2305.2959980368614 18681.177568823099 66239.421782821417 6290.7609080970287 34135.45989407599 675.32272496819496 7371.8388256877661 683.00594502687454 118.57804943621159 1406.0159004926682 258.78919085860252 1694.1729826182127 22106.447973683476 27950.016678497195 13904.445704460144 2525.5780590325594 3708.8393358439207 5767.4827575981617 977.98246492445469 4338.3609352707863 919.01168236136436 2576.1036238223314 720.18527981638908 1049.0908619314432 3740.7926335185766 7045.5346493571997 5212.0806409418583 4410.0970795601606 15240.783571377397 1698.5746192336082 1403.5680582076311 374.22602908313274 1828.8181430846453
leaf_count=136179 43535 88823 39443 63372 377175 3035 18275 143467 18955 35551 120769 7708 36216 66523 111238 84096 6710 53461 165211 74685 48684 299151 40241 13785 102831 128318 5198 11260 22946 10654 79342 288747 25491 144873 2790 29918 2804 504 6365 1200 7649 98810 113624 65539 11394 16260 26615 4439 19561 4235 11687 3140 4739 16349 28732 25051 20315 70566 7975 6368 1592 8345
internal_value=4.4843e-05 0.0262386 -0.0512138 0.00653518 0.0488446 0.00275185 -0.034298 0.0390967 -0.0298535 -0.0736701 -0.0066683 -0.0581502 0.037792 -0.0607062 0.0150665 -0.0813329 -0.00245833 -0.0754189 0.0610457 -0.0178688 -0.0602948 0.03145 -0.0546392 0.0129616 -0.0391589 0.0558556 0.0160767 0.0108932 0.0544216 0.00691984 -0.00508001 -0.00563873 -0.0355479 -0.0178688 -0.0333382 -0.067256 -0.0178688 -0.00369129 0.0192818 -0.0115607 0.00769229 0.00750002 -0.0314189 0.0304777 0.00914203 0.00751971 0.0130852 -0.00128256 0.00447312 -0.0050752 0.0143119 -0.00476811 0.00360201 -0.00403608 -0.0323514 0.0210698 0.0186921 0.0237494 0.00884185 0.0236393 0.00377661 0.00778158
internal_weight=779714 516022 263692 275712 240309 245944 150401 133586 128444 113291 139349 37450.1 29768 35629.5 106595 75840.9 109319 41815.7 106723 56141.3 21957.5 91733.1 26674 93222.8 72302.5 41853 61507.7 30180.3 36164.5 31715.1 86536.9 84920.6 46412.8 51903.7 40122 20833.3 30030.7 5976.8 1524.59 4452.2 1952.96 22781.6 35670.9 21309.2 28628.7 26323.4 16126.5 10196.9 10359.1 5257.37 5101.68 9218.91 5510.07 4460.98 34995.6 31327.4 26115.3 19502.2 4261.37 3102.14 6613.14 6238.92
internal_count=3532514 2460454 1072060 1235363 1225091 1090073 618383 659759 530256 453677 600217 150023 145290 142315 489856 303654 476644 167475 565332 238513 88127 442618 106764 426484 291743 217141 283626 138216 188157 142858 374799 368089 188912 219558 163421 83379 123573 26978 6869 20109 8849 101845 145146 101755 129073 118419 73492 44927 46877 23796 23081 40488 24228 19489 142356 145410 120359 90107 19541 14343 30252 28660
is_linear=0
shrinkage=0.05


Tree=8
num_leaves=63
num_cat=0
split_feature=0 0 0 1 0 9 1 1 8 1 9 0 1 0 9 12 1 9 1 10 1 8 9 10 9 1 1 9 8 10 10 9 1 9 8 10 9 10 10 0 10 8 9 10 9 8 10 11 10 1 8 1 10 9 9 10 9 8 8 8 8 10
split_gain=379159 86522.3 37069.8 11994.6 11207.7 10290.1 6634.1 6427.73 5235.32 5136.46 3126.89 1478.79 1395.49 1355.02 1292.13 1251.1 1129.84 947.299 946.845 936.543 743.345 700.687 661.657 629.55 621.081 612.977 607.873 568.829 569.112 558.167 519.949 511.144 496.862 483.34 531.593 457.697 455.626 439.655 398.359 391.577 380.258 574.513 789.552 440.943 501.349 923.911 507.341 394.567 387.414 380.247 377.38 397.782 374.885 366.676 402.958 365.168 359.071 370.415 403.17 508.977 525.029 352.509
threshold=-1.0000000180025095e-35 1.0000000180025095e-35 -1.4999999999999998 712.50000000000011 1.5000000000000002 0.32789349555969244 1250.5000000000002 502.50000000000006 0.42959892749786383 1700.5000000000002 0.44334584474563604 -2.4999999999999996 184.50000000000003 -2.4999999999999996 0.20990382134914401 1.5000000000000002 770.50000000000011 0.20509092509746554 1770.5000000000002 0.23628672212362292 1938.5000000000002 0.28225387632846838 0.30191217362880712 0.23465987294912341 0.42303735017776495 621.50000000000011 80.500000000000014 0.30441309511661535 0.42617776989936834 0.23455427587032321 0.21239183843135837 0.30104812979698187 1011.5000000000001 0.37714664638042456 0.32325705885887152 0.22892133146524432 0.36743076145648962 0.21719129383563998 0.21770152449607852 2.5000000000000004 0.21802223473787311 0.51510196924209606 0.2767369151115418 0.22919906675815585 0.25606970489025122 0.52730908989906322 0.22150158137083056 -0.16721154004335401 0.19319908320903781 1080.5000000000002 0.21525833755731585 1770.5000000000002 0.23291677981615069 0.35746914148330694 0.33563746511936193 0.21592911332845691 0.30030274391174322 0.47209540009498602 0.48711356520652777 0.49880145490169531 0.5077456831932069 0.22627015411853793
decision_type=2 2 2 2 2 2 2 2 2 2 2 2 2 2 2 2 2 2 2 2 2 2 2 2 2 2 2 2 2 2 2 2 2 2 2 2 2 2 2 2 2 2 2 2 2 2 2 2 2 2 2 2 2 2 2 2 2 2 2 2 2 2
left_child=2 3 9 12 6 14 25 26 24 13 15 -11 -2 -1 -5 33 -15 -10 -6 50 -8 -21 23 29 28 -3 -4 52 38 40 -17 -18 -19 36 -35 -36 53 -38 -9 -20 41 42 -16 44 45 -42 47 -47 -43 -32 -12 -52 55 54 -7 -24 57 -45 -59 -60 -61 -55
right_child=1 4 7 5 18 10 20 8 17 11 19 -13 -14 16 22 30 31 32 39 21 -22 -23 27 -25 -26 -27 -28 -29 -30 -31 49 -33 -34 34 35 -37 37 -39 -40 -41 43 48 -44 56 -46 46 -48 -49 -50 -51 51 -53 -54 61 -56 -57 -58 58 59 60 -62 -63
leaf_value=-0.084846068795071047 0.054966766424138426 0.061752682634709635 -0.080059493571275037 0.029543642975182405 0.062897673947355057 -0.012857052189884902 0.037967106942685347 -0.048621285340961801 0.005227479945902766 -0.072555551736840668 -0.043379407400387003 -0.048621285340961801 0.03107342345946339 -0.080711212938969296 -0.019042529605675138 -0.019042529605675138 -0.051765848913660997 -0.031316564712612203 0.048690514057036165 -0.037266256882467493 0.029543642975182405 0.027922042208836456 0.02854931778765489 0.029543642975182405 -0.043379407400387003 0.049257983201937056 -0.05586967305918418 0.0088413179081939866 -0.048621285340961801 -0.019042529605675138 0.01679169256677486 -0.068573925771748645 -0.019042529605675138 0.029543642975182405 -0.0041743310780003881 -0.016715335873927196 -0.019042529605675138 0.013187550506191076 -0.031456933640588235 0.061475146086439128 -0.019042529605675138 -0.017298582602765393 0.0076419972744650984 0.029543642975182405 0.027164545539368857 0.029543642975182405 0.029543642975182405 -0.013473546353159518 0.016134489366753536 0.0037047499398293738 -0.0057492514619450034 -0.019042529605675138 0.014332221890340125 0.0047735379562398464 0.0020666647121718755 -0.019042529605675138 -0.019042529605675138 -0.0075976697412493063 0.029543642975182405 -0.019042529605675138 0.029277687368792139 -0.019042529605675138
leaf_weight=34478.095408603549 7169.4540008306503 18104.738480523229 3133.466220676899 12585.249924093485 74002.787442013621 6116.2186088562012 27343.120600402355 2045.5951119959354 4346.7030967772007 8521.3133762180805 2051.7955120354891 26674.54656727612 19699.439802393317 18860.264747098088 1584.3539284914732 677.88606280088425 6051.7757624536753 8246.6044562160969 21228.375108748674 183.61144483089447 64315.592873051763 1684.220780774951 438.07963919639587 5174.9766288995743 26684.842896923423 21530.556943297386 15359.189759016037 28721.22264970839 2150.3125396519899 244.85351920127869 6670.2352073639631 18130.211065679789 45275.310887500644 609.5584093183279 12210.029018700123 18003.70002527535 332.70454841852188 6318.3742373883724 43618.949783489108 8374.7309190183878 1192.577609449625 901.57625193893909 6870.4276749491692 1042.2604758143425 14747.535883158445 438.54818385839462 1401.9185933470726 1301.3564973622561 21793.930607140064 33044.69131706655 6003.30583961308 22544.019104450941 927.7756559997797 1772.2894893139601 17357.412620022893 1794.6623781472445 591.97547912597656 2695.7167915403843 1124.8604737073183 719.73479862511158 727.20423337817192 5256.6633571833372
leaf_count=139255 37874 99056 12609 60527 408435 26759 136058 8311 19428 34064 8181 106917 95895 76170 7033 3010 24618 34090 112678 745 312593 6981 2098 25166 105508 112443 61497 130057 8657 1061 30514 72250 191144 2517 52741 76941 1403 27733 176660 44772 5324 4316 31441 4882 69069 2148 6427 6045 100577 145163 25320 92367 4216 7689 75599 7768 2729 12383 5190 3301 3216 22764
internal_value=0.000117233 0.0252976 -0.0485688 0.00624733 0.0475776 0.00280743 0.0379781 -0.0323604 -0.0285024 -0.0702619 -0.00607341 -0.0544179 0.0379781 -0.0774546 0.0144943 -0.00193579 -0.071532 -0.0172195 0.0598728 -0.0172195 0.0304835 0.016529 0.0124885 0.0154763 -0.0372663 0.0549668 -0.0599726 0.00662577 -0.0338538 0.0139494 0.00503345 -0.0643699 -0.0190425 -0.00607702 -0.0107058 -0.0116475 -0.00223671 0.00961993 -0.0325105 0.0523092 0.0143874 0.0106613 -0.00046387 0.0188538 0.022771 0.00781927 0.0225557 0.000956668 0.0148057 0.00590311 -0.0190425 -0.0190425 -0.0135045 -0.00482228 -0.0018222 -0.0190425 0.0080219 0.0116739 0.0059124 0.0200709 -0.00268746 -0.0148396
internal_weight=773203 509626 263577 274726 234900 247858 131294 150861 132368 112716 140837 35195.9 26868.9 77520.3 107021 108370 43042.3 57868.6 103606 32467 91658.7 1867.83 94435.5 62553.8 74499.7 39635.3 18492.7 31881.7 47814.9 57378.8 40392.8 24182 53521.9 67977 30823.3 30213.7 37153.7 6651.08 45664.5 29603.1 57134 31150.3 8454.78 25983.7 19081.9 4334.4 3141.82 1739.9 22695.5 39714.9 30599.1 28547.3 3160.52 30502.6 23473.6 2232.74 6901.75 6309.78 5267.52 2571.8 1446.94 7028.95
internal_count=3532383 2461205 1071178 1235170 1226035 1101401 660150 617904 543798 453274 606427 140981 133769 312293 494974 472833 173038 244662 565885 133594 448651 7726 434447 290308 299136 211499 74106 144139 193628 265142 178687 96868 225234 294146 132199 129682 161947 29136 184971 157450 264081 143367 38474 120714 89013 19944 14620 8193 104893 175677 125868 117687 14082 132811 102358 9866 31701 28972 24090 11707 6517 30453
is_linear=0
shrinkage=0.05


Tree=9
num_leaves=63
num_cat=0
split_feature=0 0 0 1 0 9 1 1 1 8 9 0 1 8 9 8 9 1 1 9 9 9 1 10 0 8 10 1 8 8 9 9 1 9 1 1 8 1 8 1 9 10 8 10 8 12 8 10 8 10 10 1 10 9 8 8 8 8 9 1 8 8
split_gain=344176 81024.4 34499.3 11272.2 11137.1 9496.69 6472.01 5902.59 4893.94 4610.76 4250.6 2370.02 2328.17 2177.45 2014.72 1617.24 1352.71 1281.81 1014.27 823.873 975.49 773.321 717.292 659.701 641.154 584.848 570.888 547.398 545.391 498.728 482.311 475.908 445.332 434.681 415.724 415.279 412.913 377.316 371.933 361.182 353.152 343.837 342.508 334.582 388.853 468.408 379.448 337.738 484.372 340.293 389.208 329.286 311.465 481.964 310.469 282.238 279.202 278.62 329.044 276.215 275.364 273.693
threshold=-1.0000000180025095e-35 1.0000000180025095e-35 -1.4999999999999998 1040.5000000000002 1.5000000000000002 0.34949654340744024 1311.5000000000002 840.50000000000011 1215.5000000000002 0.43059198558330541 0.33949495851993566 -2.4999999999999996 339.50000000000006 0.30878235399723059 0.30191217362880712 0.45978543162345892 0.48604546487331396 276.50000000000006 2070.5000000000005 0.21470168977975848 0.20178101211786273 0.20990382134914401 630.50000000000011 0.23519582301378253 -2.4999999999999996 0.29661081731319433 0.23465987294912341 531.50000000000011 0.34756815433502203 0.473398968577385 0.39077325165271765 0.39077325165271765 1819.5000000000002 0.25309312343597418 142.50000000000003 2100.5000000000005 0.42793531715869909 1608.5000000000002 0.32915079593658453 2447.5000000000005 0.30441309511661535 0.23608218133449557 0.21525833755731585 0.21508511900901797 0.46077333390712744 1.5000000000000002 0.41564215719699865 0.2397129833698273 0.42959892749786383 0.23291677981615069 0.23665707558393481 2760.5000000000005 0.2283434867858887 0.29278907179832464 0.56416115164756786 0.49985919892787939 0.50110575556755077 0.42793531715869909 0.34029687941074377 1050.5000000000002 0.30652734637260443 0.48416106402873998
decision_type=2 2 2 2 2 2 2 2 2 2 2 2 2 2 2 2 2 2 2 2 2 2 2 2 2 2 2 2 2 2 2 2 2 2 2 2 2 2 2 2 2 2 2 2 2 2 2 2 2 2 2 2 2 2 2 2 2 2 2 2 2 2
left_child=2 3 8 12 6 14 22 17 24 25 33 54 34 42 21 -13 23 -4 59 -11 -17 -5 -3 32 -1 -9 -23 -26 -14 -19 -25 37 -12 -8 -2 52 51 -15 -32 -33 61 -35 -7 -42 45 46 -45 48 57 -50 -51 -27 -21 55 -10 -54 -31 58 -47 -6 -24 -16
right_child=1 4 7 5 18 13 10 9 11 19 16 15 28 31 40 20 -18 29 -20 35 -22 26 60 30 27 36 -28 -29 -30 56 38 39 -34 41 -36 -37 -38 -39 -40 -41 43 -43 -44 44 -46 47 -48 -49 49 50 -52 -53 53 -55 -56 -57 -58 -59 -60 -61 -62 -63
leaf_value=-0.083151587845199396 0.05871729172524192 0.060445371564674583 -0.064257230395192794 0.028374222370298942 0.063802245496558052 -0.04359415825019889 0.046840843298146057 -0.045331344999174683 -0.074436252756377025 0.0046678838517268907 0.028448477096520659 -0.056357695380861529 0.006989326010238839 0.010331184896000963 -0.0119629536396529 0.0046678838517268907 -0.0057417796529277811 -0.047191907013995685 0.048559925587601235 -0.017324263397655807 -0.038356968409552987 0.012816114684248238 0.030744405497437427 0.037679873488046134 -0.080498121820195556 -0.03362971785140724 0.030744405497437427 -0.066899622414594004 0.025496608344896039 -0.013192193073019071 0.041278377544289868 -0.0057417796529277811 0.012225628160884827 0.033776693204771849 0.040268199970232676 -0.0119629536396529 -0.056357695380861529 -0.0037836033173679704 0.0075629103584453116 -0.0119629536396529 -0.0119629536396529 0.046882585523805718 -0.021700569747860152 0.012225628160884827 0.012225628160884827 0.012225628160884827 -0.0013597806540942966 0.026238966567067153 0.012225628160884827 -0.0119629536396529 0.021324683634203624 -0.024639427341649076 -0.0119629536396529 -0.03781664468676818 -0.040816739719301082 -0.038356968409552987 -0.03750244713774914 -0.056357695380861529 -0.019003751999881399 0.057894650855289546 0.048560748016127572 0.033776693204771849
leaf_weight=26637.918289482594 5423.8350182920694 18011.858946025372 10292.895903170109 11688.795655891299 45288.588258713484 1974.6331197917461 13230.354614689946 9943.2464200109243 15061.787758782506 5151.8150463849306 5368.0970158725977 27826.812612384558 4805.698584228754 5425.3834638446569 2749.9026641994715 920.8646292090416 4074.5617729127407 16307.787241145968 19753.003353729844 14863.618224784732 10168.364846780896 53943.637672379613 1447.6428445130587 7450.6962933689356 12665.907237797976 42856.280820712447 4838.3399990200996 17964.321681708097 23214.136731654406 1745.6646163612604 1111.7199714630842 15681.517423227429 19964.146054953337 27740.569206848741 7020.3047886788845 24727.906914368272 1568.9869614988565 37147.654036700726 3090.6063106060028 27766.490120366216 2681.9380459487438 6116.3054219633341 18777.935662284493 2174.4103818535805 6000.7923219799995 383.4146743118763 28028.97834444046 3029.8873545378447 5985.536652520299 1751.5889674425125 982.47918173670769 13380.299350649118 1413.128202393651 5208.0376995652914 723.67995148897171 381.96100631356239 3660.7192950993776 235.26407878100872 1621.2522453516722 35476.206224858761 21349.841533467174 206.2945004850626
leaf_count=109142 29458 101744 41429 56849 258783 7796 67214 38641 60839 22815 26863 110703 21845 24273 12090 3865 18283 65236 107534 62591 41359 250163 7612 36760 51863 172362 23812 72390 111515 7161 5199 67613 96443 140752 36337 104171 6302 161493 14750 117117 12206 30589 76462 9537 27386 1663 124271 13616 27271 7834 4301 53951 5910 21631 2997 1547 15051 1048 7189 200318 114054 1043
internal_value=8.85529e-05 0.024337 -0.046206 0.00595706 0.0462464 0.00172788 0.0365209 -0.0306514 -0.0672519 -0.0255433 0.0288987 -0.0565538 0.0303168 -0.00924901 0.0110075 -0.0499225 0.0171401 -0.0497208 0.0587231 -0.0143048 -0.0337708 0.0166284 0.0529834 0.0201945 -0.0774694 -0.0341269 0.0142923 -0.0725252 0.0223228 -0.0428276 0.0300404 -0.00574178 0.0156644 0.0391516 0.0483134 -0.0164026 -0.0321989 -0.00198466 0.01649 -0.00942311 0.00391271 0.0361456 -0.0237858 0.00485451 0.00577418 0.00390258 0.000399175 0.0114659 0.00737973 0.0122256 -0.00543375 -0.0314911 -0.0214225 -0.0301169 -0.0728977 -0.00776929 -0.0296568 -0.013373 -0.00723247 0.0612081 0.0470854 -0.011963
internal_weight=766486 503014 263472 273540 229474 233076 128956 151502 111970 119495 88147.1 54701.5 40464 106774 126303 38916 41059.8 32007.1 100518 51746.5 11089.2 70470.8 40809.3 36985.3 57268.1 67748.8 58782 30630.2 28019.8 21714.2 11653 86021 25332.2 47087.2 12444.1 46594.7 57805.6 42573 4202.33 43448 55831.7 33856.9 20752.6 52875.5 50193.6 44192.8 30203.4 13989.4 10959.5 8719.6 2734.07 56236.6 21866.7 7003.13 15785.5 1795.09 5406.38 2239.93 2004.67 80764.8 22797.5 2956.2
internal_count=3533042 2461086 1071956 1234188 1226898 1035033 660263 618798 453158 489921 436853 219763 199155 454754 580279 155927 198298 128877 566635 218665 45224 330824 223410 180015 233395 271256 273975 124253 133360 87448 56709 370496 123306 238555 65795 195850 232615 185766 19949 184730 249455 171341 84258 236322 224116 196730 133808 62922 49306 39406 12135 226313 91679 29088 63836 7457 22212 9900 8852 459101 121666 13133
is_linear=0
shrinkage=0.05


Tree=10
num_leaves=63
num_cat=0
split_feature=0 0 0 0 1 9 1 1 1 8 9 0 8 1 9 1 1 9 9 1 0 1 8 9 1 10 8 1 1 9 8 8 10 9 8 11 0 9 10 1 8 10 10 8 9 8 10 8 10 10 8 10 9 9 9 10 9 10 10 10 10 8
split_gain=313531 76258.2 31634.8 11020 10465.2 8648.79 6270.14 5337.49 4783.28 4387.22 2667 2093.9 1505.32 1190.52 1120.49 1073.8 992.489 874.122 1016.12 742.295 738.069 608.995 605.728 576.455 563.104 542.497 543.779 533.974 528.746 485.371 475.887 474.192 461.451 440.363 445.681 438.137 431.488 409.041 499.758 396.621 343.25 508.153 799.176 422.608 340.887 529.717 547.257 338.299 506.13 386.234 359.985 333.861 322.617 574.109 499.66 317.961 317.684 316.33 370.265 482.607 554.319 382.539
threshold=-1.0000000180025095e-35 1.0000000180025095e-35 -1.4999999999999998 1.5000000000000002 682.50000000000011 0.32789349555969244 1320.5000000000002 472.50000000000006 1290.5000000000002 0.42959892749786383 0.44970461726188665 -2.4999999999999996 0.45320136845111852 206.50000000000003 0.20990382134914401 1608.5000000000002 1580.5000000000002 0.21470168977975848 0.20178101211786273 630.50000000000011 -2.4999999999999996 531.50000000000011 0.30878235399723059 0.30191217362880712 1410.5000000000002 0.21802223473787311 0.52096745371818554 90.500000000000014 1650.5000000000002 0.30441309511661535 0.31539092957973486 0.36279271543025976 0.21466173976659778 0.48981106281280523 0.42793531715869909 1.2632104754447939 2.5000000000000004 0.40835168957710272 0.24786309152841571 1580.5000000000002 0.4369830340147019 0.23211316019296649 0.22703950107097629 0.45709051191806799 0.31436760723590856 0.44729812443256384 0.23374658077955249 0.28225387632846838 0.23479837924242022 0.21738760173320773 0.31977939605712896 0.21770152449607852 0.31515826284885412 0.32579620182514196 0.30915527045726782 0.19875304400920871 0.31515826284885412 0.21927379071712497 0.23465987294912341 0.22919906675815585 0.2257240638136864 0.49595978856086737
decision_type=2 2 2 2 2 2 2 2 2 2 2 2 2 2 2 2 2 2 2 2 2 2 2 2 2 2 2 2 2 2 2 2 2 2 2 2 2 2 2 2 2 2 2 2 2 2 2 2 2 2 2 2 2 2 2 2 2 2 2 2 2 2
left_child=2 4 8 6 13 14 19 27 20 24 15 -10 -13 -2 -6 32 -5 -11 -14 -3 -1 -22 -18 25 -9 26 -16 -4 -19 -25 -17 37 -7 34 -26 -33 -24 38 -32 -8 -31 42 52 44 -43 46 -46 -12 49 50 -49 -39 54 -54 -42 -28 -15 -27 59 60 61 -59
right_child=1 3 7 16 5 10 39 9 11 17 47 12 18 56 23 30 22 28 -20 -21 21 -23 36 29 33 57 55 -29 -30 40 31 35 -34 -35 -36 -37 -38 51 -40 -41 41 43 -44 -45 45 -47 -48 48 -50 -51 -52 -53 53 -55 -56 -57 -58 58 -60 -61 -62 -63
leaf_value=-0.079966302395852007 0.05166578228209804 0.059440070562105457 -0.072261885275761648 0.06143930385162949 0.027564121996618868 -0.02443892230030208 0.03805838741580457 -0.040521757412470605 -0.069358361428114204 0.003037004096620775 -0.025570575623354342 -0.053592137147446872 0.003037004096620775 0.038194462691778772 0.003037004096620775 0.02774738397118336 0.02774738397118336 -0.02443892230030208 -0.036362178821243894 0.045708482456393001 -0.077487202678931111 -0.06337547819400044 0.048654684080940133 -0.012489268487602984 -0.028623791655025578 0.02774738397118336 0.003037004096620775 -0.050802381050135792 -0.015645714304128422 0.02668039610733244 -0.028623791655025578 -0.002840332738952114 0.010009923525243028 -0.043123042042284565 -0.053592137147446872 0.02774738397118336 0.061176895269325349 -0.028623791655025578 0.012438215916348236 0.02774738397118336 -0.002848351632741373 -0.015645714304128422 0.026899991681868487 0.02774738397118336 -0.015645714304128422 0.02774738397118336 0.0065647242934537752 0.010648373124854608 0.015032185874533225 -0.015645714304128422 -0.015645714304128422 -0.0057953004710905621 -0.012424305855903135 0.02774738397118336 0.02774738397118336 0.017159747375340966 0.024297963886282418 0.023582124112534054 0.02774738397118336 0.0037402130935349528 0.02774738397118336 0.0048726170664116662
leaf_weight=27613.913905635476 7318.5933663994074 17404.541587486863 3692.1764409840107 62985.247898817062 12279.389927521348 569.50035852193832 9332.6467960178852 22339.111657068133 14304.344868794084 5658.2046364396811 12337.559882998466 25341.588563680649 897.78351505100727 6605.6707370430231 9895.1611158102751 372.29736463725567 1767.8615669757128 19817.12502540648 10498.485815420747 22721.939538642764 12485.209721624851 19877.537358626723 22765.330387070775 3180.3559506833553 45740.547312900424 1969.4653056561947 3510.552877753973 13621.481514513493 33337.853293865919 2285.4448435008526 3212.4693110436201 68925.726053953171 19322.073376893997 6626.6817853152752 852.18016251921654 767.80783170461655 9893.271311879158 1165.9078942090273 765.88020475208759 77077.010768279433 2566.0694351196289 3740.8835719972849 5782.074305087328 976.92791254818439 714.02371406555176 1049.2599611133337 3746.5324241518974 2758.7115553021431 1359.3337457329035 11665.116278618574 1446.3591605126858 16812.07553768158 4405.6704571694136 927.40501450002193 2535.7533324658871 17515.083452895284 10925.385491371155 4628.3392825126648 5102.0868197232485 7118.0285195857286 5685.7433002889156 6667.9091480672359
leaf_count=114947 40880 101666 15065 372459 60540 2561 48044 88883 58463 24971 49652 101016 3782 33817 45265 1614 9772 82001 42622 124147 51840 80645 128270 14171 183461 9597 16418 54668 139978 10747 13502 299901 87846 25795 3384 3457 56571 4978 3191 385779 11665 16403 27120 4508 3112 4806 16496 11394 5590 48030 5966 70791 19893 4333 11706 81998 53593 22073 25454 32862 26765 31233
internal_value=7.6154e-05 0.0234463 -0.0440977 0.0450648 0.00568685 0.00258174 0.0353326 -0.0292536 -0.0643788 -0.0258865 -0.005515 -0.0531262 -0.0468042 0.0353326 0.0133599 -0.00188619 0.0577062 -0.0156457 -0.0317068 0.0516658 -0.0739541 -0.0688219 0.0508746 0.0115042 -0.0338574 0.0143111 0.0096181 -0.0553826 -0.0176345 0.00604211 -0.00416328 -0.0044305 0.00864772 -0.0310592 -0.0293426 -0.00241175 0.0524498 -0.010838 -0.0253437 0.0277474 0.00809386 0.00648659 0.0119906 -0.00224094 -0.00554738 0.00240669 -0.00527028 -0.0156457 -0.0147225 -0.0156457 -0.000166506 -0.00762675 0.00372742 -0.00487114 0.0127149 0.014366 0.029536 0.0189659 0.0172869 0.0146697 0.0192503 0.0125398
internal_weight=759265 496560 262704 223948 272613 247763 126536 151685 111019 134372 141481 51042.2 36737.9 24849.6 106282 111914 97411.7 58813.2 11396.3 40126.5 59976.7 32362.7 34426.5 94002.8 75558.5 62092.4 30920.8 17313.7 53155 31910.4 92022.2 91649.9 19891.6 53219.4 46592.7 69693.5 32658.6 21956.3 3978.35 86409.7 28730 26444.6 16217 10227.6 9250.7 5509.82 4460.56 29567.1 17229.5 15870.2 4205.07 17978 10434.9 5333.08 5101.82 21025.6 17531.1 31171.6 29202.1 24100 16982 11296.2
internal_count=3532157 2460636 1071521 1226708 1233928 1105638 659636 618206 453315 548473 608473 205883 147420 128290 497165 487841 567072 246950 46404 225813 247432 132485 194613 436625 301523 291665 143681 69733 221979 144960 397434 395820 90407 212640 186845 303358 184841 92462 16693 433823 130789 120042 74717 45325 40817 24414 19608 120632 70980 65390 17360 75769 47597 24226 23371 98416 87410 147984 138387 112933 80071 53306
is_linear=0
shrinkage=0.05


Tree=11
num_leaves=63
num_cat=0
split_feature=0 0 0 0 1 9 1 1 1 9 8 8 0 1 8 8 1 9 1 8 8 1 8 1 10 0 12 9 8 1 10 9 8 8 1 1 9 8 9 8 0 1 8 8 8 10 10 10 10 8 10 9 8 10 8 9 8 9 9 10 1 8
split_gain=283862 71749.3 30099.5 10916.9 9812.09 7698.29 6137.22 5003.62 4658.05 3945.08 3874.44 2306.39 2305.12 1967.89 1489.41 1167.74 1034.54 1005.53 805.927 744.382 642.475 639.707 632.879 547.428 544.112 521.263 510.064 500.026 470.581 464.726 456.684 435.523 435.197 481.178 434.306 433.652 425.857 379.052 700.115 588.568 361.01 346.313 327.513 327.134 310.89 309.651 300.743 291.113 432.154 582.575 443.071 342.578 660.818 785.081 318.262 538.762 290.16 288.748 309.478 287.323 287.122 285.377
threshold=-1.0000000180025095e-35 1.0000000180025095e-35 -1.4999999999999998 1.5000000000000002 990.50000000000011 0.32789349555969244 1350.5000000000002 540.50000000000011 1140.5000000000002 0.33949495851993566 0.42959892749786383 0.30878235399723059 -2.4999999999999996 307.50000000000006 0.56198832392692577 0.30438216030597692 1880.5000000000002 0.20990382134914401 691.50000000000011 0.38584102690219885 0.55624774098396312 174.50000000000003 0.36166779696941381 2238.5000000000005 0.23519582301378253 -2.4999999999999996 1.5000000000000002 0.30191217362880712 0.34756815433502203 1320.5000000000002 0.23465987294912341 0.25309312343597418 0.38402423262596136 0.42959892749786383 2087.5000000000005 390.50000000000006 0.39077325165271765 0.29079855978488928 0.38072577118873602 0.40032309293746954 2.5000000000000004 142.50000000000003 0.43212392926216131 0.62146687507629406 0.31799848377704626 0.22598334401845935 0.23318386822938922 0.23224429786205295 0.21802223473787311 0.51510196924209606 0.21927379071712497 0.25717833638191229 0.52730908989906322 0.22150158137083056 0.48214443027973181 0.29452873766422277 0.36279271543025976 0.29002763330936437 0.29452873766422277 0.21972625702619555 1819.5000000000002 0.60130232572555553
decision_type=2 2 2 2 2 2 2 2 2 2 2 2 2 2 2 2 2 2 2 2 2 2 2 2 2 2 2 2 2 2 2 2 2 2 2 2 2 2 2 2 2 2 2 2 2 2 2 2 2 2 2 2 2 2 2 2 2 2 2 2 2 2
left_child=2 4 8 6 13 17 18 21 25 31 29 -7 43 41 19 45 -5 -6 -3 -14 34 -4 -13 -21 60 -1 -24 30 -15 -9 47 -8 -28 38 -12 -27 -26 -31 39 -34 -18 -2 -29 -10 -38 -11 -41 48 49 57 -50 52 -52 -54 55 -53 -23 -19 -59 -56 -17 -16
right_child=1 3 7 16 5 11 9 10 12 15 20 22 14 28 61 24 40 27 -20 23 -22 56 26 -25 36 35 32 42 -30 37 -32 -33 33 -35 -36 -37 44 -39 -40 46 -42 -43 -44 -45 -46 -47 -48 -49 50 -51 51 54 53 -55 59 -57 -58 58 -60 -61 -62 -63
leaf_value=-0.078171479864617907 0.056571169247347279 0.057855587167817905 -0.064026742151707589 0.059743511381023601 0.025958855846607135 -0.021485285971264072 0.04448076600442203 -0.038449143718963227 -0.068386587847666311 0.00031468002999790712 -0.02134404372334783 -0.009424042485534136 -0.056579171746267615 0.0073778495064707288 -0.026952754909003847 0.026638752078149776 0.04448076600442203 -0.0034709776573566666 0.04362279046071367 -0.047940749592363385 -0.0034709776573566666 -0.056947647181133779 -0.0034709776573566666 -0.031599239715287462 0.034794120197774718 -0.077038399535558466 0.014002664634037024 0.033502304373370928 0.024853612581261234 -0.039964802261778606 0.027755312777789296 0.033502304373370928 0.014002664634037024 0.014002664634037024 -0.011811012338866125 -0.063676596974853575 0.04448076600442203 -0.027710173758275548 -0.027710173758275548 -0.014566019313795385 0.057867532055434594 0.038573371696256575 0.0040504933367148119 -0.014316398043692551 0.014002664634037024 -0.021485285971264072 0.0023211540050082965 -0.0034709776573566666 0.033502304373370928 0.012827930978999084 -0.011811012338866125 -0.0034709776573566666 -0.0034709776573566666 0.033502304373370928 -0.0034709776573566666 0.021443975014759184 -0.04046199235457059 0.033502304373370928 -0.0020418039028847531 0.02470914562399916 0.014002664634037024 -0.0034709776573566666
leaf_weight=24355.980157732964 5111.7577032148838 18513.930167451501 6297.7592339664698 69938.795293137431 11451.991102039814 21079.627655521035 12566.458604767919 18574.778016611934 16772.514835074544 4200.0999590307474 24572.395526170731 32006.868703991175 15769.363330841064 4664.5422809422016 1337.0701408535242 4495.7588247805834 17698.022058233619 5597.955505490303 21548.237423911691 15252.891994699836 9771.7125737071037 3626.8691269308329 53443.707485467196 7677.3090387731791 7098.0501741915941 9120.99498295784 7037.2446991503239 955.21364414691925 22145.659118235111 7263.6125736534595 4760.3163119256496 32267.929447889328 3880.1006734073162 4799.3749038428068 23263.342783302069 18396.172504663467 421.87410719692707 48359.729189649224 1358.8273165076971 5357.9168153554201 6477.5041072070599 5629.9597197175026 29256.111034378409 107.23763710260391 3396.6813525855541 1268.8426089882851 5189.1935659497976 2860.0569341927767 1849.1223127543926 21238.987541288137 1495.8357829302549 1306.4388525635004 1101.7660909295082 1385.1651391088963 438.99182312190533 2915.8101710379124 10205.132168710232 1049.1695846915245 1333.4494661390781 11204.940829962492 18591.782694756985 1038.8370152711868
leaf_count=103336 29448 111381 25837 427079 57109 85059 66167 73767 69652 19301 101838 134563 62706 21481 5466 23080 101222 25110 119941 61958 42147 14359 231946 30919 36035 38525 30911 4545 109022 28156 24027 168223 17203 21729 97484 75775 2045 193598 5989 23565 37902 30619 132705 454 16425 5985 22995 13206 9111 99463 6737 6049 5144 6443 2090 13959 41123 4973 6378 53117 91432 4326
internal_value=3.45888e-05 0.0224762 -0.0420076 0.0438119 0.00533229 0.00153016 0.0340888 -0.027592 -0.0619495 0.0264317 -0.0240457 -0.00630173 -0.0522056 0.0290599 -0.0458108 0.014904 0.0566601 0.0120157 0.0502015 -0.0482135 -0.0143164 -0.0508102 -0.00347098 -0.0424581 0.0183529 -0.0728346 -0.00112048 0.0102162 0.0218135 -0.0315992 0.0129124 0.0365803 0.00442687 0.000739914 -0.0167083 -0.0681082 0.027551 -0.0293111 -0.00347836 -7.2449e-05 0.0477379 0.0471426 0.00499184 -0.0677631 0.0140816 -0.00653902 -0.00625807 0.0115981 0.0124703 0.00850037 0.0178157 0.0154787 0.00236729 0.0195891 0.0187696 0.00700751 -0.0447885 -0.00301688 0.0139515 0.0230337 0.0140027 -0.0143164
internal_weight=752154 490390 261764 218484 271906 234354 124370 151935 109828 84307.5 131806 134153 57955.2 37551.9 41075.5 39473.1 94114.3 100201 40062.2 38699.6 57607.5 20129.8 113073 22930.2 34004.1 51873.1 81066.4 88749.3 26810.2 74198.1 58538 44834.4 27622.7 20585.4 47835.7 27517.2 10916.6 55623.3 15786 14427.2 24175.5 10741.7 30211.3 16879.8 3818.56 5468.94 10547.1 53777.7 50917.6 29219.6 21698.1 19848.9 3982.77 2486.93 15866.2 4222.25 13832 7980.57 2382.62 11643.9 23087.5 2375.91
internal_count=3532340 2460914 1071426 1226218 1234696 1044126 660015 618309 453117 428693 536990 573960 235481 190570 165375 194303 566203 470166 231322 155583 241469 81319 488901 92877 169017 217636 354338 413057 130503 295521 275807 234390 122392 91481 199322 114300 54505 221754 69752 63763 139124 60067 137250 70106 18470 25286 46560 251780 238574 135924 102650 93539 18324 11587 75215 20008 55482 36461 11351 55207 114512 9792
is_linear=0
shrinkage=0.05


Tree=12
num_leaves=63
num_cat=0
split_feature=0 0 0 0 1 9 1 1 1 8 0 8 9 8 1 1 1 1 1 8 1 8 1 9 9 10 0 8 8 8 9 12 8 10 10 1 10 1 10 10 9 10 10 8 8 8 10 8 8 8 12 10 8 10 8 9 1 8 9 9 10 8
split_gain=259240 67599 27930.6 10638.5 9013.76 7200.37 5792.27 4704.44 4494.69 3491.6 2342.05 1668.68 1479.82 1409.49 1269.79 1038.47 1029.74 960.943 849.595 744.87 654.695 570.794 558.468 546.141 533.173 527.83 444.442 430.679 390.999 374.739 395.651 402.565 420.732 469.991 390.941 356.185 351.474 341.009 342.963 513.269 335.948 328.738 657.68 431.185 391.494 327.382 321.28 316 319.443 444.262 363.47 356.182 385.895 314.005 313.266 313.226 304.85 302.54 354.196 294.198 289.696 287.819
threshold=-1.0000000180025095e-35 1.0000000180025095e-35 -1.4999999999999998 1.5000000000000002 721.50000000000011 0.34949654340744024 1250.5000000000002 780.50000000000011 1071.5000000000002 0.43059198558330541 -2.4999999999999996 0.30878235399723059 0.30191217362880712 0.57808911800384533 214.50000000000003 2010.5000000000002 1880.5000000000002 307.50000000000006 2360.5000000000005 0.39199665188789373 561.50000000000011 0.41391229629516607 2209.5000000000005 0.21470168977975848 0.21273195743560794 0.21802223473787311 -2.4999999999999996 0.29661081731319433 0.52096745371818554 0.42320542037487036 0.30441309511661535 1.5000000000000002 0.46077333390712744 0.21216849982738498 0.22417488694190982 390.50000000000006 0.22820222377777102 2700.5000000000005 0.23443890362977984 0.23880538344383243 0.2993187159299851 0.23665707558393481 0.23291677981615069 0.45807589590549475 0.42959892749786383 0.63663336634635936 0.21239183843135837 0.36166779696941381 0.38402423262596136 0.38338065147399908 1.5000000000000002 0.24915748089551928 0.38795933127403265 0.22067216038703921 0.47552274167537695 0.40693396329879766 60.500000000000007 0.42793531715869909 0.32947815954685217 0.31436760723590856 0.21508511900901797 0.21525833755731585
decision_type=2 2 2 2 2 2 2 2 2 2 2 2 2 2 2 2 2 2 2 2 2 2 2 2 2 2 2 2 2 2 2 2 2 2 2 2 2 2 2 2 2 2 2 2 2 2 2 2 2 2 2 2 2 2 2 2 2 2 2 2 2 2
left_child=2 4 8 6 14 12 20 17 26 27 45 61 24 19 -2 46 -5 56 -8 -12 -3 -14 -21 -11 -6 28 -1 -9 -26 38 -31 32 34 -34 -32 -28 -36 -29 -23 -40 -19 42 43 44 -33 -10 -13 -17 49 50 -49 52 -50 60 -35 -52 -4 -38 59 -59 -45 -7
right_child=1 3 7 16 5 11 18 9 10 23 13 15 21 -15 -16 47 -18 40 -20 22 -22 29 -24 -25 25 -27 35 37 -30 30 31 41 33 54 36 -37 57 -39 39 -41 -42 -43 -44 53 -46 -47 -48 48 51 -51 55 -53 -54 -55 -56 -57 -58 58 -60 -61 -62 -63
leaf_value=-0.076113492659722864 0.050153591142124088 0.058469624600190222 -0.070971609025152246 0.058834883289204179 0.021187414131438109 -0.037047492842855981 0.031082351683031934 -0.038960992036925941 -0.066301364453348929 0.0037412332578206 -0.053931121453113941 -0.012382770494405986 0.021187414131438109 -0.012382770494405986 0.026225422198875022 -0.011804355378904435 0.046675942416117853 -0.02528678021018832 0.021187414131438109 -0.045796128643158768 0.044585921507495047 -0.021295411730868487 -0.029553662287141066 -0.012382770494405986 0.0037412332578206 0.017430796402001396 -0.074464546822049185 -0.029553662287141066 0.012514797174436662 -0.012382770494405986 -0.012382770494405986 -0.015835722658890588 -0.012382770494405986 0.021187414131438109 0.015718379580576713 -0.062038105051267195 0.01518873085817235 -0.021295411730868487 0.017865554975907045 -0.015128619250034198 -0.041061711905160093 0.021187414131438109 -0.012382770494405986 -0.011681141924407277 0.021187414131438109 -0.012382770494405986 0.0058063232634918433 -0.0052828412041543505 -0.021295411730868487 0.021187414131438109 0.020248797034255094 0.021187414131438109 -0.0066273632228421924 -0.012382770494405986 -0.012382770494405986 -0.012382770494405986 -0.051294829051792695 -0.010728673401640685 -0.012382770494405986 0.0067398223971225149 0.021187414131438109 -0.017525146003425997
leaf_weight=22532.929638534784 7383.8310905694962 14194.502418592572 2557.5833760350943 67459.675178967416 12729.789562061429 2083.6712623387575 43588.632717892528 10087.760475888848 17742.492891505361 5251.2792072594166 17461.046463310719 411.59515829384327 2683.8649622946978 1678.6254045069218 18304.475938364863 24646.706819266081 23508.777422383428 4483.2670638412237 43212.199362263083 15687.919728294015 21210.823690772057 1098.3278807103634 7999.0407931953669 47910.400847792625 9851.7847937494516 30393.144861266017 8970.1482371687889 44177.100464433432 19927.278093889356 3140.7510697841644 4546.5175382494926 714.69468635320663 638.62030230462551 4435.8809548169374 4035.0854222178459 16368.879897922277 2525.7870975732803 15243.397527694702 1947.3849976211786 2982.9264875799417 13734.33307339251 3039.5893442630768 2629.342679515481 730.24204474687576 6600.6906914114952 100.55436074733734 24121.750217407942 11564.441236108541 2749.1579433381557 716.67122755944729 2770.9164781272411 464.16960670053959 23555.348033845425 1794.4120944142342 329.79861390590668 366.11979094147682 8685.9335377961397 3582.6458739191294 3082.5126774311066 7360.45297524333 954.5812271386385 20119.320779621601
leaf_count=97597 43558 88861 10728 426844 63990 8187 228375 39100 74972 23280 70086 1776 11798 6945 93013 102513 138959 18272 220190 63954 122853 4874 32247 199465 45138 146374 38634 176330 94255 13951 20132 3167 2968 20478 17974 68313 11018 61024 8560 13112 54915 13912 11824 3350 30604 431 107162 49700 11880 3206 12067 1946 102179 8282 1491 1600 35363 15905 13471 33445 4410 81423
internal_value=3.85985e-05 0.0216819 -0.0401629 0.0427468 0.00511256 0.00216176 0.0331093 -0.026338 -0.0595393 -0.0220288 -0.0504993 -0.00706455 0.0101146 -0.044156 0.0331093 -0.00407674 0.0556932 -0.0442796 0.0261566 -0.0460927 0.0501536 0.00421692 -0.0403126 -0.0123828 0.0148756 0.0127954 -0.0709947 -0.029406 0.00806399 0.00309956 0.00451569 0.00566403 0.00226621 0.0149212 -0.000455463 -0.0664399 0.00248861 -0.0277832 -0.00867746 -0.00209553 -0.0371812 0.0119659 0.00832118 0.0137968 0.0206877 -0.0657209 0.00472129 -0.00730636 -0.00467829 0.0010546 -0.00118803 -0.00798022 -0.00880642 -0.000693497 0.0206614 0.013904 -0.0557767 -0.000737446 -0.00360637 0.00102038 0.0149636 -0.0193588
internal_weight=744862 484189 260673 213175 271014 245326 122206 152131 108542 122670 60669.7 113570 131756 42826.6 25688.3 91366.9 90968.5 29461.1 86800.8 41148 35405.3 58854.1 23687 53161.7 72902 60172.2 47872 69508.3 29779.1 56170.2 50141.6 47000.9 30537.3 5404.3 25133 25339 20586.5 59420.5 6028.64 4930.31 18217.6 16463.6 13424 10794.6 7315.39 17843 24533.3 66833.5 42186.8 15418.1 14701.5 26768.7 26304.5 3479.24 4765.68 3137.04 11243.5 16551.4 14025.6 10943.1 1684.82 22203
internal_count=3532431 2460775 1071656 1226082 1234693 1098122 660279 618477 453179 499199 248635 483639 614483 173232 136571 394029 565803 119278 448565 166287 211714 264726 96201 222745 349757 285767 204544 276454 139393 252928 226382 212431 136882 24937 111945 106947 91813 237354 26546 21672 73187 75549 61637 49813 33771 75403 108938 285091 182578 66573 63367 116005 114059 16042 21969 13667 46091 73839 62821 49350 7760 89610
is_linear=0
shrinkage=0.05


Tree=13
num_leaves=63
num_cat=0
split_feature=0 0 0 0 2 9 2 2 2 9 8 0 8 9 8 8 2 9 9 0 9 0 6 9 10 8 8 12 9 9 2 9 8 8 8 10 10 9 9 10 11 10 10 9 8 8 10 10 9 10 10 9 9 10 10 8 8 9 9 12 10 10
split_gain=234716 63560.7 26558.2 10523.1 7849.43 6293.59 5823.73 4456.72 3847.51 3950.21 2660.15 2032.42 1939.08 1277.13 1206.78 1083.4 969.787 921.198 706.318 686.979 629.887 602.928 648.366 582.575 556.166 502.093 479.573 399.327 397.146 388.678 400.334 373.601 369.443 367.801 456.957 378.007 349.449 710.603 345.203 458.069 388.125 335.111 335.434 333.101 375.649 535.34 407.633 736.975 440.345 401.111 414.789 383.785 349.879 324.625 320.262 348.927 319.05 332.606 314.818 321.703 280.954 276.536
threshold=-1.0000000180025095e-35 1.0000000180025095e-35 -1.4999999999999998 1.5000000000000002 2.5000000000000004 0.32789349555969244 2.5000000000000004 2.5000000000000004 2.5000000000000004 0.33949495851993566 0.42959892749786383 -2.4999999999999996 0.30878235399723059 0.29452873766422277 0.30438216030597692 0.473398968577385 2.5000000000000004 0.21273195743560794 0.3879420012235642 2.5000000000000004 0.19804758578538897 -2.4999999999999996 1.0000000180025095e-35 0.41682600975036627 0.23519582301378253 0.36166779696941381 0.60130232572555553 1.5000000000000002 0.25309312343597418 0.44720508158206945 1.5000000000000002 0.39077325165271765 0.38584102690219885 0.38402423262596136 0.42959892749786383 0.2283434867858887 0.23608218133449557 0.43506775796413427 0.48981106281280523 0.2341650724411011 -0.55323731899261464 0.23608218133449557 0.23648047447204593 0.30030274391174322 0.46553532779216772 0.46077333390712744 0.22627015411853793 0.22944547981023791 0.31436760723590856 0.22401636093854907 0.22179302573204043 0.32579620182514196 0.29744088649749761 0.22598334401845935 0.2134855389595032 0.32167787849903112 0.4369830340147019 0.30284313857555395 0.32364235818386083 1.5000000000000002 0.2472183629870415 0.21802223473787311
decision_type=2 2 2 2 2 2 2 2 2 2 2 2 2 2 2 2 2 2 2 2 2 2 2 2 2 2 2 2 2 2 2 2 2 2 2 2 2 2 2 2 2 2 2 2 2 2 2 2 2 2 2 2 2 2 2 2 2 2 2 2 2 2
left_child=2 4 7 6 5 17 9 11 10 28 38 -1 -7 26 53 22 19 -2 -6 23 -12 -9 -10 -5 -16 36 -13 -27 -3 30 -15 -26 -20 -29 35 40 39 42 -4 54 -35 -30 -38 52 45 46 51 48 -48 50 -46 -45 61 -11 55 -14 58 -58 -49 -60 -44 -19
right_child=1 3 8 16 18 12 -8 21 15 14 20 13 25 29 24 -17 -18 43 32 -21 -22 -23 -24 -25 31 27 -28 33 41 -31 -32 -33 -34 34 -36 -37 37 -39 -40 -41 -42 -43 60 44 49 -47 47 56 -50 -51 -52 -53 -54 -55 -56 -57 57 -59 59 -61 -62 -63
leaf_value=-0.062739160011689873 0.023967293193195488 0.042687772012705655 -0.025116127368499819 0.047750737574295037 0.027455835026018106 -0.020416614561921828 0.049994810481600399 -0.073492828227621501 -0.062752546666615783 -0.00022380840795736703 0.012120830428686656 -0.029826402523544789 0.013110290968263071 -0.032278681095527083 0.013110290968263071 -0.023566843887173186 0.059940228553538866 0.0068456902329975949 0.015035245176719725 0.058293856901186103 -0.012027356573898614 -0.062752546666615783 -0.039107489691783369 0.026841587553505686 0.033242111737983554 -0.0038932781910792739 -0.012027356573898614 0.013110290968263071 0.030021029101821906 -0.056726478690547172 -0.046889632252482834 0.014217971803709449 -0.023566843887173186 0.013110290968263071 0.013110290968263071 0.0017821833316689296 0.014217971803709449 0.013110290968263071 -0.036741661048909205 -0.025116127368499819 -0.022740858657027421 0.043052748533598917 -0.01591600585024687 -0.012027356573898614 -0.0020820358825746703 0.026349302129919528 -0.012027356573898614 0.030021029101821906 0.030021029101821906 -0.012027356573898614 0.030021029101821906 0.026460051662511822 0.029532444146468398 -0.020416614561921828 -0.0080383071679314133 -0.025116127368499819 0.030021029101821906 -0.001010184090924814 -0.012027356573898614 0.030021029101821906 0.011764935788906564 0.014240774790672345
leaf_weight=15297.870386108756 11508.514379620552 12928.766104966402 51589.286724478006 25263.707358188927 33123.423106580973 20346.959608018398 32624.533772461116 24309.09292922914 2783.6488339155912 4420.1025838106871 2879.6213022619486 7236.9707171171904 242.09321518242359 6386.1710417717695 24057.1354239434 11753.573194786906 44279.341024063528 26574.449575990438 12971.030512779951 14590.839364387095 43219.026421323419 28438.932773068547 32528.760655224323 3842.4681997150183 7338.3287380635738 53285.758918970823 1006.776025801897 6312.1456750482321 27473.78695859015 6606.1302755326033 17747.027128815651 3983.9013750553131 227.13565994799137 651.51878677308559 4219.9800555557013 9509.2937571704388 341.51197589933872 1355.9189516752958 7293.1836450248957 1846.1653364151716 3872.0953864753246 6020.9410446733236 5754.0830779522657 2321.072140276432 4651.5817310959101 3367.1500877141953 246.85993535816669 860.55440255999565 1894.0320976525545 2238.553370937705 873.34976875782013 646.9700068384409 2497.3318188339472 1327.5010063797235 19068.939745083451 969.61329860985279 327.04657749831676 11786.718676954508 845.48879854381084 328.45868843793869 1089.5861305892467 24117.3260563761
leaf_count=65491 58380 70802 205681 157418 170861 81539 201434 107756 11729 20717 13016 29463 964 25737 122472 48628 291767 124444 63107 93228 180007 121499 130526 23512 38504 230791 4187 27857 148368 26381 72442 19769 1161 2864 19227 42043 1415 5710 28375 7762 16861 32257 24061 10316 21467 15760 1145 4171 9070 9977 4046 3031 12356 6326 79686 4026 1638 52818 4019 1569 4548 116444
internal_value=5.93423e-05 0.0208165 -0.0382718 0.0415832 0.00482281 0.00094749 0.0319637 -0.0573525 -0.0248403 0.0252442 -0.0195143 -0.0472927 -0.00625247 -0.0412297 0.0139599 -0.0367191 0.0547227 0.0107053 0.0235584 0.0494345 -0.0105187 -0.0677035 -0.041096 0.0449914 0.017412 -0.00359657 -0.0265567 -0.0014619 0.0352406 -0.0459711 -0.0430248 0.02655 0.0137757 0.00381211 0.000197709 -0.00416068 -0.00901521 -0.00041424 -0.0265567 -0.0120274 -0.0120274 0.0323648 -0.00844571 0.00887884 0.00470247 0.00795888 0.00474209 0.00784771 0.030021 -0.00478718 0.00394604 -0.0120274 0.0112647 -0.00728873 -0.00979557 -0.0251161 0.00363305 0.000555285 0.0219493 0.00203004 -0.0115078 0.0103642
internal_weight=737500 478424 259076 208151 270273 223951 120175 107029 152047 87550.5 104981 54280.9 128866 38983.1 41127 47066 87976.4 95085.5 46321.6 43697 46098.6 52748 35312.4 29106.2 35379.4 108519 8243.75 77850.8 46423.5 30739.3 24133.2 11322.2 13198.2 24565 18252.9 14032.9 30667.9 8541.1 58882.5 22126.8 4523.61 33494.7 7185.18 83576.9 30387.8 22624.4 19257.2 16289.2 2140.89 7763.48 5524.93 2968.04 53189.1 5747.6 20280.6 1211.71 14148.3 12113.8 2034.5 1173.95 6843.67 50691.8
internal_count=3532626 2461708 1070918 1226574 1235134 1000005 660649 452956 617962 459215 427079 223701 549354 158210 207788 190883 565925 450651 235129 274158 193023 229255 142255 180930 180745 467815 33650 339643 251427 124560 98179 58273 64268 108852 80995 61768 128172 35734 234056 92438 19725 180625 30024 392271 139027 103537 87777 74430 10215 35490 25513 13347 253244 27043 84676 4990 64215 54456 9759 5588 28609 240888
is_linear=0
shrinkage=0.05


Tree=14
num_leaves=63
num_cat=0
split_feature=0 0 0 0 1 9 1 1 1 8 0 1 9 8 8 1 1 1 0 1 1 1 9 1 10 9 8 9 10 10 8 8 12 8 10 8 8 10 9 10 10 8 1 8 10 9 11 8 9 10 11 0 8 9 8 11 10 9 10 10 8 1
split_gain=213483 59384.5 24737.1 10539.5 7745.35 6031.07 5657.19 4509.13 4099.78 2848.46 1815.56 1389.04 1291.99 1199.98 1129.73 1081.83 891.649 845.644 800.541 728.116 691.543 656.867 654.486 506.207 497.756 483.641 476.069 548.431 427.333 540.457 387.407 383.804 404.14 397.347 370.21 368.733 363.756 345.559 415.278 325.452 324.583 308.71 308.385 305.535 351.22 329.013 342.669 303.987 287.391 340.323 281.818 280.107 267.29 380.146 270.462 264.802 264.349 259.131 258.771 528.332 258.004 251.411
threshold=-1.0000000180025095e-35 1.0000000180025095e-35 -1.4999999999999998 1.5000000000000002 590.50000000000011 0.3504349440336228 1260.5000000000002 1320.5000000000002 472.50000000000006 0.42959892749786383 -2.4999999999999996 2370.5000000000005 0.30191217362880712 0.45978543162345892 0.30878235399723059 2070.5000000000005 174.50000000000003 2209.5000000000005 -2.4999999999999996 2100.5000000000005 590.50000000000011 531.50000000000011 0.19804758578538897 90.500000000000014 0.23608218133449557 0.21470168977975848 0.42793531715869909 0.42126683890819555 0.21802223473787311 0.21534436941146853 0.41391229629516607 0.42320542037487036 1.5000000000000002 0.46632041037082678 0.21770152449607852 0.541222244501114 0.44619597494602209 0.23224429786205295 0.34813758730888372 0.19319908320903781 0.21323179453611377 0.56198832392692577 1050.5000000000002 0.41798743605613714 0.23443890362977984 0.33654683828353887 0.33244296908378607 0.56416115164756786 0.24645112454891208 0.21554413437843326 0.58007952570915233 -3.4999999999999996 0.47112825512886053 0.27148680388927465 0.52730908989906322 -0.80133870244026173 0.23665707558393481 0.29002763330936437 0.23067473620176318 0.22612502425909045 0.21525833755731585 1680.5000000000002
decision_type=2 2 2 2 2 2 2 2 2 2 2 2 2 2 2 2 2 2 2 2 2 2 2 2 2 2 2 2 2 2 2 2 2 2 2 2 2 2 2 2 2 2 2 2 2 2 2 2 2 2 2 2 2 2 2 2 2 2 2 2 2 2
left_child=2 4 7 6 16 12 20 18 23 26 47 24 25 -12 -13 42 -2 -8 -1 52 -3 -20 -21 -4 60 -6 27 34 29 39 -14 37 -33 -34 40 -30 -23 -32 43 -27 -10 -15 -5 56 -45 46 -46 51 49 -31 55 -9 -11 54 -54 -26 -39 -50 59 61 -7 -29
right_child=1 3 8 15 5 11 17 10 9 19 13 14 30 41 -16 -17 -18 -19 21 22 -22 36 -24 -25 50 28 -28 58 35 48 31 32 33 -35 -36 -37 -38 38 -40 -41 -42 -43 -44 44 45 -47 -48 -49 57 -51 -52 -53 53 -55 -56 -57 -58 -59 -60 -61 -62 -63
leaf_value=-0.071181643825730487 0.048026858190307345 0.05652625976384678 -0.063787812196372654 0.059744944739197427 0.019538968181316493 -0.02307449875654928 0.029692274540555032 -0.074578775476622325 -0.02307449875654928 -0.023469476980188246 -0.043896135580348716 -0.02307449875654928 0.019538968181316493 -0.029491231908588791 -0.0073349538948595033 0.042696441870511914 0.028118254608834953 0.019538968181316493 -0.068743773399516969 0.01387594885483422 0.042019559455401818 -0.058744603876460924 -0.0087661244119182965 -0.042410564170024395 0.019538968181316493 -0.0087661244119182965 -0.043896135580348716 -0.037998683375616543 0.017021380464605159 -0.0087661244119182965 -0.02307449875654928 0.0012272146187479625 0.013292326388559437 -0.0083622834594574008 -0.02307449875654928 -0.0087661244119182965 -0.044520215596444493 0.019538968181316493 0.019538968181316493 0.01210097645018773 -0.043896135580348716 -0.017796835655380129 0.052941211907654634 -0.02307449875654928 -0.02307449875654928 0.019538968181316493 0.019538968181316493 -0.025486760138811678 -0.0087661244119182965 0.019538968181316493 0.019538968181316493 -0.057233487132160567 -0.029491231908588791 -0.0087661244119182965 -0.015563861260324758 0.0023810179344353529 -0.02307449875654928 0.019538968181316493 -0.02307449875654928 -0.043896135580348716 -0.0015601480471832 -0.025747173345529513
leaf_weight=25803.824388250709 5665.2663057893515 14037.117206089199 3493.0732695013285 37702.00945045799 13738.635792195797 768.93076480925083 35535.541105985641 3138.4658666104078 556.16758227348328 12474.698582187295 25315.444865569472 14247.465681940317 3041.5569602400064 8121.8744429051876 57052.12543079257 17252.769814059138 14219.920888751745 48520.31396099925 11561.927456974983 1781.4360612928867 19868.76636197418 12753.716477319598 26314.980639755726 13460.982757076621 844.00800116360188 636.29630225896835 1192.9095734655857 6797.3905834704638 29420.585619643331 114.1948340088129 652.89968997240067 32809.049779072404 16157.691230401397 2437.3400826454163 45084.097978591919 1067.6964010447264 6973.1123397350311 234.17073303461075 710.95211493968964 22711.356956735253 1550.1074887812138 2058.5741694867611 30056.028043530881 470.13611607253551 702.06369875371456 1902.5049504935741 187.63783004879951 611.72344394028187 4024.6042695343494 1084.4089846909046 2198.7789550572634 9191.0042064934969 3093.3614831119776 7639.0865416377783 8027.9814328551292 8145.5040961951017 1668.6086631566286 780.99258725345135 5746.7935049831867 4176.3596134632826 31669.117188364267 10944.023338109255
leaf_count=117107 35093 93862 14993 258200 70139 3061 192118 13642 2253 50964 103005 56778 13486 33143 242445 107405 75694 253084 51720 8101 120790 54025 109660 54927 3878 3140 4767 26743 144057 498 2845 147202 75051 11270 180027 5083 29541 1029 3198 107945 6234 8459 200213 2052 3055 8383 820 2666 18442 5083 9895 39895 12671 31573 33996 35695 7385 3734 22458 16518 138099 43108
internal_value=6.01491e-05 0.0200357 -0.0365297 0.0404592 0.004646 0.00223112 0.0307865 -0.055136 -0.0236399 -0.0207368 -0.0439131 -0.00618064 0.00941583 -0.0380659 -0.0104804 0.0538807 0.0307865 0.0238317 -0.0646565 -0.0125254 0.0480269 -0.059273 -0.00733495 -0.0468185 0.000846634 0.0138759 -0.027143 -0.0265449 0.011816 0.00750929 0.00403361 0.00311453 0.00456495 0.0104537 -0.0232669 0.0159618 -0.053719 -0.00830388 -0.00333891 0.0109498 -0.0438961 -0.0235653 0.0567278 -0.0086827 0.000634626 0.00809084 -0.0169972 -0.0599469 -0.00586905 0.016552 0.00994002 -0.0616544 -0.0177968 -0.0140238 -0.0177968 0.00564357 -0.0230745 -0.00876612 -0.0321355 -0.0346143 -0.00229 -0.0304431
internal_weight=730200 472337 257863 202973 269365 249479 117962 105530 152333 135379 48437.1 114926 134553 35495.9 71299.6 85010.8 19885.2 84055.9 57092.6 59331.5 33905.9 31288.8 28096.4 16954.1 43626.3 73578.8 76047.8 74854.9 59840.1 29351.9 60974.6 57933.1 51404.1 18595 47190.4 30488.3 19726.8 6528.97 5876.07 23347.7 2106.28 10180.4 67758 5165.12 3262.34 2792.21 889.702 12941.2 6004.2 1198.6 11188.3 12329.5 31235.1 18760.4 11121.3 8989.51 1902.78 4805.6 27664.6 21917.8 32438 17741.4
internal_count=3532403 2460207 1072196 1225672 1234535 1123748 659854 453203 618993 549073 200810 489851 633897 144607 299223 565818 110787 445202 252393 246965 214652 135286 117761 69920 190628 358121 302108 297341 287982 138842 275776 262290 233523 86321 188514 149140 83566 28767 25922 111085 8487 41602 458413 22724 14310 12258 3875 56203 27757 5581 49468 53537 129204 78240 46667 39573 8414 22176 108827 86369 141160 69851
is_linear=0
shrinkage=0.05


Tree=15
num_leaves=63
num_cat=0
split_feature=0 0 0 0 1 9 1 1 1 8 9 8 0 1 0 1 1 1 9 1 12 9 1 8 8 9 0 1 9 9 8 1 8 8 9 9 9 8 9 11 9 9 10 10 8 10 10 10 11 8 9 9 11 10 8 8 10 10 8 10 8 10
split_gain=194880 56041.2 23326.4 10258.5 7226.61 5347.51 5307.99 4387.47 3797.74 2713.29 1608.86 1301.26 1241.68 1127.44 1110.13 1097.1 958.294 949.734 776.615 754.171 652.364 604.78 589.644 547.627 483.616 496.784 467.839 456.806 440.551 421.252 410.481 409.431 402.62 396.109 451.665 322.562 303.081 316.604 500.554 484.068 332.108 400.914 297.116 296.831 287.487 269.684 261.757 279.349 261.221 259.959 258.596 811.577 253.518 247.538 238.05 467.748 459.754 571.971 461.535 375.742 337.975 329.019
threshold=-1.0000000180025095e-35 1.0000000180025095e-35 -1.4999999999999998 1.5000000000000002 682.50000000000011 0.32789349555969244 1194.5000000000002 1639.5000000000002 682.50000000000011 0.43059198558330541 0.40453578531742101 0.56662777066230785 -2.4999999999999996 174.50000000000003 -2.4999999999999996 1639.5000000000002 712.50000000000011 2118.5000000000005 0.21273195743560794 184.50000000000003 1.5000000000000002 0.3879420012235642 531.50000000000011 0.28225387632846838 0.38402423262596136 0.38072577118873602 2.5000000000000004 1440.5000000000002 0.20178101211786273 0.42303735017776495 0.41798743605613714 2130.5000000000005 0.44619597494602209 0.39804874360561376 0.34226986765861517 0.31515826284885412 0.30030274391174322 0.49880145490169531 0.26938365399837499 0.62744852900505077 0.28810557723045355 0.29002763330936437 0.24660515785217288 0.22207798063755038 0.36279271543025976 0.22716157883405688 0.2050428315997124 0.21972625702619555 1.2632104754447939 0.48711356520652777 0.39077325165271765 0.39528006315231329 -0.18687283992767331 0.25297999382019049 0.46553532779216772 0.45978543162345892 0.22627015411853793 0.23211316019296649 0.45807589590549475 0.23665707558393481 0.43958365917205816 0.22401636093854907
decision_type=2 2 2 2 2 2 2 2 2 2 2 2 2 2 2 2 2 2 2 2 2 2 2 2 2 2 2 2 2 2 2 2 2 2 2 2 2 2 2 2 2 2 2 2 2 2 2 2 2 2 2 2 2 2 2 2 2 2 2 2 2 2
left_child=2 4 7 6 13 18 22 12 19 29 20 14 -1 -2 -9 -5 -14 -8 -6 -4 53 -16 -3 -12 50 33 -17 -20 -11 30 43 -25 -18 -26 -35 -15 37 40 39 52 -29 -42 -33 -10 -21 -23 -34 -48 -36 -49 -22 -52 -39 -7 55 56 -38 58 -58 -59 -61 -56
right_child=1 3 8 15 5 10 17 11 9 28 23 -13 16 35 21 26 32 -19 27 44 24 45 -24 31 25 -27 -28 36 -30 -31 -32 42 46 34 48 -37 54 38 -40 -41 41 -43 -44 -45 -46 -47 47 49 -50 -51 51 -53 -54 -55 61 -57 57 59 -60 60 -62 -63
leaf_value=-0.068482381760047339 0.048066491492462025 0.056607097456545664 -0.054970983423234192 0.057161585076817838 0.019342586269143563 -0.0037260835977294439 0.030066402725234944 -0.057729821195481403 -0.030640722110587462 0.0062404498834010471 -0.020071107050093604 -0.010672567364728566 -0.064461334469057927 0.033779195614108845 -0.030640722110587462 0.040849621498783246 -0.05330579720202621 0.019342586269143563 0.017682767979765344 -0.045746295476332979 0.019342586269143563 -0.052936383604795072 0.042279190174448041 -0.00089189345775269192 0.019342586269143563 -0.010672567364728566 0.055110325508752091 0.019342586269143563 -0.010672567364728566 -0.030584782459169003 -0.030640722110587462 -0.010672567364728566 -0.019344032497565371 0.01227605368403736 -0.005775590447176353 0.019750805361446182 -0.010672567364728566 0.019342586269143563 -0.0041171452169789643 -0.0080642088891260816 -0.010672567364728566 0.012983230754472897 0.019342586269143563 -0.020071107050093604 -0.031454012522158695 -0.035965479969460493 -0.054476879539744533 -0.043142030528000551 0.019342586269143563 -0.014904704102162823 -0.020071107050093604 0.019342586269143563 0.010155696092623023 0.019342586269143563 0.0039290568606002744 0.019342586269143563 0.019342586269143563 -0.010672567364728566 -0.010672567364728566 0.019342586269143563 -0.0017949412858421429 -0.010672567364728566
leaf_weight=29342.419654801488 5495.8910574838519 12062.041112072766 6529.2051998376846 54055.132123105228 12409.897737890482 53303.238369062543 34290.360653281212 8067.1486783176661 4353.9286640584469 3849.6947559118271 12604.817804172635 1844.6066084057093 15433.569836497307 6541.21644282341 16427.170314714313 19952.166166953743 14745.225406080484 51916.132860049605 12748.110802307725 4761.9652043879032 3503.6035300195217 6009.3941210359335 17809.330185748637 13396.566522315145 3404.9092712849379 1558.2412866204977 8098.7304709628224 7195.9857332110405 51412.114111170173 25405.035532057285 7729.0110984742641 30666.753564104438 1349.4866424798965 6580.9799614399672 11513.777405321598 10988.222712546587 2504.4113616794348 4044.3849037140608 7773.3004324287176 3102.4181987792253 1400.5206058472395 8424.6023102551699 418.1885919123888 34436.669235572219 13554.199599385262 3853.2913951724768 3137.3134851455688 2597.6704189777374 631.77858375012875 1189.6795037835836 1261.9655345529318 2913.7941064983606 17784.367391899228 525.43632070720196 5221.9281697422266 3838.3883816748857 3621.2745957374573 4247.4687066376209 399.27714040875435 2717.5538419783115 4028.6697153151035 2121.6137394607067
leaf_count=135940 35039 83741 28024 383077 64346 230435 190515 35433 17559 17381 50076 7734 69948 36220 66869 128246 62563 273713 61951 19108 15755 24716 112375 57846 15390 6885 54287 35560 212699 99941 30871 126489 5624 30340 51444 57497 11345 19572 36211 14790 6666 41525 1725 137252 55094 15670 13238 10874 2921 4969 5549 12962 84776 2209 24137 17999 17362 18945 1860 12795 17860 9453
internal_value=7.92747e-05 0.019297 -0.0349799 0.0394706 0.00442826 0.00191692 0.0299029 -0.0532275 -0.0224974 -0.0190044 -0.0043747 -0.0391713 -0.0607326 0.0299029 -0.0415022 0.0529966 -0.0548173 0.0236085 0.0105591 -0.0403771 -2.13143e-05 -0.0365207 0.0480665 -0.0106726 0.00570993 0.00217496 0.0449687 0.00890471 -0.0106726 -0.0254057 -0.0225767 -0.00826452 -0.0483488 0.00458522 0.00172802 0.0249872 0.00747764 0.00983904 0.00696043 0.0104143 0.0153693 0.00876512 -0.0106726 -0.02042 -0.0351721 -0.0463103 -0.0395096 -0.0434362 -0.0039879 -0.0342784 0.0166131 0.00635907 0.0130409 -0.00336128 0.00338616 0.00605628 0.00255066 0.00607776 0.0193426 9.70769e-05 0.00744476 -0.00437905
internal_weight=723106 467077 256029 198184 268894 245868 116078 103997 152032 127186 142284 36201.6 67795.4 23025.3 34357 82106 38452.9 86206.5 103584 24845.4 85197.7 26289.9 29871.4 57086.3 31369 23689.7 28050.9 91174.3 55261.8 71924.6 46519.6 44481.5 23019.4 22131.4 18726.5 17529.4 78426.2 49725.6 32704.5 24931.2 17021.1 9825.12 31084.9 38790.6 18316.2 9862.69 8274.15 6924.66 12145.6 3787.35 7679.36 4175.76 21828.8 53828.7 28700.6 21357 17518.7 15014.2 4020.55 10993.7 6746.22 7343.54
internal_count=3533396 2461889 1071507 1225954 1235935 1107179 660344 453578 617929 515703 610026 150422 303156 128756 142688 565610 167216 464228 497153 102226 373890 107255 196116 236136 141246 106980 182533 432807 230080 285623 185682 186060 97268 100095 84705 93717 370856 239100 155349 119138 83751 48191 128214 154811 74202 40386 34705 29081 54365 15843 34266 18511 104348 232644 131756 98166 80167 68822 19222 49600 30655 33590
is_linear=0
shrinkage=0.05


Tree=16
num_leaves=63
num_cat=0
split_feature=0 0 0 0 1 1 9 1 1 8 0 1 8 8 1 9 1 1 1 8 9 1 0 8 1 1 8 1 0 9 9 8 8 9 8 11 9 1 0 12 8 8 8 8 8 9 8 8 9 8 8 9 9 8 9 9 1 9 12 9 8 1
split_gain=177531 52584 22348.8 10171.1 6659.68 5203.46 4848.91 4370.39 3448.96 2431.83 2078.45 1270.35 1191.1 1117.68 1113.18 1033.29 777.504 694.278 692.075 613.785 605.608 563.758 475.348 453.852 444.102 426.978 411.273 378.017 354.783 349.23 337.632 337.567 477.11 330.82 323.381 319.221 307.258 306.736 300.321 262.414 347.698 333.444 277.993 255.881 242.488 235.522 232.876 249.178 251.338 349.582 313.813 307.276 240.316 238.832 234.147 362.289 223.649 221.411 220.862 215.56 214.11 212.094
threshold=-1.0000000180025095e-35 1.0000000180025095e-35 -1.4999999999999998 1.5000000000000002 770.50000000000011 1250.5000000000002 0.34949654340744024 1071.5000000000002 472.50000000000006 0.45978543162345892 -2.4999999999999996 237.50000000000003 0.57808911800384533 0.30878235399723059 1639.5000000000002 0.30191217362880712 2550.5000000000005 2010.5000000000002 561.50000000000011 0.38584102690219885 0.41682600975036627 1700.5000000000002 -2.4999999999999996 0.41391229629516607 80.500000000000014 2269.5000000000005 0.29661081731319433 382.50000000000006 2.5000000000000004 0.21470168977975848 0.30839414894580847 0.49985919892787939 0.5077456831932069 0.20178101211786273 0.42320542037487036 0.62744852900505077 0.30441309511661535 2310.5000000000005 -3.4999999999999996 1.5000000000000002 0.46077333390712744 0.47552274167537695 0.42793531715869909 0.36279271543025976 0.21525833755731585 0.30191217362880712 0.36166779696941381 0.40256786346435552 0.37714664638042456 0.38402423262596136 0.37921610474586492 0.36667506396770483 0.37800145149230963 0.39110049605369573 0.37008513510227209 0.37513954937458044 872.50000000000011 0.39528006315231329 3.5000000000000004 0.35600525140762335 0.23841005563735965 1639.5000000000002
decision_type=2 2 2 2 2 2 2 2 2 2 2 2 2 2 2 2 2 2 2 2 2 2 2 2 2 2 2 2 2 2 2 2 2 2 2 2 2 2 2 2 2 2 2 2 2 2 2 2 2 2 2 2 2 2 2 2 2 2 2 2 2 2
left_child=2 4 7 5 11 18 15 22 24 21 38 -2 19 44 -5 29 61 -15 -3 -12 28 -10 -1 -17 -4 -21 -23 -24 -16 -6 -13 -31 -33 -11 -25 37 -36 -34 -9 40 42 -42 -38 -26 -8 -28 -19 48 51 50 57 59 -52 -51 -53 -56 -35 -50 -37 -48 -46 -7
right_child=1 3 8 14 6 16 13 10 9 33 12 30 -14 17 20 23 -18 46 -20 25 -22 26 27 34 43 -27 45 -29 -30 31 -32 32 35 56 36 58 39 -39 -40 -41 41 -43 -44 -45 60 -47 47 -49 49 53 52 54 -54 -55 55 -57 -58 -59 -60 -61 -62 -63
leaf_value=-0.069028433635641678 0.046180096100261969 0.055409709078553582 -0.058589033760904866 0.056472575330402987 0.016280652182770292 0.031698188945937435 -0.02804887640947816 -0.068472617414905151 -0.02804887640947816 0.0055884824967843104 -0.046147862929633771 0.030894822182380606 -0.0086958659866659804 0.0038967746305487642 0.042900854926356098 0.016280652182770292 0.016280652182770292 -0.009892709703995143 0.040211961429883356 -0.037890360943526991 0.026201283969117212 -0.031495138952904587 -0.067516627746331076 -0.0086881180671412837 -0.050589244969342501 -0.023515400868196167 0.015276909842957407 -0.054091513960128117 0.056291542274202883 0.015276909842957407 0.016693087409890929 -0.006428144199006329 0.021314063624042298 -0.020619257899055575 -0.0086958659866659804 -0.0085606685158986021 0.014371285350659483 0.0088106001768132186 -0.053368860442199274 0.0098599683476927064 0.016280652182770292 -0.0086958659866659804 -0.0023939917128264249 -0.034997282011481348 0.0021160796255254607 -0.018756474179381553 0.016280652182770292 -0.0086958659866659804 -0.0086958659866659804 -0.018756474179381553 -0.0086958659866659804 0.016280652182770292 0.016280652182770292 -0.0014830445480086283 -0.0070973859063142054 0.016280652182770292 -0.0086958659866659804 0.0034431578143216054 0.014347723147946415 -0.0086958659866659804 -0.015825005354672392 0.024270488084800153
leaf_weight=20376.59946668148 7133.2232945337892 12346.992593184114 2869.4224954247475 52016.47974075377 13062.263595193624 13001.182789072394 2087.2547864019871 4555.7377245128155 36213.788798555732 4052.6958694756031 15754.007006987929 6326.7326517552137 1700.7072107940912 23778.411137536168 16897.408432178199 2633.6731992810965 32643.591426238418 24799.385127618909 19102.686342045665 16805.132971569896 3421.5679190829396 6923.9107660651207 7910.3997185528278 5988.6468102931976 3561.5387846231461 7468.4820248186588 263.91313774883747 15716.185628667474 7017.1498986110091 22142.798540011048 12378.233012199402 5298.8956234753132 6683.5382083058357 4551.451384678483 3124.9207485020161 3505.3854710757732 2780.3238348215818 18437.833740100265 12039.802747189999 15913.300866603851 4697.55513907969 634.23285445570946 22274.325618043542 10158.263474836946 1828.3459246307611 49876.202047139406 802.70046871900558 13241.351811945438 5196.9730911403894 3048.5639223307371 92.938435435295105 1994.4406573474407 2642.6722297519445 2001.3071875423193 2918.4989169985056 1237.2931466400623 33532.725245386362 6149.9386925846338 1502.1997567117214 3075.0417707264423 18357.541193008423 37029.307111948729
leaf_count=97794 46097 88911 12808 382929 67822 74181 8152 20966 144538 18250 65555 35039 6995 105867 111922 11718 173288 102404 122638 70084 22187 27025 37252 26267 14644 30382 1083 69906 48884 109736 63667 25004 32257 18511 13861 16557 12162 88002 54806 74049 22020 2903 99559 42168 7327 200143 3455 56804 22337 12957 443 8782 11585 8728 12716 5495 139084 26348 7301 13082 73578 201197
internal_value=7.57529e-05 0.0185689 -0.0334629 0.0384297 0.00421855 0.0288698 0.00164159 -0.0515275 -0.0213018 -0.0186654 -0.0425505 0.0283466 -0.0365963 -0.00590367 0.0521781 0.00828226 0.0222844 -0.00344591 0.0461801 -0.0384599 0.0440045 -0.0231688 -0.0634247 0.00333976 -0.0428197 -0.0334686 -0.0200714 -0.058589 0.0468322 0.012344 0.0214981 0.010434 0.00740678 -0.00869587 0.00228401 0.00984012 0.00361362 0.0121379 -0.057519 0.00465861 0.00193444 0.0135273 -0.000533043 -0.0390482 -0.0159423 -0.0184933 -0.00604406 -0.00379293 -0.00119128 -0.00455187 0.000544841 0.00522021 0.0157428 -0.00869587 0.0121692 0.00340042 -0.00869587 -0.00312027 -0.00168701 -0.00580148 -0.0142 0.0262013
internal_weight=715578 461247 254331 193476 267771 114124 241933 102327 152004 135415 58323.9 25838.2 41728.3 113253 79352.6 128680 82674.1 90979.5 31449.7 40027.6 27336.1 93277.8 44003.2 58047 16589.2 24273.6 57064 23626.6 23914.6 70632.9 18705 57570.7 35427.9 42136.9 55413.3 30129 49424.7 25121.4 16595.5 46299.7 30386.4 5331.79 25054.6 13719.8 22273.1 50140.1 67201.1 42401.7 29160.4 19132.4 14082.5 10028 2735.61 5049.87 6150.23 4155.79 38084.2 11346.9 5007.59 3877.74 20185.9 50030.5
internal_count=3532212 2460218 1071994 1226137 1234081 660215 1089278 453740 618254 548634 248788 144803 173016 480060 565922 609218 448666 391003 211549 166021 182993 372789 204952 262539 69620 100466 228251 107158 160806 346679 98706 278857 169121 175845 250821 144117 224554 120259 75772 210693 136644 24923 111721 56812 89057 201226 285136 182732 125928 82398 60713 43530 12028 21685 26993 18211 157595 48685 23858 16537 80905 275378
is_linear=0
shrinkage=0.05


Tree=17
num_leaves=63
num_cat=0
split_feature=0 0 0 0 1 1 9 1 1 9 0 9 1 9 1 1 10 1 9 1 1 1 9 0 10 1 10 10 10 9 9 1 1 10 10 10 1 9 0 9 10 10 10 9 9 10 9 9 10 1 9 9 1 1 9 9 10 11 10 10 10 10
split_gain=162036 49308.4 21028.9 10166.1 6187.33 5068.26 4559.06 4292.83 3257.23 2216.23 2098.7 1497.67 1115.6 1068.18 882.63 851.569 804.192 663.565 654.04 589.792 579.889 487.238 477.04 462.54 461.016 443.971 429.703 393.036 432.518 390.156 378.959 364.069 372.159 362.605 341.653 337.322 310.832 302.623 293.749 273.663 241.461 504.44 469.585 432.753 310.969 530.587 324.331 284.804 279.064 262.688 252.136 503.377 240.67 234.529 228.884 382.492 259.65 224.017 219.833 676.018 359.339 341.687
threshold=-1.0000000180025095e-35 1.0000000180025095e-35 -1.4999999999999998 1.5000000000000002 590.50000000000011 1194.5000000000002 0.32789349555969244 1040.5000000000002 411.50000000000006 0.30364511907100683 -2.4999999999999996 0.44720508158206945 1819.5000000000002 0.29452873766422277 2479.5000000000005 174.50000000000003 0.23546514660120013 1608.5000000000002 0.42126683890819555 1819.5000000000002 472.50000000000006 1938.5000000000002 0.21470168977975848 -2.4999999999999996 0.19875304400920871 1080.5000000000002 0.23665707558393481 0.23170979321002963 0.23067473620176318 0.44720508158206945 0.20178101211786273 360.50000000000006 60.500000000000007 0.21466173976659778 0.21420419216156009 0.21738760173320773 2177.5000000000005 0.4768217951059342 -3.4999999999999996 0.29452873766422277 0.2257240638136864 0.22919906675815585 0.23041371256113055 0.31515826284885412 0.37800145149230963 0.22820222377777102 0.41196930408477789 0.32579620182514196 0.25001473724842077 2957.5000000000005 0.30915527045726782 0.30191217362880712 1650.5000000000002 990.50000000000011 0.44523863494396215 0.44334584474563604 0.22530259191989901 1.2345460057258608 0.22218484431505206 0.22098699957132342 0.21912655979394915 0.1970353573560715
decision_type=2 2 2 2 2 2 2 2 2 2 2 2 2 2 2 2 2 2 2 2 2 2 2 2 2 2 2 2 2 2 2 2 2 2 2 2 2 2 2 2 2 2 2 2 2 2 2 2 2 2 2 2 2 2 2 2 2 2 2 2 2 2
left_child=2 4 7 5 15 20 22 23 32 16 38 17 53 24 52 -2 27 33 25 -13 -3 -15 -6 -1 -12 -11 58 28 30 -23 36 -25 -4 -8 -19 -27 -10 -28 -9 -33 43 -42 44 50 -37 46 -46 -45 49 -44 51 -24 -7 -5 55 57 -48 -36 59 60 61 -21
right_child=1 3 8 12 6 14 11 10 9 18 13 19 -14 21 -16 -17 -18 34 -20 26 -22 29 40 31 -26 35 37 -29 -30 -31 -32 39 -34 -35 54 42 -38 -39 -40 -41 41 -43 48 47 45 -47 56 -49 -50 -51 -52 -53 -54 -55 -56 -57 -58 -59 -60 -61 -62 -63
leaf_value=-0.067708030958256865 0.046235993378518157 0.055330761180133074 -0.061258423521642708 0.058103210335964176 0.015691438178017179 0.031171499927478093 -0.017417936489870871 -0.066902534557927426 -0.0097836047393760391 -0.027360173686428804 -0.0097836047393760391 -0.00098321581169317444 0.041982112920053195 -0.045177605626514739 0.015691438178017179 0.025290658594769894 0.0099192919762252068 -0.017417936489870871 -0.028361973968271434 -0.028361973968271434 0.040910006020919654 -0.028925975417177494 0.008151419885852473 -0.066259840740050438 -0.026433467584167977 -0.028925975417177494 0.015691438178017179 -0.026433467584167977 0.0099192919762252068 -0.048107267258293555 -0.0097836047393760391 -0.040344579252720489 -0.039448994830666412 0.0081820251700322182 -0.0023564670878803381 -0.0083736597686044825 0.0099192919762252068 -0.028361973968271434 -0.051997290822080537 -0.056374309720136732 0.015691438178017179 0.0099192919762252068 -0.023308932261320726 -0.0083736597686044825 -0.028925975417177494 -0.0024266291261226171 -0.028925975417177494 0.015691438178017179 -0.0024266291261226171 -0.011093231274289425 0.015691438178017179 -0.0083736597686044825 0.023650969372933844 0.051438490950989874 0.015691438178017179 -0.028361973968271434 -0.0023564670878803381 0.015691438178017179 -0.025282651980499411 0.015691438178017179 -0.028361973968271434 -0.010697095471165576
leaf_weight=19382.312285199761 5195.1100192815065 9959.4092665314674 2343.4201113730669 31884.621585644782 13325.151538029313 15717.963336713612 605.72857154905796 4580.1992089301348 2208.2047657817602 13933.473868623376 1544.8541551828384 7282.7347623109818 21968.768343091011 17083.535794198513 35269.618481174111 13735.700720131397 2465.0168492048979 2506.5271892696619 27945.822493508458 1717.4976282119751 18176.195719562471 12496.644622698426 41688.698850408196 7354.3710388690233 7578.9075623750687 3943.8828303068876 1096.0147934854031 2368.2050099670887 854.88926909863949 3368.6198806017637 28315.769958183169 3481.4739612042904 11950.08407022059 20245.625058457255 86495.178890526295 14906.299538433552 1902.8647957891226 152.56688891351223 12054.390207216144 11505.631666481495 9345.3123127967119 29136.958034366369 25497.460177004337 3874.1124138087034 4172.9663690328598 1662.1904708296061 731.06381666660309 800.13036891818047 1315.9186414927244 5322.3496952354908 2236.1066939085722 3636.129532366991 33026.139254406095 22725.22151132673 850.84386935830116 854.38564597070217 372.31304574012756 963.35462662577629 8278.2643177956343 1013.6455719619989 1703.5066979974508 10232.935561746359
leaf_count=95786 35123 74489 10724 245182 69839 92522 2747 21661 9821 56107 6396 30459 149460 72744 188827 76118 10160 10752 110492 6741 121764 51518 201634 35590 31312 16257 4460 9699 3420 13950 117223 15792 50154 94468 371819 60646 8709 597 56048 52250 45561 138577 101915 17604 16853 6721 2930 3837 5103 21257 10632 16703 182054 170997 3563 3494 1479 4352 33030 4082 6761 40897
internal_value=9.06873e-05 0.0178968 -0.0320266 0.0374584 0.0040682 0.0278686 0.00194455 -0.0497855 -0.0203089 -0.017954 -0.0410693 -0.00381742 0.0515019 -0.0351232 0.0217171 0.0278686 -0.00769744 -0.00112039 -0.0218709 -0.0134582 0.046236 -0.0393158 0.00991929 -0.0620482 -0.0199799 -0.0193461 -0.017213 -0.0097836 -0.00836453 -0.0330015 -0.00948325 -0.0571353 -0.0430287 0.00693024 -0.00295164 -0.0174179 0.00541931 0.011345 -0.0561051 -0.0526536 0.00991929 0.0113618 -0.0163662 0.00614208 -0.0107091 -0.0197407 -0.0278343 -0.00837366 -0.0202112 -0.0211998 0.00756882 0.00657309 0.0260766 0.0553308 -0.00242663 -0.00242663 -0.00242663 -0.00235647 -0.0187674 -0.0150888 -0.0180953 -0.014374
internal_weight=708343 455700 252643 188728 266972 112149 248041 100431 152212 137919 58707.2 143999 76578.6 42072.6 84013.7 18930.8 38115 112522 99803.7 31477.2 28135.6 32948.8 104043 41723.8 9123.76 71857.9 24194.4 35649.9 33281.7 15865.3 32426.8 22341.5 14293.5 20851.4 91670.3 57924.4 4111.07 1248.58 16634.6 14987.1 90717.4 38482.3 53980.6 52235.2 21844.8 6938.53 5276.34 4674.24 32135.7 30819.8 47560.9 45324.8 48744.1 54609.8 89163.8 88312.9 1103.38 87458.5 22945.8 14667.6 13653.9 11950.4
internal_count=3531862 2459145 1072717 1225295 1233850 659656 1122609 453047 619670 558792 253629 618222 565639 175920 463403 111241 159032 491195 399760 127027 196253 138212 504387 199418 37708 289268 96568 148872 139173 65468 135753 103632 60878 97215 393980 233161 18530 5057 77709 68042 434548 184138 216904 250410 88629 27983 21262 21441 128275 123172 228969 218337 274576 416179 383228 379665 4409 376171 91511 58481 54399 47638
is_linear=0
shrinkage=0.05


Tree=18
num_leaves=63
num_cat=0
split_feature=0 0 0 0 1 1 1 9 9 1 9 0 1 1 9 9 9 9 1 1 9 10 0 10 9 1 9 10 10 0 10 1 10 9 1 10 9 9 10 1 9 10 10 9 9 1 9 9 9 9 10 9 10 9 0 9 10 9 9 10 9 1
split_gain=147564 46389.6 19655.5 9942.46 5692.3 5008.95 4355.77 4214.38 3963.8 3113.94 2096.12 1937.73 1620.76 1171.05 1055.54 1219.99 1054.91 865.473 716.07 695.922 685.932 596.233 583.961 536.935 495.309 448.447 444.357 513.632 442.971 422.13 413.479 408.361 391.117 380.213 378.641 376.372 374.325 361.186 355.293 337.368 322.004 328.441 311.603 302.799 436.675 301.361 297.706 292.565 291.126 279.306 367.041 296.797 439.793 311.618 276.285 270.379 270.026 269.637 255.808 251.544 290.176 240.626
threshold=-1.0000000180025095e-35 1.0000000180025095e-35 -1.4999999999999998 1.5000000000000002 1040.5000000000002 1250.5000000000002 1132.5000000000002 0.34949654340744024 0.33949495851993566 360.50000000000006 0.30364511907100683 -2.4999999999999996 307.50000000000006 1500.5000000000002 0.44970461726188665 0.48604546487331396 0.29452873766422277 0.28810557723045355 1110.5000000000002 540.50000000000011 0.41682600975036627 0.23546514660120013 -2.4999999999999996 0.23519582301378253 0.42303735017776495 382.50000000000006 0.19466029852628711 0.23465987294912341 0.21770152449607852 2.5000000000000004 0.2070354372262955 1920.5000000000002 0.22612502425909045 0.44720508158206945 2567.5000000000005 0.23170979321002963 0.39077325165271765 0.30839414894580847 0.23443890362977984 90.500000000000014 0.20990382134914401 0.23067473620176318 0.21770152449607852 0.36372162401676184 0.3534794300794602 30.500000000000004 0.33322560787200933 0.21753472089767459 0.34873388707637792 0.36372162401676184 0.23041371256113055 0.37800145149230963 0.22820222377777102 0.41196930408477789 -3.4999999999999996 0.31436760723590856 0.1970353573560715 0.47105844318866735 0.38984820246696478 0.1970353573560715 0.39838233590126043 2957.5000000000005
decision_type=2 2 2 2 2 2 2 2 2 2 2 2 2 2 2 2 2 2 2 2 2 2 2 2 2 2 2 2 2 2 2 2 2 2 2 2 2 2 2 2 2 2 2 2 2 2 2 2 2 2 2 2 2 2 2 2 2 2 2 2 2 2
left_child=2 4 6 5 12 19 22 17 47 45 21 54 39 -5 28 23 30 26 -12 -3 29 35 -1 32 42 -24 -6 38 43 -15 -13 -18 48 -33 49 40 -25 -14 -28 -2 -11 -42 55 44 -9 -4 -27 -7 -10 -30 51 -44 53 -53 -8 -20 -49 -21 -50 -16 -60 -52
right_child=1 3 9 13 7 8 11 14 15 10 18 16 37 20 59 -17 31 -19 24 57 -22 -23 25 36 -26 46 27 -29 34 -31 -32 33 -34 -35 -36 -37 -38 -39 -40 -41 41 -43 50 -45 -46 -47 -48 56 58 -51 61 52 -54 -55 -56 -57 -58 -59 60 -61 -62 -63
leaf_value=-0.06605935599472651 0.054001960389222281 0.054433495634921773 -0.06464217624314289 0.055727859821220041 0.024095021539999283 0.041525765827896417 -0.065203116493876376 -0.027577867364403038 0.0035574082625251056 0.0037210416497218263 -0.02908758642817862 -0.0093789461574987614 0.024328803209583319 0.041525765827896417 -0.025273014808809304 -0.01452477465551137 -0.043031454041280975 0.0035574082625251056 0.0035574082625251056 0.040121344637053802 0.022770757258816984 0.0035574082625251056 -0.06464217624314289 0.028439049988004429 -0.025273014808809304 -0.041749489591050876 0.0095781545663411616 0.031048240431316224 -0.0076900437036399889 0.055532417571397444 -0.025872099523941639 -0.027577867364403038 0.0035574082625251056 -0.046464280873921841 -0.0052007183140097939 -0.025872099523941639 0.0090364196733019528 0.01204903532086013 -0.025872099523941639 0.033637313511254062 -0.0093789461574987614 0.0035574082625251056 -0.0076900437036399889 -0.022477509962900041 0.014648583352261947 -0.04051907201284257 -0.055437225652591418 0.0095781545663411616 0.028033988169227919 0.0035574082625251056 -0.020734053965911027 -0.027577867364403038 -0.0076900437036399889 -0.0052007183140097939 -0.049829862724078529 -0.027577867364403038 0.031048240431316224 0.014597346998441891 0.0035574082625251056 -0.01452477465551137 0.017710234905053381 -0.0092012675210265699
leaf_weight=20019.935870811343 3044.7412286698818 11137.857897117734 1437.4802499711514 44824.165947683156 6690.5113486498594 5982.435012280941 4005.1665557175875 272.90138345956802 1011.7337636947632 5064.2932904213667 21613.191211953759 2802.9176806658506 8931.1486799269915 17749.579823851585 2086.88752835989 3959.8033113330603 15094.386123761535 67923.552479892969 699.77128255367279 17348.987344965339 3713.8771738857031 2474.4745375216007 7485.6004875451326 6693.5596038848162 21623.4949144274 6719.7473841160536 45208.810403496027 2021.0548634827137 6030.1781258434057 7739.1266169399023 5817.2942150384188 12645.459276199341 12438.07670737803 3379.7410176992416 44355.759035557508 2399.3417847156525 3956.0264494419098 18182.788425475359 213.38314406573772 6155.3132195323706 27609.281549453735 863.86100950837135 14545.826547756791 4533.9827686995268 769.67561177909374 11007.616028398275 9793.3681806325912 424.8641832023859 3881.0604290217161 23796.620610266924 26384.801381319761 4026.0062805712223 1768.5364654064178 1188.3281917870045 10974.334152564406 3563.1397040337324 35978.613310158253 1101.9265187680721 626.25084766745567 26272.602796122432 5769.3353616595268 5461.397811666131
leaf_count=101979 21272 86394 6721 357037 35762 35043 19393 1191 5488 22498 87094 11605 48599 125650 8203 18793 64770 312566 2908 117454 25555 10217 37261 37343 85422 30729 219807 10887 26440 58138 23993 52381 66055 14173 188282 9795 20545 90427 929 38897 114087 3457 59152 19447 3325 47176 45182 2570 20772 103830 105253 16241 7133 4768 51809 14617 207566 7317 3398 105063 30594 21788
internal_value=9.53576e-05 0.0171908 -0.0306753 0.0364753 0.00385123 0.0269623 -0.0480385 0.000948634 0.0205113 -0.0193761 -0.0172347 -0.038618 0.0222488 0.0506504 -0.00623984 0.00886056 -0.0328396 0.0073162 -0.0210197 0.0445604 0.0428552 -0.00729449 -0.0597479 0.0119062 -0.0188194 -0.0544802 0.0120323 0.0103308 -0.00329387 0.0457806 -0.0173584 -0.0371273 0.00771909 -0.0315637 -0.00227148 -0.00937895 0.021233 0.0160947 0.00921704 0.0403821 -0.00799586 -0.00937895 -0.0163979 -0.0163979 0.00739969 -0.0433385 -0.0498701 0.0310482 0.0146486 0.00208465 -0.0153474 -0.0103037 -0.0189733 -0.0272173 -0.0539444 -0.0275779 0.0310482 0.0385979 0.017908 -0.0145248 0.0117598 -0.0187566
internal_weight=701296 450827 250469 184337 266490 110311 98738 230176 80721.8 151731 139286 54719.3 36314 74026.7 108119 38335.8 39739.8 122057 100874 29588.8 29202.6 38411.3 44018.7 34376 79261.3 23998.7 54133.8 47443.2 79759.1 25488.7 8620.21 31119.6 23726.5 16025.2 74182.6 35936.8 10649.6 27113.9 45422.2 9200.05 33537.4 28473.1 57637.8 5576.56 1042.58 12445.1 16513.1 42385.9 11288.4 29826.8 53374.9 21528.7 6982.87 5214.33 14979.5 4262.91 36403.5 18450.9 10276.6 28359.5 6395.59 31846.2
internal_count=3532241 2460639 1071602 1225712 1234927 659332 453275 1035732 448167 618327 564430 238124 199195 566380 455781 202988 166922 579951 404376 211165 209343 160054 215151 184195 317282 113172 267385 231623 342515 183788 35598 131324 126307 66554 318552 149837 57888 139026 220736 60169 140042 117544 231860 23963 4516 53897 75911 245179 60252 130270 214335 87294 28142 21009 71202 17525 210136 124771 54764 113266 33992 127041
is_linear=0
shrinkage=0.05


Tree=19
num_leaves=63
num_cat=0
split_feature=0 0 0 0 1 1 1 9 1 0 8 1 8 8 1 1 1 9 8 1 1 0 9 1 1 8 1 1 9 0 9 1 10 11 11 9 8 10 8 10 8 9 10 9 8 11 8 8 8 11 9 8 8 10 8 8 10 10 10 1 8 8
split_gain=134735 43394.9 18874.4 9882.09 5329.6 4779.25 4253.86 3758.39 2946.56 2101.32 1951.7 1163.51 1134.24 1009.23 876.363 802.625 624.49 580.438 559.486 522.609 502.963 491.656 409.591 392.738 383.363 382.977 372.039 333.139 297.831 288.239 278.576 277.09 269.433 363.053 323.695 261.095 257.281 252.101 248.919 240.543 236.559 223.505 222.798 216.874 281.976 337.389 233.333 210.22 277.442 220.547 209.44 206.442 298.61 286.466 299.505 268.515 245.183 232.795 250.941 204.382 200.794 202.663
threshold=-1.0000000180025095e-35 1.0000000180025095e-35 -1.4999999999999998 1.5000000000000002 590.50000000000011 1101.5000000000002 1040.5000000000002 0.32789349555969244 390.50000000000006 -2.4999999999999996 0.45978543162345892 1608.5000000000002 0.30878235399723059 0.56198832392692577 2118.5000000000005 174.50000000000003 1920.5000000000002 0.21470168977975848 0.38584102690219885 1260.5000000000002 531.50000000000011 -2.4999999999999996 0.39191363751888281 1700.5000000000002 1999.5000000000002 0.56416115164756786 360.50000000000006 60.500000000000007 0.39077325165271765 -3.4999999999999996 0.16089829802513125 960.50000000000011 0.23608218133449557 0.58007952570915233 -0.84491586685180653 0.38589408993721014 0.31977939605712896 0.23266435414552691 0.44619597494602209 0.24390045553445819 0.33991539478302008 0.30284313857555395 0.21239183843135837 0.37714664638042456 0.39804874360561376 -0.50225719809532154 0.39419347047805792 0.39892351627349859 0.40032309293746954 1.1085497140884402 0.36667506396770483 0.40994873642921453 0.41067200899124151 0.23318386822938922 0.41391229629516607 0.41798743605613714 0.23428770154714587 0.22781910002231601 0.21554413437843326 2190.5000000000005 0.32325705885887152 0.32915079593658453
decision_type=2 2 2 2 2 2 2 2 2 2 2 2 2 2 2 2 2 2 2 2 2 2 2 2 2 2 2 2 2 2 2 2 2 2 2 2 2 2 2 2 2 2 2 2 2 2 2 2 2 2 2 2 2 2 2 2 2 2 2 2 2 2
left_child=2 4 6 5 15 20 21 17 27 25 19 -5 -9 18 -7 -2 32 -6 -11 -10 -3 -1 41 -19 -20 29 -23 -4 35 -8 -12 -32 37 34 -34 43 -36 42 -28 -37 -38 -21 -14 44 46 -46 50 -47 -49 51 -18 -50 -53 55 -55 -54 -56 58 -57 -13 -44 -62
right_child=1 3 8 11 7 14 9 12 10 13 30 59 16 -15 -16 -17 28 23 24 22 -22 26 -24 -25 -26 -27 38 -29 -30 -31 31 -33 33 -35 36 39 40 -39 -40 -41 -42 -43 60 -45 45 47 -48 48 49 -51 -52 52 53 54 56 57 -58 -59 -60 -61 61 -63
leaf_value=-0.065300191019344117 0.045540646493702555 0.053844346416242153 -0.058300401542967929 0.054736505729709978 0.01611441324693514 0.026485291398935684 -0.066316255636238594 -0.013652476851908721 -0.026490521881842845 -0.041433415035004965 0.01611441324693514 0.04581049951672117 -0.0072061461184964402 -0.0073831618701703924 0.01611441324693514 0.023734764631343212 -0.0072061461184964402 0.014062412598695659 -0.034881456867072856 0.0058791237099085096 0.039293241348480626 -0.06360808838597444 -0.022385330121417243 0.0058791237099085096 -0.022385330121417243 -0.018546163608627569 -0.054339708389069888 -0.037191822444505897 -0.0072061461184964402 -0.050847002150661715 -0.017503285760905447 -0.0072061461184964402 0.026485291398935684 0.026485291398935684 0.026485291398935684 0.01611441324693514 -0.014681726705907804 -0.0072061461184964402 -0.040535472787227779 -0.0072061461184964402 0.0037407215690558556 -0.015124640027166037 -0.012320599832159053 -0.0072061461184964402 0.016053314073229807 -0.015124640027166037 0.01611441324693514 0.01611441324693514 -0.012374546859674497 0.01611441324693514 0.0084406110685386667 0.01611441324693514 -0.015124640027166037 0.01611441324693514 0.01611441324693514 -0.0072061461184964402 -0.0043220992764689175 -0.0072061461184964402 0.0063889813232601072 0.036900988981927917 0.026485291398935684 0.0063725672565872306
leaf_weight=18201.463617131114 4859.2276912778616 10420.392287999392 2248.117732077837 45655.055596284568 13130.785022258759 34504.715034015477 4168.7917783409357 22900.302326008677 24570.198156192899 15435.657092645764 1020.7256008088589 13204.707163140178 489.05632622539997 2547.2018418610096 49746.360050305724 13382.306710973382 1214.7704172581434 18430.238039255142 13040.795123368502 396.49384315311909 13857.818656466901 6954.1833436638117 30443.582367286086 71710.571418240666 10383.31932502985 753.35473977029324 9349.8624334186316 11195.172062858939 35328.122475042939 11003.787873417139 6795.8046640902758 35301.850427687168 707.68694095313549 2231.0907161682844 237.20629033446312 3238.4866915792227 608.6062169522047 4573.4867997914553 5047.6704190671444 518.78018714487553 5723.0311092287302 39457.559352442622 1387.9346407204866 6832.4491252154112 2274.7383295297623 600.74239180982113 2357.0494811981916 1267.6899507194757 6647.3638758212328 455.65842075645924 3652.8263203203678 822.44880841672421 3339.4295943379402 1475.7296469211578 1021.5757040679455 1295.7135671973228 6991.3400310575962 3731.7477935403585 7227.7580955922604 12639.786539532244 456.86875146627426 14649.941368207335
leaf_count=95776 34885 84026 10743 377788 70006 205743 20880 91634 98894 66504 4598 98903 2150 10463 273023 76098 5165 91515 56080 1654 97171 35665 120716 343173 42797 3576 44314 47895 146958 53427 27741 146977 3340 10407 1059 14317 2746 20911 23573 2228 25994 158708 5893 29056 10012 2537 10289 5518 28592 2048 15966 3538 14263 6437 4525 5525 30263 16340 31670 89981 1969 67708
internal_value=0.000108722 0.0165496 -0.0294075 0.0355036 0.00371043 0.0259949 -0.0466412 0.00176633 -0.018381 -0.0379379 -0.0162038 0.0499363 -0.0034465 -0.0319999 0.020362 0.0259949 -0.00152055 0.00904807 -0.0340408 -0.0202127 0.0455406 -0.0592555 -0.0180182 0.00755242 -0.0291678 -0.0533735 -0.0540999 -0.0407259 -0.00362432 -0.0551014 -0.00738316 -0.00738316 0.00459428 0.0116055 0.00613584 -0.00132211 0.00236088 0.00150167 -0.0495032 0.0113982 -7.53439e-05 -0.0146817 0.00434174 -0.00225562 -0.000842213 -0.00259984 0.0081953 -0.00381685 -0.00306454 -0.00395991 0.00152187 -0.00451478 -0.00249758 -0.0035715 0.0033007 -0.00720615 -0.000852963 -0.00399182 0.00191161 0.0414547 0.00587347 0.00754575
internal_weight=694117 445802 248316 180029 265773 108529 96886.1 247531 151430 57332.9 137986 71499.5 144260 41407 84251.1 18241.5 121359 103272 38859.8 94867.8 24278.2 39553.2 70297.6 90140.8 23424.1 15925.9 21351.7 13443.3 90294.4 15172.6 43118.4 42097.7 31064.9 9507.62 7276.53 54966.3 6568.84 21557.3 14397.5 3757.27 6331.64 39854.1 16983.8 51209 44376.6 37151.9 7224.65 34877.2 34276.5 33008.8 4867.6 32553.1 25905.7 25083.3 9488.65 15594.6 8012.92 12255.2 8523.47 25844.5 16494.7 15106.8
internal_count=3532351 2461370 1070981 1226635 1234735 659963 453055 1123752 617926 253727 559288 566672 619058 175844 478766 110983 527424 504694 165381 379972 181197 199328 281078 434688 98877 77883 103552 58638 385247 74307 179316 174718 142177 43546 33139 238289 29799 98631 67887 16545 28740 160362 77720 221744 192688 161268 31420 151256 148719 143201 21131 141153 112561 109023 41225 67798 34788 53535 37195 188884 75570 69677
is_linear=0
shrinkage=0.05


Tree=20
num_leaves=63
num_cat=0
split_feature=0 0 0 0 1 1 1 9 1 0 8 8 1 8 1 1 1 1 12 1 1 0 0 10 9 10 9 1 8 8 8 10 11 8 8 8 8 0 8 8 8 12 9 9 9 8 10 8 8 9 10 10 9 10 9 8 1 10 8 8 10 10
split_gain=122903 40933.4 17840.3 9635.08 4922.26 4677.65 4152.36 3343.77 2687.03 2084.08 1683.69 1410.62 1211.34 1019.19 817.342 750.327 661.968 631.504 572.604 559.962 528.575 522.818 503.194 478.235 430.132 411.125 412.742 377.595 370.37 392.791 508.041 352.622 347.553 350.461 325.09 306.477 433.009 294.846 262.937 250.338 249.921 279.279 249.409 248.051 427.466 247.377 246.611 239.768 290.922 312.215 517.316 306.161 225.496 237.454 364.997 237.453 220.426 218.347 218.061 272.882 252.768 315.973
threshold=-1.0000000180025095e-35 1.0000000180025095e-35 -1.4999999999999998 1.5000000000000002 590.50000000000011 1162.5000000000002 1040.5000000000002 0.30191217362880712 750.50000000000011 -2.4999999999999996 0.42959892749786383 0.36166779696941381 1620.5000000000002 0.56198832392692577 174.50000000000003 1850.5000000000002 214.50000000000003 2414.5000000000005 1.5000000000000002 590.50000000000011 1999.5000000000002 2.5000000000000004 -2.4999999999999996 0.2397129833698273 0.44720508158206945 0.23628672212362292 0.43506775796413427 360.50000000000006 0.58457565307617199 0.49985919892787939 0.5077456831932069 0.24453619122505191 -0.058124108240008347 0.57808911800384533 0.56416115164756786 0.38402423262596136 0.39199665188789373 -3.4999999999999996 0.36649362742900854 0.44619597494602209 0.30217108130455023 5.5000000000000009 0.30984808504581457 0.28810557723045355 0.29002763330936437 0.38683760166168218 0.1970353573560715 0.39604650437831884 0.42959892749786383 0.3180192261934281 0.23240628093481067 0.23628672212362292 0.52515390515327465 0.23628672212362292 0.43506775796413427 0.35287474095821386 1410.5000000000002 0.23648047447204593 0.51196408271789562 0.51510196924209606 0.2164660915732384 0.20329929888248446
decision_type=2 2 2 2 2 2 2 2 2 2 2 2 2 2 2 2 2 2 2 2 2 2 2 2 2 2 2 2 2 2 2 2 2 2 2 2 2 2 2 2 2 2 2 2 2 2 2 2 2 2 2 2 2 2 2 2 2 2 2 2 2 2
left_child=2 4 6 5 14 19 22 28 16 34 31 17 -5 20 -2 -7 -4 46 -13 -3 45 -14 -1 35 -22 -19 57 -24 29 43 -31 -10 -32 58 37 38 41 -8 -20 -29 -18 -37 -16 -6 -45 -11 -9 -38 -49 -50 -51 -52 53 -48 55 -55 -46 -27 -34 -60 61 -61
right_child=1 3 8 12 7 15 9 11 10 13 -12 18 21 -15 42 -17 40 25 23 -21 24 -23 27 -25 -26 26 -28 39 -30 30 32 -33 33 -35 -36 36 47 -39 -40 -41 -42 -43 -44 44 56 -47 52 48 49 50 51 -53 -54 54 -56 -57 -58 -59 59 60 -62 -63
leaf_value=-0.064075670565918189 0.044159147789058752 0.052432430402197965 -0.045017236389530021 0.054137229882964016 0.016501166698245018 0.027210274047826683 -0.065302244278204663 -0.020694318834508979 -0.020694318834508979 -0.044697314517268216 -0.0078759974515974825 -0.0016141003595201006 0.035726812360086194 -0.0078759974515974825 0.032049214633330124 0.016501166698245018 -0.045269134941970199 -0.01532747610486075 -0.0071219168342283 0.037374336799222273 -0.022596657018914803 0.051883810456192107 -0.062278069224073321 0.016501166698245018 -0.043363300275248269 0.016501166698245018 0.016501166698245018 -0.05282200210729824 0.016501166698245018 -0.0078759974515974825 0.016501166698245018 -0.0089563382778463253 0.016501166698245018 -0.0078759974515974825 -0.020125724586448512 -0.020694318834508979 0.016501166698245018 -0.04942714637576287 0.016501166698245018 -0.038843954602673245 -0.025433170319009202 0.016501166698245018 0.017594872849941306 -0.0078759974515974825 0.027210274047826683 -0.033656565374089002 -0.0055397499337859583 -0.0044406454203915436 -0.0025384104777683553 0.016501166698245018 -0.0078759974515974825 0.016501166698245018 0.014254600739365006 -0.0089563382778463253 0.016501166698245018 0.015316035201801163 0.0097298641543181255 -0.0089563382778463253 -0.0078759974515974825 -0.0026222693697240595 -0.0024411177796566405 0.015365258030818021
leaf_weight=17573.832843109965 4742.435909897089 11249.263648174703 7039.0292236506939 44219.797120556235 9111.5321440845728 22560.932018749416 4034.4837630242109 833.58181664347649 63431.942568406463 8403.6121238619089 54930.237660333514 74655.089695215225 17692.966513626277 2543.4711851775646 4555.852204747498 59509.061564669013 1741.4342069625854 28327.140409901738 1285.8537975549698 13723.887829735875 14233.075884655118 6993.9635421037674 6786.2986677736044 8155.3098689466715 3024.419199064374 190.9630129635334 1685.2001616954803 9125.2007370442152 12467.661263540387 5392.5396532565355 8243.4562798291445 6078.8016631305218 2203.9523556381464 1175.9133277833462 756.93594068288803 1921.0116251111031 986.31745329499245 10779.319922074676 4763.6247052997351 4962.2768885195255 18150.904256224632 247.17986643314362 8667.9735167771578 1711.7516431361437 1759.3885203748941 12875.157432720065 15294.358712822199 11247.488431215286 6118.0489607006311 6662.3999905139208 1582.5898376256227 760.92154836654663 2200.1621842384338 2073.7168528139591 1005.5099706351757 1209.3750680238008 9824.6344492137432 4549.9414988011122 1552.2341439276934 3288.827536329627 5097.9077650904655 9471.7182864397764
leaf_count=95603 35111 93748 32287 380613 46537 137863 20847 3342 253122 37207 227202 328100 129904 10452 27564 331792 7069 114115 5768 97473 59388 55354 35871 37741 13004 767 6838 44248 67105 25745 40650 23906 10653 5710 3615 8641 4499 53489 21755 23532 74969 1167 48544 8279 9273 55839 64748 50423 28776 31846 7258 3563 8912 9036 4308 5332 49375 18624 7356 16214 24661 46231
internal_value=9.79568e-05 0.0159034 -0.0281804 0.0345995 0.00349103 0.0252115 -0.0451521 0.001634 -0.0175179 -0.0365436 -0.0144187 -0.00207097 0.0491827 -0.0306379 0.0252115 0.0194454 -0.0318376 -0.00850558 0.0010473 0.0441591 -0.032744 0.0403061 -0.057835 0.00559067 -0.0262384 -0.0127374 -0.0013192 -0.0525782 0.0107665 0.00904481 0.00584032 -0.0195887 0.00830283 0.00511443 -0.0521214 0.00308697 0.000986158 -0.0537548 0.0133387 -0.0479014 -0.0271719 -0.020517 0.0225767 0.0142537 0.0090735 -0.0380188 -0.00200267 0.00269104 0.00164883 0.00617749 0.0120981 -0.007876 -0.000918877 -0.00262427 0.00777201 -0.00292724 0.0126663 -0.00895634 0.00690465 0.00507108 0.00696981 0.0107294
internal_weight=687444 440973 246470 175950 265024 107043 95098.1 247057 151372 56650.5 124441 175756 68906.7 41079.7 17966.3 82070 26931.4 57369.9 118386 24973.2 38536.3 24686.9 38447.6 43730.7 17257.5 34753.2 6426.1 20873.8 71301.5 58833.9 36426.5 69510.7 31034 22790.6 15570.7 35575.4 29526 14813.8 6049.48 14087.5 19892.3 2168.19 13223.8 22407.3 13295.8 21278.8 22616.7 27357.8 26371.4 15124 9005.91 2343.51 21783.1 19583 4288.6 3283.09 11584 4740.9 21614.6 19410.7 17858.5 12760.5
internal_count=3532964 2461314 1071650 1226747 1234567 660876 453095 1123348 618555 253841 504230 765559 565871 175890 111219 469655 114325 236022 529537 191221 165438 185258 199254 201437 72392 140344 26229 103651 357789 290684 177220 277028 151475 110825 77951 163696 136173 74336 27523 67780 82038 9808 76108 113464 66927 93046 95678 126365 121866 71443 42667 10821 92336 83424 18676 14368 58648 19391 105115 94462 87106 62445
is_linear=0
shrinkage=0.05


Tree=21
num_leaves=63
num_cat=0
split_feature=0 0 0 0 1 1 1 9 9 1 0 8 1 8 8 8 1 1 9 9 0 8 1 1 1 1 9 10 1 11 9 1 8 1 9 0 1 10 10 10 10 10 9 10 10 8 9 10 8 8 8 8 10 8 11 10 8 10 8 1 8 1
split_gain=111499 38045.1 16737 9654.61 4605.13 4818.24 4122.31 3699.66 3193.16 2387.73 1954.95 1660.66 1227.25 966.646 943.422 925.852 630.181 668.406 625.38 561.534 551.919 451.755 471.398 434.79 570.78 406.374 395.336 390.089 382.189 381.427 397.191 363.81 326.438 325.611 302.006 296.313 291.886 277.306 276.284 256.767 300.417 285.515 251.312 243.312 272.868 255.728 239.46 232.176 283.764 231.507 250.799 226.987 226.762 225.472 224.519 257.23 213.128 206.244 202.042 190.627 189.404 183.026
threshold=-1.0000000180025095e-35 1.0000000180025095e-35 -1.4999999999999998 1.5000000000000002 1040.5000000000002 472.50000000000006 1050.5000000000002 0.33949495851993566 0.32789349555969244 360.50000000000006 -2.4999999999999996 0.46154439449310308 1608.5000000000002 0.30878235399723059 0.44619597494602209 0.30878235399723059 1819.5000000000002 1700.5000000000002 0.19466029852628711 0.30284313857555395 -2.4999999999999996 0.60130232572555553 1758.5000000000002 451.50000000000006 142.50000000000003 382.50000000000006 0.25309312343597418 0.23519582301378253 1370.5000000000002 0.15529955178499225 0.35267423093318945 2539.5000000000005 0.56416115164756786 30.500000000000004 0.39077325165271765 -3.4999999999999996 2280.5000000000005 0.2257240638136864 0.228565588593483 0.23628672212362292 0.23211316019296649 0.23104770481586459 0.39191363751888281 0.22933929413557055 0.21842505037784579 0.32325705885887152 0.19037871062755587 0.23546514660120013 0.39199665188789373 0.45519419014453893 0.38402423262596136 0.44619597494602209 0.23307678103446963 0.36166779696941381 0.48845502734184271 0.23905507475137713 0.47552274167537695 0.24268008023500445 0.31799848377704626 862.50000000000011 0.30217108130455023 980.50000000000011
decision_type=2 2 2 2 2 2 2 2 2 2 2 2 2 2 2 2 2 2 2 2 2 2 2 2 2 2 2 2 2 2 2 2 2 2 2 2 2 2 2 2 2 2 2 2 2 2 2 2 2 2 2 2 2 2 2 2 2 2 2 2 2 2
left_child=2 5 6 4 23 24 20 26 18 33 32 19 61 -9 36 -10 -15 39 -7 -11 -1 -16 60 -3 -2 -22 -6 29 37 30 -18 52 35 -4 54 -8 -12 -20 -38 40 41 43 49 44 -17 -46 -13 48 50 -24 53 -27 -28 -19 55 -29 -35 -41 -36 -48 -21 -5
right_child=1 3 9 12 7 8 10 13 15 11 14 46 -14 16 21 17 27 47 28 22 25 -23 42 -25 -26 51 31 34 -30 -31 -32 -33 -34 56 58 -37 38 -39 -40 57 -42 -43 -44 -45 45 -47 59 -49 -50 -51 -52 -53 -54 -55 -56 -57 -58 -59 -60 -61 -62 -63
leaf_value=-0.062964531575841962 0.048661779192551977 0.053613483932793277 -0.060879476156041612 0.056115569320112392 0.036514939659445002 0.022631608303246623 -0.064037324821530434 -0.0030195062467107967 -0.012163302924264438 0.0073716431320516584 -0.038406464942150574 0.0077848178092938302 0.039515930129327227 0.022751547719772017 -0.022392712083732742 -0.0065692460788226402 -0.0032219694010330786 -0.0096446780723288307 0.009899367250756767 -0.032031581875863795 -0.060879476156041612 -0.0065692460788226402 -0.012163302924264438 0.039175674720294873 0.025864751714141765 -0.050672900011928181 0.026630294988740807 0.035797461830429068 0.0073716431320516584 -0.0032219694010330786 0.015849478466275428 0.018854510146307776 -0.022392712083732742 -0.039115429302202791 0.039515930129327227 -0.04770239345426202 -0.036636939736372685 0.024122650700301632 -0.022392712083732742 0.020427521910701449 -0.0065692460788226402 0.022751547719772017 -0.019684832631381509 -0.0065692460788226402 -0.017257032786881534 0.013662427340953088 -0.016394470607891006 0.00022398031983389603 -0.0032219694010330786 -0.022392712083732742 -0.012163302924264438 -0.037314976122068057 0.038398552526983758 -0.0032219694010330786 0.039515930129327227 0.0080321230751324562 -0.022633699424412228 0.0041719085555974224 0.00022398031983389603 -0.0065692460788226402 -0.021680589717043969 0.049246739958813783
leaf_weight=17183.436121731997 3806.6663894057274 8258.8225274756551 1338.7946046292782 26776.291654512286 12182.482148498297 7212.3560640364885 3806.5900545269251 6381.240073159337 23285.136837169528 860.4669556170702 18094.287687763572 2904.7263973653316 24394.45956902951 9134.8850602656603 13359.226630941033 2301.0629841089249 1372.589542016387 19475.169831141829 8647.269214823842 5054.2429251223803 6784.9629172235727 1071.0901635140181 29438.929283469915 13057.276614382863 9869.3091180026531 9007.8620890080929 14429.506304249167 1275.6352092623711 82708.034324750304 8235.2872738987207 7194.4704652130604 11591.583403080702 730.88526676595211 8122.9055445939302 190.01651792228222 10388.286446064711 4179.2579811513424 5678.2981539517641 3685.0626982301474 4433.5909812748432 4724.2760591059923 1046.5845787525177 24042.543068155646 1781.9105533510447 728.3275374174118 8067.1786171495914 5394.3763689100742 32471.654530256987 30995.102302312851 2002.3992219567299 3855.9387805908918 4942.8449985682964 5726.0191778987646 9930.7247941195965 1294.501281619072 2409.1914803385735 2592.6414598077536 3485.5606873780489 2512.1425755769014 33922.681453943253 35449.914066955447 15354.304557405412
leaf_count=96685 29221 71977 6715 241691 75736 39808 20300 32551 93373 3598 80105 13043 188551 56636 56388 10613 7361 79986 45212 20114 37006 4411 118333 98491 59777 44576 89666 7189 400418 44138 38317 67334 3515 35990 969 52668 17995 29257 15400 21012 22034 5007 95629 8316 3139 38376 22020 138564 134940 8183 16471 23672 35394 43000 7508 13588 11437 16453 13132 140221 143080 135830
internal_value=6.70852e-05 0.0152125 -0.0269734 0.0335348 0.02411 0.00331383 -0.0436333 0.0188387 0.00173802 -0.0166951 -0.0349272 -0.0148445 0.0484446 0.00783717 -0.0292117 -0.00301951 0.0115449 -0.00129258 0.00842763 -0.0184521 -0.0563321 -0.0189602 -0.018848 0.0448633 0.0322133 -0.0508332 0.0288557 0.00736289 0.00737164 0.00309523 0.0105461 0.0259156 -0.0503905 -0.0380417 0.0166963 -0.0520871 -0.0349095 0.0155384 -0.0268598 0.00573166 0.00252831 0.00626729 -0.0158363 0.00406272 0.00706912 0.0111004 -0.00656925 -0.00322197 -0.00496332 -0.0128928 -0.00843595 -0.0459431 0.0299753 -0.00607714 0.0239985 0.0176512 -0.0351301 0.0132742 0.00323638 -0.00656925 -0.0223927 0.0536135
internal_weight=680633 436275 244358 171771 105246 264504 93233.8 83929.6 250828 151125 55314.7 139070 66525.1 40000 40388.9 146582 33618.7 123297 104246 96848.5 37919.1 14430.3 95988 21316.1 13676 20735.7 43929.6 24483.8 97033.6 16802.3 8567.06 31747.1 14925.8 12054.3 7681.49 14194.9 25958.6 14325.6 7864.32 26568.5 18649.3 13925.1 55483.9 12878.5 11096.6 8795.51 42221.8 96728.6 64256.9 31441.3 33261.8 13950.7 20155.5 29405.9 4979.33 3684.83 10715.5 7919.15 2702.16 39317.1 40504.2 42130.6
internal_count=3532120 2461036 1071084 1226059 659987 1234977 452721 489519 1145979 618363 250782 564221 566072 221389 174299 631284 188838 537911 514695 388937 201939 60799 385339 170468 88998 105254 268130 132202 474887 89816 45678 192394 76483 54142 42386 72968 113500 74469 33395 124950 87485 65451 222145 60444 52128 41515 175284 412961 274397 126516 139457 68248 125060 122986 28285 20777 47427 37465 14101 162241 163194 377521
is_linear=0
shrinkage=0.05


Tree=22
num_leaves=63
num_cat=0
split_feature=0 0 0 0 1 1 1 9 9 1 9 1 0 0 9 9 1 9 1 9 10 10 1 1 1 1 1 9 9 10 1 10 1 9 9 1 9 10 10 10 1 9 10 10 10 9 9 10 10 9 10 9 10 9 10 1 9 10 10 9 10 10
split_gain=101726 35757.7 15988.3 9429.39 4409.9 4548.53 4201.48 3514.01 2980.24 2276.41 1506.91 1265.96 1192.6 1111.96 978.66 1139.86 853.705 839.799 632.169 605.043 631.682 519.687 510.927 424.843 528.872 423.847 401.676 367.269 353.128 352.248 319.083 313.643 300.422 368.954 289.16 287.472 270.819 261.035 255.55 253.576 250.753 250.259 281.264 258.673 244.277 225.222 209.06 206.992 199.72 196.183 192.946 225.001 304.084 190.084 201.001 186.688 176.72 175.442 257.719 175.426 170.181 321.191
threshold=-1.0000000180025095e-35 1.0000000180025095e-35 -1.4999999999999998 1.5000000000000002 1040.5000000000002 451.50000000000006 1548.5000000000002 0.33949495851993566 0.32789349555969244 360.50000000000006 0.30364511907100683 1770.5000000000002 -2.4999999999999996 -2.4999999999999996 0.44970461726188665 0.48604546487331396 570.50000000000011 0.29452873766422277 1980.5000000000002 0.19466029852628711 0.23546514660120013 0.21420419216156009 1194.5000000000002 451.50000000000006 120.50000000000001 1440.5000000000002 1110.5000000000002 0.44720508158206945 0.25309312343597418 0.23359713703393939 60.500000000000007 0.23608218133449557 1530.5000000000002 0.19466029852628711 0.20990382134914401 2479.5000000000005 0.37982004880905157 0.21770152449607852 0.2257240638136864 0.22638466209173205 990.50000000000011 0.31738659739494329 0.22460558265447619 0.1970353573560715 0.23004490137100223 0.19466029852628711 0.50473093986511242 0.2472183629870415 0.22474194318056109 0.37323163449764257 0.22474194318056109 0.45420400798320776 0.22192137688398364 0.30191217362880712 0.21787931025028232 3138.5000000000005 0.37090700864791876 0.24059694260358813 0.24268008023500445 0.40332494676113134 0.23519582301378253 0.2283434867858887
decision_type=2 2 2 2 2 2 2 2 2 2 2 2 2 2 2 2 2 2 2 2 2 2 2 2 2 2 2 2 2 2 2 2 2 2 2 2 2 2 2 2 2 2 2 2 2 2 2 2 2 2 2 2 2 2 2 2 2 2 2 2 2 2
left_child=2 5 6 4 23 24 12 28 19 30 20 40 -1 -8 21 18 -14 45 60 -7 32 -10 -23 -3 -2 38 -12 47 -6 39 -4 35 -11 -34 -18 -30 55 41 42 50 -5 -28 53 -16 -37 -15 -25 48 -19 -36 51 -20 -53 54 -21 -31 -52 -38 -59 -43 61 -9
right_child=1 3 9 11 7 8 13 15 14 10 26 -13 16 17 43 -17 34 27 29 25 -22 22 -24 46 -26 -27 37 -29 31 36 -32 -33 33 -35 49 44 57 -39 -40 -41 -42 59 -44 -45 -46 -47 -48 -49 -50 -51 56 52 -54 -55 -56 -57 -58 58 -60 -61 -62 -63
leaf_value=-0.059789150254440676 0.049170094215980314 0.052438284714684313 -0.054600687376476602 0.055575188501646833 0.035357309830489334 0.022171735496778786 -0.045364634523780228 0.024499485875937928 -0.017272969141127366 -0.013955518958271452 -0.024137366307622046 0.037307674332084484 -0.05673648848015015 0.0070931107092957399 -0.024137366307622046 -0.01080125700520977 -0.013955518958271452 -0.032435280083623071 -0.00020554769815704871 0.01115383254531626 0.0070931107092957399 0.0091581468639607977 -0.0014555658171775928 0.03948662559083882 0.026077743945066831 0.0070931107092957399 0.0038983039472209333 -0.041678055703620161 0.027197048870053715 0.026598912726440195 -0.033069580908401716 0.035979042089504518 0.014813191271745808 -0.0063779763747901707 -0.036279683715654619 0.020862347166674539 -0.0014555658171775928 -0.014221639278493096 0.023119718181806921 -0.0014555658171775928 0.047894302625998093 -0.032435280083623071 -0.013955518958271452 -0.01080125700520977 0.0070931107092957399 -0.011759703016092641 0.0019884089199500815 -0.045364634523780228 -0.020904511387609209 -0.046158758800808122 0.037307674332084484 0.035498673147092943 -0.0014555658171775928 0.0038983039472209333 0.027197048870053715 -0.00078857938442379268 0.011001627229753577 0.037307674332084484 0.0032227370474964298 -0.024137366307622046 0.028070758488632021 0.0091581468639607977
leaf_weight=22951.615478426218 3347.6615457832813 7907.6607732996345 2092.5439643859863 26121.238479457796 11945.125368416309 7143.5034351348877 8304.1038666367531 4831.6967157050967 3111.5493295937777 12387.301800042391 21316.676031291485 20143.259698599577 10230.162147790194 509.76270389556885 2231.0984170436859 4166.3814957439899 773.32065713405609 5583.7499131113291 5218.2266163378954 5546.4484574496746 2488.1967979520559 12791.444400519133 99777.568064808846 12286.64122210443 9579.698942296207 80903.747509017587 845.37636215984821 4594.9379424899817 15563.252307385206 3767.7608131319284 9754.8679221719503 5599.9181787148118 2270.7728867381811 21431.935034096241 12309.510135605931 7882.8028580248356 2462.6787356436253 67317.730378583074 6270.2002270817757 6648.5934389978647 18043.830612123013 2797.5081559121609 532.81042562425137 28927.893023684621 2327.831032320857 5650.5012299418449 383.40498528629541 694.10988439619541 11505.533616110682 8538.6714309602976 403.0932269692421 1137.7773733437061 263.37426459789276 1500.758922547102 1967.8823312222958 745.21003741025925 894.21207113564014 559.46713998913765 1181.0921047180891 8092.6167642921209 4028.817106552422 3409.3694945201278
leaf_count=131347 26609 71725 10700 245877 75927 39920 42368 29711 13432 51026 86889 157703 56282 2137 8857 20448 3349 24064 28170 29312 10267 63225 430464 95273 59698 392679 3503 20331 98471 21287 43204 34620 10377 88618 57337 46453 13072 269640 32530 35153 163378 11502 2739 116524 13534 23412 2896 2907 49310 40955 2134 5963 1358 7497 10438 4153 4776 3001 6177 32361 24881 20761
internal_value=6.72279e-05 0.0146266 -0.025849 0.0326601 0.0233254 0.00313995 -0.0423193 0.01819 0.00164854 -0.0158389 -0.0140448 0.0476996 -0.0510974 -0.029261 -0.00293633 0.00744782 -0.0448326 -0.0245738 0.0104641 0.00813037 -0.00564579 -0.000817813 -0.000249438 0.0440461 0.0320611 0.00709311 -0.017273 -0.0290738 0.0280389 0.00562332 -0.0368768 0.0252514 -0.00764544 -0.00434728 -0.039198 0.0229193 0.013573 -0.017273 0.0152776 0.000865427 0.0524383 -0.0223038 0.0101258 -0.0108013 0.0163971 -0.00822444 0.0383521 -0.0258149 -0.0246738 -0.0403278 0.00803006 0.00457253 0.0223547 0.012354 0.0161053 0.0220773 0.0256546 0.00443894 0.0168672 -0.024338 0.0196479 0.0155273
internal_weight=673996 431555 242442 167923 103614 263632 91646 83036.7 250705 150796 138948 64308.3 54803.3 36842.7 146840 39717.8 31851.7 28538.6 35551.4 103865 38578.2 115681 112569 20577.7 12927.4 96721.8 100370 22378.3 43318.9 23281.5 11847.4 31373.8 36090 23702.7 21621.5 25773.9 8716.21 79053.2 15818.1 14565.3 44165.1 11735.5 9547.9 31159 10210.6 6160.26 12670 17783.4 17089.3 20848.2 7916.68 6619.38 1401.15 9015.09 7514.33 4512.97 1297.31 4203.24 1740.56 10890.1 12269.9 8241.07
internal_count=3532712 2460826 1071886 1226902 659944 1233924 453799 490050 1147617 618087 564183 566958 289270 164529 632502 221045 157923 122161 200597 515115 160288 507121 493689 169894 86307 475195 403895 96612 269005 125244 53904 193078 150021 98995 101641 158458 47690 317006 82516 77554 409255 47366 49986 125381 59987 25549 98169 76281 73374 98292 42401 35491 7321 47247 39750 25440 6910 22250 9178 43863 75353 50472
is_linear=0
shrinkage=0.05


Tree=23
num_leaves=63
num_cat=0
split_feature=0 0 0 0 1 1 1 9 9 1 0 1 8 8 8 8 1 1 0 1 12 9 1 8 1 9 8 1 1 10 10 0 9 1 10 8 9 8 8 10 10 9 11 1 9 10 8 8 8 1 11 9 1 1 11 10 8 10 9 9 9 9
split_gain=92793.8 33243.1 15030.4 9180.94 4201.72 4129.63 4106.2 3483.89 2543.05 2164.8 1817.45 1296.75 1270.51 1061.44 1010.31 844.107 623.682 597.161 572.842 526.114 500.367 442.059 416.67 414.525 367.283 351.69 338.654 335.194 327.555 318.828 456.633 318.626 302.351 290.439 310.247 265.066 260.87 248.893 230.797 229.263 225.281 218.074 197.383 173.729 170.433 200.753 188.341 291.963 165.998 163.629 201.548 237.245 163.205 155.984 152.708 150.846 142.836 227.029 189.173 153.171 150.361 137.688
threshold=-1.0000000180025095e-35 1.0000000180025095e-35 -1.4999999999999998 1.5000000000000002 960.50000000000011 1050.5000000000002 510.50000000000006 0.33949495851993566 0.30191217362880712 780.50000000000011 -2.4999999999999996 1938.5000000000002 0.46154439449310308 0.36279271543025976 0.30878235399723059 0.44619597494602209 184.50000000000003 1650.5000000000002 -2.4999999999999996 174.50000000000003 1.5000000000000002 0.30191217362880712 442.50000000000006 0.60130232572555553 442.50000000000006 0.25309312343597418 0.56416115164756786 990.50000000000011 2509.5000000000005 0.23519582301378253 0.24059694260358813 -3.4999999999999996 0.43859021365642553 2280.5000000000005 0.22417488694190982 0.28225387632846838 0.4609022736549378 0.36279271543025976 0.36279271543025976 0.23947858065366748 0.23307678103446963 0.29452873766422277 0.58007952570915233 30.500000000000004 0.3180192261934281 0.2397129833698273 0.43059198558330541 0.41798743605613714 0.55064404010772716 1080.5000000000002 -0.047598851844668381 0.35267423093318945 2029.5000000000002 3090.5000000000005 0.67698124051094066 0.22980927675962451 0.48112049698829656 0.21631539613008502 0.30524310469627386 0.25717833638191229 0.30191217362880712 0.29643437266349798
decision_type=2 2 2 2 2 2 2 2 2 2 2 2 2 2 2 2 2 2 2 2 2 2 2 2 2 2 2 2 2 2 2 2 2 2 2 2 2 2 2 2 2 2 2 2 2 2 2 2 2 2 2 2 2 2 2 2 2 2 2 2 2 2
left_child=2 6 5 4 24 18 19 25 -8 16 26 27 21 35 -9 33 43 -16 -1 -2 -15 -11 -20 -17 -3 -6 31 -5 40 36 49 -7 44 54 -35 -10 50 -18 45 53 56 -24 -41 -4 -23 -31 47 -46 -14 -22 51 -19 -33 -40 -12 -56 58 61 60 -59 -27 -58
right_child=1 3 9 11 7 10 8 14 13 12 15 -13 48 20 17 23 37 29 22 -21 30 32 41 -25 -26 28 -28 -29 -30 38 -32 52 -34 34 -36 -37 -38 -39 39 42 -42 -43 -44 -45 46 -47 -48 -49 -50 -51 -52 -53 -54 -55 55 -57 57 59 -60 -61 -62 -63
leaf_value=-0.061155650384087212 0.044262909801850832 0.051249588873837619 -0.057732152599786118 0.055162872784428434 0.034790867318560993 -0.062083045829031208 0.0095520748065156483 -0.0071150383813896783 -0.014267463000287924 0.0095520748065156483 -0.037163770732432093 0.034790867318560993 -0.0067997787216064892 -0.0014266058856526459 0.023297958826022019 -0.020243255398928742 -0.033051427631276331 0.0012982342977245049 -0.057732152599786118 0.017792476528837396 0.009363217288818124 -0.020243255398928742 -0.033051427631276331 -0.0046119850564608905 0.038355211637645381 0.029034926105223652 -0.020243255398928742 0.046553748301500122 0.018206251206122279 -0.0071150383813896783 0.015696667205890493 -0.048975591045701955 -0.020243255398928742 -0.03763927953911804 -0.020243255398928742 -0.0071150383813896783 0.034525513236976994 -0.020780707453468779 0.034790867318560993 0.015696667205890493 0.034790867318560993 -0.046571992275490186 0.034790867318560993 -0.03784070252296403 -0.014267463000287924 0.014091523892298919 -0.0076854354909277126 -0.020243255398928742 -0.0014266058856526459 0.0012982342977245049 0.0012982342977245049 0.01718890450132933 -0.03763927953911804 0.0031354405735296645 -0.020243255398928742 -0.03763927953911804 0.014183913608139816 0.0095520748065156483 0.024750981561518517 0.034790867318560993 0.009363217288818124 0.034790867318560993
leaf_weight=16021.282668426633 4357.0629123449326 7364.3623696044087 1255.692538484931 24943.238656446338 11975.350284174085 3606.5707858204842 71082.706102132797 6496.7540396228433 12953.494170442224 683.68578007817268 16113.780209392309 16222.096753686666 27585.95105856657 73984.850086823106 7390.1984428539872 13243.095844238997 5562.7450512498617 819.25037357211113 7480.9762195944786 10280.023589923978 8020.30359390378 4458.5559517741203 2978.5427253842354 1075.5744450390339 10899.814919300377 1089.4038220867515 716.15814560651779 20797.222571782768 11725.065936282277 806.14231784641743 7242.5106218606234 7043.2116372138262 19381.200981065631 2948.6269814968109 4801.9501954615116 46108.771759584546 658.45245015621185 16120.9229888767 2004.3016140460968 2701.2924516350031 5564.3229113817215 9308.8148986101151 680.22546476125717 4475.5187888741493 42344.586053177714 1670.1991501450539 11228.01778228581 7470.3578931540251 10008.299784958363 29126.137315228581 12190.319317027926 4393.5193065553904 2884.1759547442198 394.45264038443565 746.27553735673428 749.21480852365494 2488.0783974379301 290.03042029589415 5576.5443579554558 3970.353093765676 437.50901641696692 343.85643655061722
leaf_count=96594 35392 69514 6648 244962 78068 20471 362398 33364 51307 2848 72997 129203 113307 325341 48710 56424 23380 4448 43127 62242 40632 17981 14570 4426 87729 6992 3537 191792 69678 4264 34096 37952 77420 13055 20392 191921 3555 67394 11760 15516 36192 47618 4100 21274 169363 8821 45699 30025 42878 131846 65822 23918 14849 2201 3500 3402 15990 1875 36153 25665 2822 2302
internal_value=0.000100266 0.0140861 -0.0247552 0.0317631 0.0225359 -0.0409553 0.00307687 0.0177925 0.00156105 -0.0151023 -0.0322154 0.0469412 -0.0122736 -0.00164028 0.00718416 -0.0267134 -0.0278093 0.01074 -0.0541236 0.0288116 0.00109138 -0.0156398 -0.0484217 -0.017006 0.0442629 0.0276058 -0.0475324 0.0512496 0.0248298 0.00721297 0.00528814 -0.0493411 -0.0159971 -0.0321934 -0.0241216 -0.00711504 0.00528814 -0.02393 0.0156967 0.0211675 0.0287589 -0.0427489 0.0156967 -0.0424795 -0.0143348 0.00292324 -0.0142675 -0.0148551 -0.00461199 0.00303975 0.00303975 0.0112519 -0.0447062 0.0333332 -0.0357446 -0.0204385 0.0252829 0.0303046 0.0202655 0.0347909 0.00955207 0.0189425
internal_weight=667342 427048 240294 163892 101930 89718.3 263156 83665.6 248519 150576 53928.6 61962.6 123161 177436 40205.1 39678.5 27414.9 33708.4 35789.6 14637.1 118374 85566.4 19768.3 14318.7 18264.2 43460.5 14250.1 45740.5 31485.2 26318.2 44389 13534 84882.7 25359.8 7750.58 59062.3 18061.5 21683.7 8256.61 5780.27 19760.1 12287.4 3381.52 5731.21 65501.5 2476.34 61043 49814.9 37594.3 37146.4 17403.1 5212.77 9927.39 2398.75 17609.3 1495.49 14195.8 7092.32 7103.46 4260.38 1526.91 2831.93
internal_count=3531722 2460591 1071131 1225416 659459 452914 1235175 502216 1137541 618217 251005 565957 499521 775143 226479 174196 118696 193115 201909 97634 531915 343336 105315 60850 157243 275737 76809 436754 197669 144405 206574 73272 340488 113346 33447 243228 97743 90774 46662 33577 127991 62188 19616 27922 263068 13085 245087 199388 156185 172478 94188 28366 52801 13961 79899 6902 91799 45832 45967 27540 9814 18292
is_linear=0
shrinkage=0.05


Tree=24
num_leaves=63
num_cat=0
split_feature=0 0 0 0 1 1 1 9 9 1 0 1 8 8 1 9 12 0 8 9 10 1 8 1 1 8 8 9 9 8 10 1 10 1 10 0 1 9 10 10 8 10 10 10 8 8 9 9 9 10 10 10 9 9 9 9 8 1 9 10 8 8
split_gain=84465.7 31019.3 14323.8 9036.54 4205.98 4107.86 3848.99 3271.23 2354.14 1979.96 1813.56 1307.14 1283.04 831.337 771.424 660.92 684.424 549.058 534.377 511.18 529.027 485.575 422.478 418.659 382.723 377.721 355.395 343.546 328.13 326.239 341.726 317.498 317.437 314.583 308.309 307.379 296.321 295.345 271.263 259.806 245.432 230.984 228.468 371.581 226.574 224.092 219.324 260.621 253.194 348.195 370.743 202.55 197.844 229.587 317.703 195.704 190.425 189.056 188.585 181.596 287.91 181.428
threshold=-1.0000000180025095e-35 1.0000000180025095e-35 -1.4999999999999998 1.5000000000000002 901.50000000000011 1040.5000000000002 472.50000000000006 0.33949495851993566 0.34226986765861517 360.50000000000006 -2.4999999999999996 1500.5000000000002 0.42959892749786383 0.44619597494602209 2370.5000000000005 0.39077325165271765 1.5000000000000002 -2.4999999999999996 0.28225387632846838 0.20178101211786273 0.23479837924242022 2087.5000000000005 0.42735499143600469 174.50000000000003 411.50000000000006 0.36279271543025976 0.56416115164756786 0.20178101211786273 0.40835168957710272 0.45709051191806799 0.23479837924242022 60.500000000000007 0.1970353573560715 2070.5000000000005 0.2397129833698273 -3.4999999999999996 442.50000000000006 0.38476856052875524 0.23093203455209735 0.19875304400920871 0.33991539478302008 0.23992688208818438 0.23546514660120013 0.22530259191989901 0.44619597494602209 0.56198832392692577 0.30191217362880712 0.3180192261934281 0.32264570891857153 0.23041371256113055 0.23757448047399524 0.24786309152841571 0.25834909081459051 0.29361659288406378 0.28810557723045355 0.31515826284885412 0.21525833755731585 2580.5000000000005 0.3380760401487351 0.24390045553445819 0.41979065537452703 0.29661081731319433
decision_type=2 2 2 2 2 2 2 2 2 2 2 2 2 2 2 2 2 2 2 2 2 2 2 2 2 2 2 2 2 2 2 2 2 2 2 2 2 2 2 2 2 2 2 2 2 2 2 2 2 2 2 2 2 2 2 2 2 2 2 2 2 2
left_child=2 6 5 4 36 17 23 27 16 31 26 -5 22 61 56 20 29 -1 -16 -18 37 -14 25 -2 -19 28 35 -6 51 58 38 -4 -29 -34 39 -7 -3 -9 55 -21 -30 57 -20 -42 -26 -15 53 -48 -49 -50 -51 -11 -35 54 -41 -31 -10 -22 -8 60 -60 -12
right_child=1 3 9 11 7 10 8 15 14 12 13 -13 21 45 18 -17 19 24 42 34 41 -23 -24 -25 44 -27 -28 32 40 30 -32 -33 33 52 -36 -37 -38 -39 -40 46 43 -43 -44 -45 -46 -47 47 48 49 50 -52 -53 -54 -55 -56 -57 -58 -59 59 -61 -62 -63
leaf_value=-0.060359486901244222 0.043949264915877945 0.052411354911453503 -0.052371015762694019 0.052411354911453503 0.037376060961542341 -0.06106996915437627 -0.0032118306236282828 0.0084661269386400451 -0.01697058106164883 -0.031134127027458516 -0.042129715978192796 0.037376060961542341 -0.011802318813162661 -0.020138751869292107 -0.01697058106164883 0.0017062252240108548 0.026698623307497917 -0.057245399098571181 -0.0048550495407154136 -0.0048550495407154136 0.037376060961542341 -0.0048550495407154136 -0.031134127027458516 0.017166574266011377 -0.047439299607419175 -0.013053607137205929 -0.016110245727917829 0.009765770558076859 -0.020968061723002737 0.0066611232883790868 0.021949531839589975 -0.030406125415690911 0.031295793866237494 0.032513521593003157 0.022170973831427285 -0.043848885121284598 0.03898579425184448 0.032404431816880866 -0.0048550495407154136 0.012882608261426152 -0.025839054190230849 0.022170973831427285 0.00026711543327667827 -0.0048550495407154136 -0.033241798485891108 -0.011802318813162661 -0.0031147015222688732 0.022170973831427285 0.0084661269386400451 -0.0048550495407154136 0.022170973831427285 -0.01697058106164883 0.022170973831427285 0.022170973831427285 -0.0048550495407154136 -0.0048550495407154136 0.0017062252240108548 0.022170973831427285 -0.013053607137205929 0.022170973831427285 0.0084661269386400451 -0.031134127027458516
leaf_weight=15247.549220569432 4206.163788087666 7069.7239553034306 1986.7942592650652 35218.656527131796 3851.1627718359232 3533.2596359848976 19984.926448643208 10315.958559468389 794.67248137295246 2317.1907974034548 3758.5313497781754 24545.814863279462 32791.008724331856 11928.682777613401 8191.2019395828247 21523.85011292249 3497.3536956161261 6660.4783480316401 48499.079734504223 2091.0380823016167 2279.9949789792299 28886.859794095159 1644.8975158780813 8747.0328156650066 7833.2399832904339 40753.048101067543 719.9219790995121 1131.8388614729047 24502.271013811231 42686.48864479363 3079.5074566453695 9627.2495097368956 16692.000361256301 4627.4905909448862 3692.4965378046036 9821.2181983143091 9327.5901036113501 1339.3561326861382 3693.0091640353203 17234.588247105479 2650.9894827455282 3974.7887035906315 21769.865138202906 4705.4076059162617 4402.5757993608713 2548.9232445061207 6306.1503129452467 1794.4605380296707 3918.6105560809374 2865.8427302539349 513.66164404153824 700.70548258721828 17170.855347216129 2755.461333245039 1993.0972176641226 2078.7738031297922 48536.997586429119 1182.2394728809595 393.83757854998112 370.36711786687374 2946.7177218198776 21555.305585384369
leaf_count=95372 35270 69398 10696 356763 25791 20787 89987 59253 3171 9196 17227 208825 134557 51303 32037 118735 20065 39835 203315 10832 14556 119626 6735 54087 41440 164102 3606 7581 98514 213562 16491 43500 114515 29355 18807 53538 77796 7647 17816 87660 10911 24355 91970 18712 22088 10496 30186 8754 19110 13307 2464 2722 104289 14602 10115 9511 215810 6755 1688 1629 12886 97354
internal_value=8.50549e-05 0.0135051 -0.0237028 0.0308411 0.0216841 -0.0397272 0.00292738 0.0171666 0.00154868 -0.014336 -0.0311259 0.046237 -0.0126782 -0.0256684 -0.00319297 0.00696358 0.00651964 -0.0532955 -0.00627332 0.0112769 0.0137618 -0.00730009 -0.0169706 0.0295013 -0.0475927 -0.0169706 -0.0465525 0.0266986 -0.020143 0.00356893 0.00580146 -0.0341678 0.02526 0.0261288 0.00976577 -0.0484094 0.0448487 0.00976577 0.00477483 0.00846613 -0.0185633 0.0245581 -0.00485505 -0.0105518 -0.042334 -0.0161102 0.00846613 0.00491441 0.00846613 0.00614008 -0.00485505 -0.0311341 0.022171 0.0126962 0.0106596 0.00589363 0.00170623 0.0355546 -0.00128681 0.00846613 0.00410371 -0.0311341
internal_weight=661469 422893 238576 160251 100487 88009.7 262641 84089.5 249688 150566 53865.8 59764.5 138952 39791.4 127792 40616.2 121896 34143.8 78460.1 46662.8 19092.3 61677.9 77274.5 12953.2 18896.3 75629.6 14074.4 43473.3 34876.6 75233.6 51537.8 11614 39622.2 38490.3 43165.4 13354.5 16397.3 11655.3 48458.3 39472.9 31858.7 7437.02 70268.9 7356.4 12235.8 14477.6 37381.9 15398.7 9092.58 7298.11 3379.5 3017.9 21798.3 21983.1 19227.7 44765.3 49331.7 3462.23 23695.8 3710.92 3340.56 25313.8
internal_count=3533063 2460746 1072317 1225614 660026 453046 1235132 512832 1145775 619271 254311 565588 565075 176380 546303 231301 599472 198735 327322 235902 112566 254183 310892 89357 103363 304157 77931 281531 140055 363570 257380 54196 255740 248159 215837 74325 147194 66900 240889 197030 128137 45666 295285 29623 63528 61799 186198 73821 43635 34881 15771 11918 133644 112377 97775 223073 218981 21311 106190 16203 14574 114581
is_linear=0
shrinkage=0.05


Tree=25
num_leaves=63
num_cat=0
split_feature=0 0 0 0 1 1 1 8 8 1 0 1 8 8 8 10 10 8 0 1 1 1 8 10 1 1 1 1 8 1 10 10 0 8 1 8 8 8 8 10 12 1 10 8 8 8 1 1 1 1 8 8 8 8 8 8 8 1 10 11 10 8
split_gain=76601.9 28879.9 13530.3 8968.3 4095.69 4073.96 3631.32 2483.67 2192.33 1959.77 1892.93 1333.9 1176.84 1039.86 775.389 732.591 713.044 593.389 527.308 489.773 459.239 455.185 440.543 430.112 398.487 393.772 374.023 370.82 356.281 345.585 310.094 309.675 308.478 296.112 292.95 285.549 419.992 280.123 355.341 499.61 429.146 279.61 278.413 264.972 330.973 250.226 314.988 234.573 265.295 254.499 219.149 359.455 219.059 200.237 195.897 484.702 202.051 219.09 190.333 190.233 189.269 184.444
threshold=-1.0000000180025095e-35 1.0000000180025095e-35 -1.4999999999999998 1.5000000000000002 1011.5000000000001 951.50000000000011 472.50000000000006 0.37011507153511053 0.4416430145502091 360.50000000000006 -2.4999999999999996 1789.5000000000002 0.46154439449310308 0.48112049698829656 0.56885173916816723 0.23318386822938922 0.23574929684400561 0.34756815433502203 -2.4999999999999996 1920.5000000000002 1639.5000000000002 1819.5000000000002 0.58457565307617199 0.22781910002231601 2370.5000000000005 2539.5000000000005 360.50000000000006 174.50000000000003 0.56885173916816723 442.50000000000006 0.23546514660120013 0.21239183843135837 -3.4999999999999996 0.37639422714710241 50.500000000000007 0.44098128378391271 0.45418073236942297 0.42793531715869909 0.39199665188789373 0.22878771275281909 1.5000000000000002 990.50000000000011 0.22244768589735034 0.43958365917205816 0.42617776989936834 0.55624774098396312 2269.5000000000005 1500.5000000000002 1132.5000000000002 1500.5000000000002 0.38683760166168218 0.46333402395248419 0.44619597494602209 0.44254073500633245 0.49595978856086737 0.47552274167537695 0.52730908989906322 1789.5000000000002 0.228565588593483 -1.0962244868278501 0.2472183629870415 0.47552274167537695
decision_type=2 2 2 2 2 2 2 2 2 2 2 2 2 2 2 2 2 2 2 2 2 2 2 2 2 2 2 2 2 2 2 2 2 2 2 2 2 2 2 2 2 2 2 2 2 2 2 2 2 2 2 2 2 2 2 2 2 2 2 2 2 2
left_child=2 6 4 5 18 29 27 47 16 34 28 41 20 15 19 21 17 24 -1 50 59 -9 -10 31 42 -17 -20 -2 32 -3 45 -19 -6 58 -4 -23 53 38 40 -40 -25 -5 -8 44 48 51 -47 -7 -18 -33 -12 -14 -28 -37 55 -53 -56 -58 -21 -11 -35 -36
right_child=1 3 9 11 10 7 8 13 22 12 14 -13 30 -15 -16 25 43 23 26 33 -22 35 -24 37 -26 -27 52 -29 -30 -31 -32 49 -34 60 61 36 -38 -39 39 -41 -42 -43 -44 -45 -46 46 -48 -49 -50 -51 -52 54 -54 -55 56 -57 57 -59 -60 -61 -62 -63
leaf_value=-0.059641256653774788 0.043219375069050291 0.050799810899881406 -0.053654566338236065 0.05437521639095011 -0.060262215958014821 0.015099965617887135 0.0014810276234811844 0.02139383302530155 0.0059406763944078074 -0.027576761196481614 -0.038495878467716349 0.034465705689567458 0.0059406763944078074 0.02932912036461708 -0.0049899868293120583 0.030216918379298352 0.014730742144895427 -0.012271468504649479 -0.057287108153588943 -0.035870938634503517 -0.012271468504649479 0.0014810276234811844 0.016066155447689332 -0.012271468504649479 -0.012271468504649479 0.0137024497065634 -0.046845598095153484 0.016231866021388784 -0.01089849331915177 0.037291700051637337 0.0059406763944078074 0.013789548657875026 -0.043026894347603824 -0.015784019031727905 -0.034168798464658319 0.0059406763944078074 0.0059406763944078074 -0.012271468504649479 -0.012271468504649479 0.0014810276234811844 0.0014810276234811844 0.045816974865705282 -0.010620565269948997 -0.012271468504649479 0.0137024497065634 -0.0049899868293120583 0.0059406763944078074 0.0014810276234811844 0.0008776762832774735 0.0014810276234811844 -0.027576761196481614 -0.015784019031727905 -0.032850716768296109 0.034465705689567458 -0.015784019031727905 0.0029590658467750835 -0.016793713540132472 0.0024215280662436816 -0.017831154179999868 -0.018076676452383839 -0.043026894347603824 -0.018204938661663509
leaf_weight=14374.170785613358 4036.5124810710549 6793.1458449438214 1555.0213823467493 22919.600290395319 3548.640857219696 3244.7836409881711 8323.8011871576309 6852.9663461819291 88656.881496116519 4138.8963306695223 7453.7046563923359 18327.124437212944 841.69820120930672 23714.937416426837 2158.629672601819 10208.913340322673 3830.5497541874647 1062.51607888937 5746.8974522873759 3945.0653612911701 59500.78046528995 9704.0044899433851 12222.985688611865 8167.1027166843414 24280.461664929986 5587.7728881835938 7757.1151006370783 8708.5739544332027 695.58734647929668 10053.700693070889 1560.885797649622 5270.2787582576275 9770.1543698906898 11779.400332391262 7457.3347872495651 331.19023314118385 4533.5807926207781 5752.0958760082722 1476.9933079630136 12306.61837939918 5189.34736533463 16455.740576118231 6916.5787359178066 952.4633626639843 4979.8110943585634 5982.0252735614777 4383.8993968218565 16180.05477258563 35264.794511675835 24565.874513655901 12036.331403538585 5097.7818914055824 4392.6909345090389 1927.900072298944 10742.156269848347 7784.6648790538311 2555.3052072525024 3534.0731206089258 2328.4483259171247 32482.915918305516 285.982849791646 2394.1965358108282
leaf_count=93283 34947 69436 8653 244790 21676 21388 34396 46922 436780 17199 35704 155149 3488 157385 8887 66947 19115 4546 35689 18239 239116 53610 68392 34464 96863 32861 42363 54398 3516 85574 6374 25588 54699 50115 34423 2017 27999 25978 6562 54350 23563 165765 29414 4304 23536 25278 18890 84842 151387 105908 54783 20823 22636 11943 44025 31847 10545 14651 10267 131913 1202 10887
internal_value=0.000129048 0.0129717 -0.0226338 0.0299409 -0.0384109 0.0208186 0.00281234 0.0162319 0.00148103 -0.01356 -0.0299883 0.0456126 -0.0119204 0.0210667 -0.0244453 0.0160606 -0.00238626 -0.00474222 -0.052504 -0.026235 -0.0149832 0.0104339 0.00716766 -0.00175954 -0.00955642 0.0243765 -0.0467686 0.0288428 -0.0458013 0.0432194 -0.00498999 0.00148103 -0.0476232 -0.0203677 -0.0334808 0.00716766 0.0138127 -0.00580292 -0.00352402 0.00148103 -0.0093544 0.0507998 -0.00307977 0.00148103 0.00148103 -0.00498999 0.000647698 0.00148103 0.00148103 0.00148103 -0.0317544 -0.00834226 -0.041789 0.0314528 -0.00955203 -0.00491096 -0.0131037 -0.00564326 -0.0291793 -0.0193887 -0.015784 -0.0302914
internal_weight=655084 418800 236284 156835 86272.8 99133 261964 82286.1 249219 150012 54001.9 57702.5 138605 62861.3 39987.6 39146.3 148339 103312 32270.9 37828.9 96122.6 23349.6 100880 63790.8 39520.8 15796.7 17896.7 12745.1 14014.4 16846.8 42482.5 30898.7 13318.8 18338.9 11406.6 16496.7 6792.67 32892.2 27140.1 13783.6 13356.5 39375.3 15240.4 45027.6 44075.2 40921.6 10365.9 19424.8 39095.3 29836.2 19490 30555.7 12149.8 2259.09 29714 12882.4 16831.5 6089.38 6273.51 36621.8 12065.4 9851.53
internal_count=3532290 2461119 1071171 1226628 453059 660924 1234491 505914 1145146 618112 259088 565704 564149 399684 179197 242299 639974 441632 193971 170310 388228 142491 505172 280959 160673 99808 100688 89345 79891 155010 175921 136042 76375 79823 53963 95569 41959 144917 118939 60912 58027 410555 63810 198342 194038 169547 44168 106230 170502 131496 90487 125379 64999 13960 121891 52670 69221 25196 28506 149112 51317 45310
is_linear=0
shrinkage=0.05


Tree=26
num_leaves=63
num_cat=0
split_feature=0 0 0 0 1 1 1 9 9 1 0 1 8 9 8 9 1 0 1 1 8 1 9 10 9 9 10 1 0 9 10 1 1 1 1 10 10 9 8 9 1 9 10 9 8 8 1 10 9 8 11 8 8 9 9 9 9 10 10 10 9 9
split_gain=69476.2 27305.1 12746.6 8555.27 4070.95 3970.38 3436.5 2829.52 1958.18 1781.93 1650.05 1335.2 1121.52 807.316 774.986 710.142 630.409 620.495 489.769 424.409 413.317 403.108 359.228 350.675 329.073 321.299 349.716 319.955 299.594 296.255 282.108 278.063 271.435 305.081 261.336 253.78 331.468 269.439 244.161 493.229 241.82 241.725 240.726 236.295 234.321 276.665 218.582 212.843 208.529 238.543 312.028 204.855 333.93 294.782 248.167 225.916 214.524 290.451 317.759 200.769 207.167 197.602
threshold=-1.0000000180025095e-35 1.5000000000000002 -1.4999999999999998 1.0000000180025095e-35 1071.5000000000002 901.50000000000011 482.50000000000006 0.33949495851993566 0.30191217362880712 360.50000000000006 -2.4999999999999996 1620.5000000000002 0.42959892749786383 0.39077325165271765 0.44619597494602209 0.48604546487331396 1938.5000000000002 -2.4999999999999996 142.50000000000003 570.50000000000011 0.42735499143600469 1280.5000000000002 0.19466029852628711 0.19875304400920871 0.48981106281280523 0.25309312343597418 0.23608218133449557 451.50000000000006 -3.4999999999999996 0.18625104427337649 0.23519582301378253 30.500000000000004 1500.5000000000002 1850.5000000000002 2610.5000000000005 0.22650390863418582 0.22401636093854907 0.25606970489025122 0.4416430145502091 0.30284313857555395 1011.5000000000001 0.13645498454570773 0.23004490137100223 0.21470168977975848 0.45418073236942297 0.473398968577385 892.50000000000011 0.21663307398557666 0.50473093986511242 0.252724438905716 0.22422833740711215 0.36279271543025976 0.37428823113441473 0.40835168957710272 0.40581774711608892 0.42126683890819555 0.46627688407897955 0.23053456097841266 0.23465987294912341 0.21613498777151111 0.29643437266349798 0.29827889800071722
decision_type=2 2 2 2 2 2 2 2 2 2 2 2 2 2 2 2 2 2 2 2 2 2 2 2 2 2 2 2 2 2 2 2 2 2 2 2 2 2 2 2 2 2 2 2 2 2 2 2 2 2 2 2 2 2 2 2 2 2 2 2 2 2
left_child=2 3 4 6 17 27 18 25 22 31 28 46 20 21 -12 16 -9 -1 -2 -19 24 -10 29 -16 34 -7 33 -5 -6 41 47 -4 -24 -27 51 36 -25 -37 -28 -40 -14 -8 44 -42 -35 -46 -3 -18 -26 50 -50 53 54 -11 -53 -55 57 -57 -59 60 -47 -33
right_child=1 11 9 5 10 7 8 15 13 12 14 -13 40 -15 23 -17 30 19 -20 -21 -22 -23 32 35 48 26 38 -29 -30 -31 -32 61 -34 42 -36 37 -38 -39 39 -41 43 -43 -44 -45 45 59 -48 -49 49 -51 -52 52 -54 55 -56 56 -58 58 -60 -61 -62 -63
leaf_value=-0.05857760061942107 0.04334382563978427 0.054405339182177104 -0.052549695864706029 0.05097428714801952 -0.05673016480801011 0.0318274709536625 0.0318274709536625 0.017864745477411247 0.0092458994990375892 -0.028557619621167971 -0.028557619621167971 0.034999981202937368 -0.013183725898999098 -0.0056054395038915555 -0.0063138276502995184 -0.0056054395038915555 0.018338724015825637 -0.052549695864706029 0.02202524082322109 -0.037447792122790168 -0.028557619621167971 8.3607059900498042e-05 0.014332948052926753 -0.018768363034233088 -0.028557619621167971 0.027360874101293276 0.034999981202937368 0.036906279529301395 -0.039306663855966435 0.0318274709536625 0.012288761915036854 -0.016929636376849629 0.0056958018834347025 0.033820310302570655 -0.0081813978255902801 -0.039306663855966435 -0.039306663855966435 -0.0063138276502995184 0.034999981202937368 0.0092458994990375892 0.0056788706985210595 0.009078480192157767 0.0056958018834347025 -0.0059239499142483588 0.0056958018834347025 0.0056958018834347025 0.04636724124991521 8.3607059900498042e-05 -0.028557619621167971 -0.0086124395022969882 -0.0056054395038915555 -0.0056054395038915555 -0.015291541168298277 -0.0056054395038915555 -0.028557619621167971 -0.028557619621167971 -0.0093004130570049637 -0.0056054395038915555 -0.027853875255275606 0.02679810863898105 0.034999981202937368 -0.03327420787043206
leaf_weight=14528.05577018857 3261.699078604579 19898.803521730006 1163.4844376295805 6757.0644617080688 3321.7797743678093 11437.423725865781 646.62928918004036 12250.218768246472 13786.43912781775 2227.5936295986176 24346.326275661588 21004.481856808066 11064.566145464778 71265.16790689528 1550.9512329697609 4291.0624892190099 1598.8408711701632 9062.165243819356 9792.4064929261804 9595.1558324545622 1630.8607498705387 92846.293239742517 10997.820320412517 7771.1947857737541 1963.0743646919727 8332.2441570088267 2836.8378684967756 8560.4797441884875 9676.4459612071514 1511.5625520199537 7020.8092985004187 2441.6745217293501 52609.855858653784 2202.515668220818 17182.553960040212 198.12946310639381 958.62232193350792 3622.883112385869 1487.7374619469047 1106.8545972034335 4853.3674044013023 4709.3127212524414 3930.0035186186433 45692.753544390202 2477.9021973013878 2828.5359615236521 14830.24699665606 15001.840903937817 3261.3079471439123 3354.1219355165958 606.24704629182816 3767.5397349596024 25385.135475814342 2958.6775365620852 876.48537810146809 6474.6410845816135 3749.6886023879051 1626.5883871167898 1860.1694842725992 5012.2092387080193 471.04311303794384 7664.9492304623127
leaf_count=97792 29482 221947 6707 71795 20808 79498 3647 80432 69116 8848 112486 185646 45400 296277 6425 21280 8707 56243 62891 50620 6734 412936 59358 33535 7982 59946 18946 75124 54695 8806 40224 11229 264933 13929 68796 825 4130 15684 10000 7408 21539 27257 24322 186702 15420 17779 158390 80580 13186 13521 2486 15117 102880 11788 3546 26613 15179 6543 7481 31604 3003 36080
internal_value=9.66726e-05 0.012394 -0.0216596 0.00733938 -0.0371709 0.019971 0.00262329 0.0156197 0.001309 -0.0128964 -0.0283626 0.0449547 -0.0113409 -0.00148533 -0.023155 0.00612411 0.00866099 -0.050825 0.0276276 -0.0447855 -0.015367 0.00126827 0.00836255 -0.0138261 -0.0147194 0.024673 0.0220054 0.0433438 -0.0437634 0.0192261 0.00388732 -0.0320149 0.00718937 0.0195285 -0.0134869 -0.0178575 -0.022561 -0.00710829 0.0335166 0.0195001 -0.00631383 0.0133329 0.0156706 -0.00560544 0.018959 0.0159225 0.0509743 0.000333638 -0.023588 -0.0183743 -0.0268357 -0.01535 -0.0127826 -0.0194289 -0.00560544 -0.0167795 -0.0194976 -0.0233347 -0.0116359 0.0204934 0.010911 -0.0293276
internal_weight=649202 414764 234437 359031 84631.7 97603.6 261427 82286.1 248373 149805 51446.3 55733.5 138535 177898 38448.1 40162.8 35871.7 33185.4 13054.1 18657.3 76924.7 106633 70475.2 14101.8 75293.8 42123.3 30685.9 15317.5 12998.2 6867.5 23621.5 11270.1 63607.7 25254.5 66109.1 12550.8 8729.82 3821.01 5431.43 2594.59 61610.7 5355.94 16922.2 50546.1 12992.2 10789.7 34729.1 16600.7 9184.75 7221.68 3867.55 48926.5 30029.2 18897.4 4644.03 16669.8 13711.1 9961.4 3486.76 8311.79 3299.58 10106.6
internal_count=3532283 2460683 1071600 1894700 453243 659997 1234703 513078 1142330 618357 248588 565983 564341 778329 173085 231223 209943 204655 92373 106863 310700 482052 364001 60599 303966 281855 202357 146919 75503 39710 129511 54016 324291 166003 266791 54174 37665 16509 36354 17408 253641 30904 106057 208241 81735 67806 380337 89287 37175 29193 15672 197995 121543 76452 18663 67604 55816 40637 14024 52386 20782 47309
is_linear=0
shrinkage=0.05


Tree=27
num_leaves=63
num_cat=0
split_feature=0 0 0 0 1 1 1 9 9 0 1 1 8 9 9 8 0 1 1 12 1 8 9 9 8 0 9 9 1 1 8 8 1 9 9 1 8 9 12 9 8 8 9 9 9 8 9 8 8 9 9 1 1 8 9 8 1 11 11 1 11 1
split_gain=63378.1 26052 11946 7839.85 3994.09 3866.63 3069.42 2796.64 1850.85 1783.57 1629.03 1381.42 1060.37 729.214 731.625 707.21 584.749 535.792 526.184 401.611 390.741 388.21 400.363 349.805 319.221 319.212 316.621 314.713 307.269 305.214 291.058 282.341 271.302 238.819 229.731 228.766 224.795 212.445 194.588 192.058 180.585 218.819 463.605 438.365 397.114 177.584 185.273 314.989 455.626 547.456 176.373 175.678 173.293 168.868 167.587 167.153 164.289 163.543 159.91 157.825 199.941 153.676
threshold=-1.0000000180025095e-35 1.5000000000000002 -1.4999999999999998 1.0000000180025095e-35 1011.5000000000001 901.50000000000011 482.50000000000006 0.33949495851993566 0.30191217362880712 -2.4999999999999996 390.50000000000006 1500.5000000000002 0.42959892749786383 0.39077325165271765 0.48604546487331396 0.44619597494602209 -2.4999999999999996 142.50000000000003 1650.5000000000002 1.5000000000000002 360.50000000000006 0.42397160828113561 0.39191363751888281 0.19466029852628711 0.56416115164756786 -3.4999999999999996 0.20178101211786273 0.18625104427337649 30.500000000000004 420.50000000000006 0.56198832392692577 0.37428823113441473 2479.5000000000005 0.13645498454570773 0.29452873766422277 1521.5000000000002 0.46632041037082678 0.25834909081459051 5.5000000000000009 0.20178101211786273 0.38245677947998052 0.36279271543025976 0.40835168957710272 0.40581774711608892 0.42126683890819555 0.29079855978488928 0.39077325165271765 0.41067200899124151 0.3996726274490357 0.33949495851993566 0.32725121080875402 901.50000000000011 921.50000000000011 0.42959892749786383 0.29552344977855688 0.45418073236942297 1410.5000000000002 1.006493926048279 -0.091709241271018968 951.50000000000011 0.47855345904827123 1999.5000000000002
decision_type=2 2 2 2 2 2 2 2 2 2 2 2 2 2 2 2 2 2 2 2 2 2 2 2 2 2 2 2 2 2 2 2 2 2 2 2 2 2 2 2 2 2 2 2 2 2 2 2 2 2 2 2 2 2 2 2 2 2 2 2 2 2
left_child=2 3 4 6 16 29 17 26 23 24 28 52 21 19 18 38 -1 -2 57 -10 -18 22 31 27 25 -6 -7 33 -4 -5 -17 -12 -28 -8 -22 54 48 -34 -11 -14 41 42 -24 -43 -44 -20 47 -47 -21 -50 -23 -15 -3 -51 -25 58 -46 -9 -39 -41 -57 -33
right_child=1 11 10 5 9 7 8 14 13 15 12 -13 39 51 -16 30 20 -19 45 36 34 50 40 35 -26 -27 32 -29 -30 -31 -32 61 37 -35 -36 -37 -38 55 -40 59 -42 43 44 -45 56 46 -48 -49 49 53 -52 -53 -54 -55 -56 60 -58 -59 -60 -61 -62 -63
leaf_value=-0.05827295157432677 0.04266882038138594 0.053985681231902297 -0.054820883673487253 0.051127773519955157 -0.058691164117651122 0.034896493814530492 0.034896493814530492 0.016325567051993697 -0.0011840986447585623 -0.02741666237680547 -0.0053412188487591394 0.034896493814530492 0.0049151784467555909 0.0048898573532932914 -0.0053412188487591394 -0.017361885359582208 -0.055413103219924757 0.020501923382321936 0.034896493814530492 0.0139081662450259 -0.02741666237680547 -0.0011840986447585623 -0.02741666237680547 0.011227654441446529 -0.013520897814390124 -0.040559217086421379 0.025945372531150146 0.034896493814530492 -0.027330610424404846 0.03671239874277625 -0.005880408140868227 -0.01563453812642945 0.028274615996709281 0.0090747712905403666 -0.043108773423538624 0.0056015223763616565 -0.005880408140868227 0.034896493814530492 -0.040559217086421379 -0.012793788587544049 -0.02741666237680547 -0.0053412188487591394 -0.0053412188487591394 -0.02741666237680547 -0.02409070243121662 0.015464204425580875 0.00016180886509779767 0.0048620722910543319 0.0098709045897215179 -0.0065571101881686834 -0.02741666237680547 -0.0053412188487591394 0.046240944707645677 0.0048620722910543319 0.025945372531150146 0.0098709045897215179 -0.015677101947855248 0.034896493814530492 0.0168326668087482 -0.005880408140868227 0.02713649246439602 -0.008399719686643832
leaf_weight=13336.275560922921 3151.1725414544344 19679.2458332479 1119.8710066527128 6040.3928812518716 3282.7590625137091 3621.767378591001 637.135915979743 6921.9959362894297 67000.756512194872 22632.863789081573 2590.7955952882767 22628.72814501822 4119.1365378648043 4195.0836723446846 4331.9769651144743 11942.406926333904 5387.9524159356952 9655.7623689696193 192.88633340597153 9343.3756972402334 2834.6863622367382 205.74707590043545 2560.6932757347822 9962.7781066894531 713.25930339097977 9398.3837974071503 23384.076544255018 1476.3017060905695 11051.317455917597 8790.7106494903564 2561.4722371548414 14722.192449748516 3348.6252942234278 4666.0013048797846 8783.6911997795105 52128.326999604702 2475.0879862010479 759.39050133526325 2216.7291179299355 8979.5132647007704 602.31107576191425 4342.2150959074497 4086.2989891767502 1523.1807698756456 8366.2864929735661 8606.3529570922256 12993.585535734892 5708.8080502450466 14203.163185492158 11739.754518449306 3596.1184188425541 67441.268702849746 11518.833469830453 1899.0934315919876 1226.8039630055428 5690.2942335903645 18974.715729609132 1231.811012968421 2999.8501275628805 48141.561308547854 1679.0842196047306 14646.616680890322
leaf_count=93375 29429 229275 6664 66908 21544 25854 3656 47874 295713 105543 10237 208955 18533 20323 21418 52264 35815 62879 956 43409 15055 861 10190 53828 3701 55087 164496 8760 51847 80119 10594 59873 22366 27124 49868 263194 11709 4780 10962 36774 2491 17543 16267 6199 34572 50328 70294 31655 69025 53361 14732 277174 128168 9180 6925 35233 76539 8743 18729 196715 10506 58743
internal_value=7.83036e-05 0.0118761 -0.0207742 0.00699339 -0.035976 0.0191876 0.00249751 0.0149125 0.00126673 -0.0276607 -0.0123323 0.0443049 -0.0107797 -0.00143949 0.00547685 -0.0222958 -0.0504299 0.0263669 0.00816976 0.00118104 -0.0442764 -0.0147162 -0.0138821 0.00815012 -0.0434204 -0.0452573 0.0240076 0.0189439 -0.0298643 0.0426688 -0.0135209 -0.00969878 0.0226145 0.0131278 -0.0391075 0.00699415 0.00486207 0.0172329 -0.0274167 -0.00588041 -0.0171866 -0.0165731 -0.0181123 -0.0076528 -0.0159918 0.00486207 0.00486207 0.00840809 0.00486207 0.00300069 -0.0274167 -0.00534122 0.0511278 -0.00415399 0.0134808 0.0139082 -0.0182524 0.0193242 0.0224963 -0.00588041 0.0098709 -0.0120268
internal_weight=644049 411330 232719 357503 83090.5 96301.6 261202 81470.5 248395 52747.9 149629 53826.8 137457 178298 39987.4 39353.5 30342.6 12806.9 35655.4 106661 17006.3 76217.2 72415.3 70097.3 13394.4 12681.1 41483.1 6779.44 12171.2 14831.1 14503.9 31959.6 37861.3 5303.14 11618.4 63317.9 39660.5 14477.2 24849.6 61240.2 40455.7 39853.4 33988 5865.4 31427.3 27501.6 27308.7 14315.2 37185.4 27842 3801.87 71636.4 31198.1 13638.8 11189.6 11128.6 27341 8153.81 3759.24 57121.1 7369.38 29368.8
internal_count=3534934 2462346 1072588 1895948 453808 660259 1235689 513232 1143381 259695 618780 566398 560269 779894 231268 179363 194113 92308 209850 482397 100738 308247 292654 363487 80332 76631 281964 39540 58511 147027 62858 128853 256110 30780 64923 323947 186684 91614 116505 252022 163801 161310 137568 23742 127378 153233 152277 81983 174975 131566 15593 297497 357443 62541 60753 69248 111111 56617 23509 233489 45739 118616
is_linear=0
shrinkage=0.05


Tree=28
num_leaves=63
num_cat=0
split_feature=0 0 0 0 1 1 1 9 9 0 1 1 8 8 0 1 9 9 1 1 8 1 1 1 9 9 1 9 9 1 10 8 10 8 8 8 8 10 8 9 0 10 9 8 8 11 10 1 10 9 1 1 12 11 11 1 8 10 10 9 9 10
split_gain=57602.9 24830.6 11334.7 7226.02 3936.97 3623.01 2964.6 2517.21 1688.41 1623.49 1623.02 1386.22 886.272 706.073 624.294 580.064 565.288 487.335 488.324 480.28 448.041 436.891 381.277 372.853 347.178 321.067 310.865 300.048 292.57 273.915 253.605 294.308 315.934 268.082 534.868 257.758 468.872 210.062 205.651 201.204 190.605 182.539 180.907 179.703 179.405 175.863 223.177 174.685 247.07 173.736 158.166 157.647 154.34 162.902 154.015 151.663 147.907 138.056 136.352 135.788 205.334 199.601
threshold=-1.0000000180025095e-35 1.5000000000000002 -1.4999999999999998 1.0000000180025095e-35 1040.5000000000002 951.50000000000011 540.50000000000011 0.33949495851993566 0.34226986765861517 -2.4999999999999996 540.50000000000011 1521.5000000000002 0.47112825512886053 0.57808911800384533 -2.4999999999999996 142.50000000000003 0.48604546487331396 0.19466029852628711 1860.5000000000002 1920.5000000000002 0.28225387632846838 531.50000000000011 60.500000000000007 420.50000000000006 0.44720508158206945 0.30915527045726782 1459.5000000000002 0.20178101211786273 0.48981106281280523 951.50000000000011 0.23608218133449557 0.48112049698829656 0.2004567235708237 0.4416430145502091 0.46077333390712744 0.45418073236942297 0.44254073500633245 0.23519582301378253 0.35915148258209234 0.28810557723045355 -3.4999999999999996 0.21392750740051272 0.3879420012235642 0.31799848377704626 0.609165519475937 0.48845502734184271 0.23905507475137713 990.50000000000011 0.2257240638136864 0.37008513510227209 2160.5000000000005 2070.5000000000005 4.5000000000000009 0.0088527142070233839 -0.80133870244026173 1770.5000000000002 0.3772092759609223 0.2472183629870415 0.21268417686223987 0.29361659288406378 0.25834909081459051 0.21631539613008502
decision_type=2 2 2 2 2 2 2 2 2 2 2 2 2 2 2 2 2 2 2 2 2 2 2 2 2 2 2 2 2 2 2 2 2 2 2 2 2 2 2 2 2 2 2 2 2 2 2 2 2 2 2 2 2 2 2 2 2 2 2 2 2 2
left_child=2 3 4 6 14 23 15 27 17 25 22 47 28 19 -1 -2 18 -8 52 49 -10 -16 -4 -5 57 44 -19 -7 -12 -22 31 35 -33 -32 -35 36 -29 41 -23 48 -27 58 45 -44 -6 46 -39 -3 -28 -11 -42 -13 53 -9 -54 -34 -48 -21 -20 60 -57 -62
right_child=1 11 10 5 9 7 8 16 20 13 12 51 -14 -15 21 -17 -18 26 37 24 29 38 -24 -25 -26 40 39 30 -30 -31 33 32 55 34 -36 -37 -38 42 -40 -41 50 -43 43 -45 -46 -47 56 -49 -50 -51 -52 -53 54 -55 -56 59 -58 -59 -60 -61 61 -63
leaf_value=-0.057400318230968077 0.040821063199885627 0.053328711146054433 -0.047818241330071572 0.050641989821608113 -0.031159450774883374 0.03407918136461182 0.018475702738897325 0.022591577493739079 -0.012254033579838694 -0.024509647783591607 -0.012254033579838694 0.040422879934947441 -0.0030660379296283697 -0.0030660379296283697 -0.05167399587890964 0.01916366353739175 -0.0029509909336660825 0.010716749513330433 0.0035213343894609133 -0.013197256902329139 0.0078960537559868427 -0.048072137296259601 -0.023536159978077922 0.0346984382267157 -0.032840948648354941 -0.058169548497264856 0.0039984008622078581 0.010716749513330433 -0.021427987199650809 -0.0029509909336660825 0.03407918136461182 0.010716749513330433 0.033697154357517821 0.010716749513330433 0.03407918136461182 0.010716749513330433 0.03407918136461182 0.031374007747609463 -0.03124321971323428 0.0014128629876661324 -0.04640868859634676 0.0014128629876661324 0.03407918136461182 0.0014128629876661324 -0.0030660379296283697 0.03407918136461182 0.033916642914602169 0.045219115177811582 0.010716749513330433 -0.034323917960422279 -0.032840948648354941 0.03407918136461182 0.010716749513330433 0.010716749513330433 0.032049296744815658 0.029274493518172746 0.0014128629876661324 -0.031159450774883374 0.03407918136461182 0.03407918136461182 0.010716749513330433 0.02359448731783291
leaf_weight=13096.690946914256 3045.9867041409016 20147.612407565117 1804.5815665721893 5781.7562247291207 3007.0768752768636 3468.3100928738713 6668.6316886246204 3252.7203730046749 12941.276712298393 10766.011025890708 87372.4262522012 9821.4236352518201 35659.330136105418 1726.3513986468315 7779.2683430314064 11342.220102511346 4290.2080619260669 17369.280860453844 417.0046807974577 14724.754824534059 6904.2840560674667 2463.652760207653 15552.211566388607 9459.4604335799813 2963.5067037791014 2550.0654934346676 33864.308308541775 2620.4148058071733 8693.5645700842142 106650.47861237824 2700.5918133631349 1732.626900844276 4870.0834024250507 1312.4283762052655 1195.3641196936369 7215.3460808247328 3199.4376116991043 1058.7335873022676 6954.7873371690512 53483.366917043924 5503.1176034882665 16471.352915361524 413.07734885811806 2612.8045416325331 107.59293428063393 1078.0584660470486 355.5981270968914 9990.8128598481417 7867.7457795441151 7783.0335991829634 1555.9746489226818 11947.2417717278 242.72250213474035 4575.7846031263471 2444.6813663393259 4882.2373938262463 1747.5420524775982 467.34540678560734 351.59717971086502 762.43784978985786 2388.8525319993496 3921.0833281725645
leaf_count=95279 29388 245061 10760 66727 18176 25282 39244 21564 51143 49732 353387 98384 147841 7085 51881 73248 21066 91331 2289 64409 34466 13947 70419 87687 14171 17257 169934 17550 35381 453283 18688 12494 36896 8919 8361 47946 21798 6519 38211 250239 33180 89122 2212 14027 550 6895 2088 114650 40745 38772 8872 107490 1718 30436 17004 33574 10529 2035 1905 5015 15260 25405
internal_value=8.19986e-05 0.0113962 -0.0198866 0.00667271 -0.034886 0.0184888 0.0023656 0.0142113 0.00107401 -0.0264256 -0.0116916 0.0436967 -0.00979773 -0.0212993 -0.0491709 0.0244242 0.00521096 0.00521096 0.00777886 -0.0229703 -0.00295099 -0.0429009 -0.0260634 0.0408211 -0.0171874 -0.0419062 0.00456544 0.0229973 -0.0122964 -0.00295099 0.0216375 0.0199509 0.0239959 0.0318622 0.0174115 0.0141909 0.0224537 0.00456544 -0.0356499 0.00344321 -0.0464342 0.00344321 0.0119844 0.00264386 -0.0286293 0.0186483 0.0126632 0.050642 0.00604518 -0.0286293 -0.0421873 0.0340792 0.0168321 0.01328 0.0271705 0.0262552 0.00323358 -0.014132 0.0261584 0.0232209 0.0215746 0.0156132
internal_weight=637398 406867 230531 354960 81449.2 94822.3 260138 79581.1 245749 51154.8 149082 51907.1 131725 38431 30294.4 14388.2 39311.9 119253 35021.7 36704.7 126496 17197.7 17356.8 15241.2 18155.6 12723.8 112585 40269.2 96066 113555 36800.9 31592.5 18557.3 5208.38 2507.79 13035.2 5819.85 24505.8 9418.44 95215.4 9609.16 17240 7265.81 3025.88 3114.67 4239.93 3161.87 30138.4 41732.1 18549 7059.09 21768.7 10515.9 7828.5 2687.4 16824.7 2103.14 15192.1 768.602 11954.6 11192.2 6309.94
internal_count=3528927 2457582 1071345 1891997 453557 658976 1233021 504562 1130385 254239 617788 565585 536609 176204 199318 102636 227374 591493 206308 169119 538892 104039 81179 154414 80615 78035 552249 277188 388768 487749 251906 215938 128644 35968 17280 87294 39348 135586 52158 460918 59309 93316 42270 16239 18726 26031 19136 359711 210679 88504 42052 205874 70722 52000 18722 116150 12617 66444 4194 79254 74239 40665
is_linear=0
shrinkage=0.05


Tree=29
num_leaves=63
num_cat=0
split_feature=0 0 0 0 1 1 1 9 0 9 1 1 8 1 8 8 0 1 1 1 8 1 8 0 1 1 1 8 9 1 9 1 9 8 8 8 9 8 8 9 8 8 9 8 8 8 9 9 8 9 12 1 9 8 8 9 9 11 9 8 9 8
split_gain=52582.7 23232.5 10832 6622.85 3808.84 3519.26 2674.35 2438.1 1668.18 1542.84 1522.68 1462.4 857.069 713.375 687.727 656.601 601.899 546.471 445.628 386.018 385.325 370.088 332.917 317.453 308.915 303.817 303.548 274.607 321.212 270.381 268.268 309.042 263.738 269.508 247.5 415.33 563.076 231.371 228.688 222.759 338.179 443.979 273.453 430.633 232.749 230.888 483.804 234.558 222.581 220.537 216.124 195.989 195.368 194.247 188.191 187.362 185.507 167.647 164.8 274.616 186.826 257.109
threshold=-1.0000000180025095e-35 1.5000000000000002 -1.4999999999999998 1.0000000180025095e-35 1011.5000000000001 892.50000000000011 390.50000000000006 0.33949495851993566 -2.4999999999999996 0.30191217362880712 360.50000000000006 1770.5000000000002 0.42959892749786383 1700.5000000000002 0.30878235399723059 0.44619597494602209 -2.4999999999999996 1830.5000000000002 2100.5000000000005 390.50000000000006 0.42735499143600469 120.50000000000001 0.56416115164756786 -3.4999999999999996 1789.5000000000002 442.50000000000006 980.50000000000011 0.36279271543025976 0.40835168957710272 30.500000000000004 0.25309312343597418 2509.5000000000005 0.26938365399837499 0.49595978856086737 0.46553532779216772 0.37428823113441473 0.40581774711608892 0.34756815433502203 0.30652734637260443 0.38166438043117529 0.3849149495363236 0.37821100652217871 0.36119578778743749 0.38795933127403265 0.37639422714710241 0.40994873642921453 0.34726093709468847 0.33563746511936193 0.44619597494602209 0.28894355893135076 4.5000000000000009 1999.5000000000002 0.30984808504581457 0.40032309293746954 0.39604650437831884 0.32725121080875402 0.13645498454570773 0.046276560053229339 0.35600525140762335 0.41713801026344305 0.33718366920948034 0.42156024277210241
decision_type=2 2 2 2 2 2 2 2 2 2 2 2 2 2 2 2 2 2 2 2 2 2 2 2 2 2 2 2 2 2 2 2 2 2 2 2 2 2 2 2 2 2 2 2 2 2 2 2 2 2 2 2 2 2 2 2 2 2 2 2 2 2
left_child=2 3 4 6 16 25 21 30 22 24 29 26 20 34 -15 -10 -1 38 -14 -18 27 -2 23 -6 -8 -5 -3 28 -12 -4 -7 -32 -20 49 52 36 -29 57 -9 42 41 -41 45 44 -44 46 -37 55 -21 -34 -40 -25 -11 54 -48 -47 -26 -30 59 -49 -61 -62
right_child=1 11 10 5 8 7 9 17 15 13 12 -13 18 14 -16 -17 19 -19 32 48 -22 -23 -24 51 56 -27 -28 35 37 -31 31 -33 33 -35 -36 39 -38 -39 50 40 -42 -43 43 -45 -46 47 53 58 -50 -51 -52 -53 -54 -55 -56 -57 -58 -59 -60 60 61 -63
leaf_value=-0.056845119100847885 0.041389188398686542 0.053058600359945286 -0.052994688880238151 0.048909014336594878 -0.057254891173890411 0.029237635233499072 0.013461860808638383 0.0056710936913936336 -0.025581975402015785 0.023971197837202474 -0.025581975402015785 0.030789838346905907 -0.0092362006709996673 -0.011826151442290444 -0.0014199977803382433 -0.012089006034901132 -0.053013880606825915 0.0012796623093951295 0.0057475065722739057 -0.042150946364907689 -0.025581975402015785 0.022047552938895217 -0.012089006034901132 -0.04350967805027367 0.029237635233499072 0.034913708706900137 0.043404926038855526 -0.0014199977803382433 -0.018688031327614856 -0.026476174232054318 0.023971197837202474 0.013409069046151318 0.0057475065722739057 -0.012089006034901132 -0.0092362006709996673 -0.0014199977803382433 -0.025581975402015785 -0.0038984548480912075 0.013232923250402331 -0.025581975402015785 -0.025581975402015785 -0.0014199977803382433 -0.0014199977803382433 -0.0014199977803382433 -0.025581975402015785 -0.0014199977803382433 -0.025581975402015785 -0.0014199977803382433 -0.02717985559550197 -0.0039927369688396988 0.030103181362605886 -0.027372899188875463 0.0050373486918496866 -0.025581975402015785 -0.0014199977803382433 -0.025581975402015785 0.0057475065722739057 -0.011826151442290444 -0.023213723364227508 -0.0014199977803382433 -0.025581975402015785 -0.0073789711883742188
leaf_weight=12359.282815352082 2672.1026859655976 18995.91361875087 1066.1741129308939 5767.9173947274685 3084.3784535676241 10830.099866762757 17161.531296357512 1933.0046534538269 24272.202236428857 1133.7242464572191 3017.3440606445074 16735.945444822311 33128.571975320578 18249.12768779695 122118.59915220737 14349.393835261464 5449.2606497853994 28042.35117277503 10012.935530930758 6770.6550547033548 1618.4437189996243 6970.8800162523985 706.53011159598827 6238.8537776768208 489.64758482575417 7809.0132992714643 14329.844998598099 5147.9387010633945 18684.937107458711 9802.5183860063553 18610.640335589647 11038.00670184195 1728.8884465098381 2881.8627507090569 1508.6332455128431 419.95591878890991 1326.6802717447281 4659.1078490316868 7199.9184036999941 1692.3167915791273 1956.4088183790445 2494.8359309881926 210.06911498308182 9904.0319825559855 2610.2789755165577 187.46331325173378 245.49161769449711 3276.7757577598095 3933.7528961151838 13938.021064013243 2579.1901434734464 2704.8079511076212 36812.096024185419 3098.0636478364468 700.56774246692657 954.42915976047516 52740.080988898873 8120.1385808140039 1493.6458484083414 249.41388620436192 1800.9359924942255 2671.4033340066671
leaf_count=93544 26673 241447 6738 69282 21768 79959 94708 11423 116323 5807 12034 157412 135881 71855 529440 62674 38642 153072 42143 40503 6771 48807 3734 39170 2886 74894 166483 20616 76281 47380 133876 70222 6997 11973 7552 1693 5388 19001 49269 6892 7973 10274 809 40100 10527 756 972 13302 21563 56811 18770 15801 175010 12539 2833 3898 271226 33068 6098 1029 7278 10909
internal_value=0.00011759 0.0109728 -0.0190227 0.00646007 -0.0338815 0.0178477 0.00234899 0.0138636 -0.0257448 0.00135315 -0.0110631 0.0428524 -0.00964607 -0.00110333 -0.00277297 -0.0205693 -0.0485355 0.00506836 -0.0052605 -0.0421746 -0.0131806 0.0281858 -0.0414382 -0.0434127 0.00762845 0.0413892 0.048909 -0.0125443 -0.0158226 -0.0290822 0.0225012 0.0200396 -0.00142 -0.00417954 0.00483668 -0.00974868 -0.00142 -0.0141837 0.0141388 -0.0120576 -0.0206745 -0.0101756 -0.0101542 -0.00475409 -0.0221979 -0.0147046 -0.0242473 -0.0106968 -0.0366523 -0.00142 0.017685 -0.0386331 0.00567109 -0.025582 -0.00142 -0.025582 0.00574751 -0.0159712 -0.00797346 -0.00512495 -0.0144054 -0.0182257
internal_weight=632697 403728 228969 353667 79869.1 93810.1 259856 80233.2 51356.2 250213 149100 50061.7 138231 179822 140368 38621.6 28513 39754.5 61690.3 16153.7 76540.7 9642.98 12734.6 12028 70391.3 13576.9 33325.8 74922.2 34481.5 10868.7 40478.7 29648.6 28561.7 18548.8 39454.5 40440.7 6474.62 31464.2 11712.1 33966.1 6143.56 4187.15 27822.5 12724.4 2820.35 15098.1 4464.08 10634.1 10704.4 15666.9 9779.11 8943.66 37945.8 4044.12 946.059 1141.89 53229.7 26805.1 9492.17 7998.53 4721.75 4472.34
internal_count=3532759 2460073 1072686 1894731 453722 660767 1233964 516591 259470 1158484 618964 565342 564846 789664 601295 178997 194252 232534 253805 100708 311041 75480 80473 76739 368820 144176 407930 304270 140384 54118 284057 204098 117924 75781 188369 163886 26004 128350 79462 137882 25139 17166 112743 51436 11336 61307 18037 43270 62066 63808 68039 54971 180817 16344 3805 4654 274112 109349 38616 32518 19216 18187
is_linear=0
shrinkage=0.05


Tree=30
num_leaves=63
num_cat=0
split_feature=0 0 0 0 1 1 1 9 0 9 1 1 8 0 8 9 12 1 9 1 1 8 1 1 1 9 9 0 8 8 8 10 10 1 9 10 1 8 9 1 10 10 9 10 8 10 10 8 8 8 10 10 8 10 11 8 10 10 1 1 1 10
split_gain=47931 24253.4 7988.14 6032.97 3793.52 3351.36 2480.58 2246.59 1547.43 1472.58 1436.77 1357.95 689.902 655.069 638.294 636.352 675.595 506.83 501.53 425.541 408.135 373.36 331.484 321.865 448.873 316.962 289.659 285.782 264.094 247.959 242.976 231.312 312.179 259.673 226.532 224.137 217.763 213.406 205.309 231.461 221.874 235.585 232.51 249.979 195.933 195.524 194.066 189.832 186.06 182.77 242.43 171.63 233.408 177.939 203.607 168.418 168.208 348.979 162.773 158.897 157.669 202.678
threshold=1.0000000180025095e-35 -1.4999999999999998 1.5000000000000002 -1.0000000180025095e-35 1040.5000000000002 892.50000000000011 451.50000000000006 0.33949495851993566 -2.4999999999999996 0.39077325165271765 1560.5000000000002 872.50000000000011 0.42959892749786383 -2.4999999999999996 0.38584102690219885 0.48604546487331396 1.5000000000000002 142.50000000000003 0.20178101211786273 442.50000000000006 1639.5000000000002 0.57808911800384533 2147.5000000000005 420.50000000000006 80.500000000000014 0.31738659739494329 0.20178101211786273 -3.4999999999999996 0.28225387632846838 0.36279271543025976 0.4355714619159699 0.19875304400920871 0.1970353573560715 2087.5000000000005 0.25834909081459051 0.23608218133449557 930.50000000000011 0.35915148258209234 0.25717833638191229 1132.5000000000002 0.23519582301378253 0.2397129833698273 0.39077325165271765 0.25297999382019049 0.28225387632846838 0.23004490137100223 0.21392750740051272 0.45418073236942297 0.473398968577385 0.45519419014453893 0.24036224931478503 0.21631539613008502 0.49739991128444677 0.22460558265447619 0.40724173188209539 0.56885173916816723 0.23853246867656711 0.23683736473321917 2957.5000000000005 2160.5000000000005 892.50000000000011 0.23724532872438434
decision_type=2 2 2 2 2 2 2 2 2 2 2 2 2 2 2 2 2 2 2 2 2 2 2 2 2 2 2 2 2 2 2 2 2 2 2 2 2 2 2 2 2 2 2 2 2 2 2 2 2 2 2 2 2 2 2 2 2 2 2 2 2 2
left_child=1 4 5 11 13 23 24 26 27 16 36 17 44 -1 -10 20 25 -3 -18 -15 -9 22 -16 -2 -5 49 -7 55 -11 -19 59 -20 -28 -34 -35 45 -4 -21 -33 -40 46 -41 -42 -27 -13 47 -22 -36 -49 -8 56 52 -50 -53 -55 -6 57 -51 -46 -29 -30 -44
right_child=2 3 10 6 8 7 9 15 14 28 -12 12 -14 19 21 -17 18 29 31 37 40 -23 -24 -25 -26 43 32 30 60 -31 -32 38 33 34 35 -37 -38 -39 39 41 42 -43 61 -45 58 -47 -48 48 51 50 -52 53 -54 54 -56 -57 -58 -59 -60 -61 -62 -63
leaf_value=-0.056226062463504201 0.049470472052231339 -0.037225814850985625 0.052958166392989774 0.04833916485547779 -0.056619273199320669 0.031944077221793661 -0.0049205928653096795 0.018203006454071153 -0.028271441488128921 -0.011575206561835444 0.031944077221793661 -0.019460519976809414 -0.0049205928653096795 -0.051553793324737779 -0.021806683662985035 -0.0049205928653096795 0.021707794321324497 -0.0258933084794454 -0.0049205928653096795 -0.046846090477995997 0.027059122452992607 -0.0049205928653096795 -0.011575206561835444 0.034062069357208992 0.020842489681057282 -0.0019142097769331299 0.0038600709401397969 -0.046302781303149756 0.0074480227179154288 -0.014689743337029019 -0.024721704888791413 0.014826740714008954 0.02614263919576228 0.02791879389975508 0.030293255656251496 0.027617458886162571 0.043968681936796344 -0.030452206410354787 0.011704926463564518 0.0024889314110846383 0.019152617596474884 0.012427295459740523 0.026521695056513694 0.018203006454071153 -0.011575206561835444 0.0038600709401397969 0.0024889314110846383 0.0038600709401397969 0.031944077221793661 0.0038600709401397969 0.02614263919576228 0.031733419837003542 0.0038600709401397969 0.0038600709401397969 0.031944077221793661 -0.024721704888791413 -0.0049205928653096795 0.02614263919576228 -0.0049205928653096795 -0.028271441488128921 -0.0049205928653096795 -0.0046922668034019878
leaf_weight=12133.013609133661 5357.3496503159404 3745.0842036157846 17432.40941324085 1760.9545629769564 2855.8308496847749 3393.748558409512 4039.1122804284096 7671.1614674925804 13479.746220216155 13058.847965076566 19848.57213716954 7035.9638360738754 53098.954864084721 5919.251349657774 14098.54909004271 4373.6640702188015 3329.6639216020703 6633.8981432616711 2059.3600006401539 2689.5062537863851 865.28950273990631 1699.4534202069044 8475.6636249572039 7796.4196815937757 9449.4396421760321 54447.025621414185 1042.517605856061 4503.1553472653031 3541.0493529587984 19354.097429215908 3243.1851713433862 7526.4283842146397 15285.057867310941 4127.1517424657941 1793.8621154725552 2795.0146857127547 11059.377176515758 7636.156232714653 13471.011953681707 34446.287543639541 4981.0207280218601 6638.8118421733379 655.70641645789146 531.5196952521801 49183.640130221844 3179.3387220427394 18477.579219102859 2011.4649425446987 646.60680182278156 47811.661476947367 1089.9482561796904 2411.6630790457129 1828.5916206464171 870.81083005666733 329.12686961144209 134.65185309946537 472.50633347034454 685.68544499576092 9575.9844494611025 1302.4249389916658 55111.436071127653 2498.2713524103165
leaf_count=95511 67060 21214 231691 18210 20876 25895 18115 55655 66673 51753 196753 28811 218278 42969 65774 21637 20255 29205 10878 16251 4825 6969 36467 77232 68132 237855 7632 28558 17720 83288 19876 39245 116769 29235 11969 18698 136786 44156 72481 162780 31282 31519 3567 2276 198875 20193 101501 12788 4304 242185 6131 15934 11772 5605 2184 764 2498 3808 38475 7653 228492 13445
internal_value=0.000109284 -0.0073278 0.0258064 -0.0024406 -0.0328416 0.0171895 0.00216047 0.0133092 -0.0245255 0.00112156 0.0422749 -0.010473 -0.00808286 -0.0474319 -0.019547 0.00486949 0.00357579 -0.0200299 0.00745002 -0.0408607 0.00745002 -0.0147012 -0.0169293 0.0405613 0.0251657 0.00114299 0.0217078 -0.0401343 -0.00492059 -0.0175505 -0.0356973 0.00648824 0.0203451 0.0212356 0.017483 0.0147669 0.0494705 -0.0347264 0.00648824 0.0060175 0.00648824 0.00415247 0.0124273 -0.00153064 -0.0115752 0.0120172 0.00415247 0.015579 0.0123163 0.00386007 0.00386007 0.0169575 0.00681182 0.0239071 0.00816414 -0.0535437 0.00386007 0.00386007 -0.0106307 -0.0418233 -0.00492059 0.00180341
internal_weight=627001 486269 140732 408098 78170.6 92391.4 259471 79237.6 49792.7 248260 48340.4 148628 118895 28377.9 37753.4 39522.7 176549 29733.1 67471.6 16244.9 35149 24273.7 22574.2 13153.8 11210.4 109077 39715 12039.2 71711.3 25988 9048.77 64141.9 36321.2 35278.7 19993.6 15866.5 28491.8 10325.7 62082.5 54556.1 27477.9 41085.1 8135 54978.5 65795.6 13071.5 19342.9 9892.13 8098.26 54098.9 50059.8 6086.8 2475.2 3611.6 1199.94 2990.48 48969.9 48497.3 58759.6 5805.58 58652.5 3153.98
internal_count=3529388 2304976 1224412 1852479 452497 659182 1234333 514890 253610 1147991 565230 618146 484439 198887 175883 231912 850026 133707 337158 103376 210275 109210 102241 144292 86342 512868 282978 77727 297965 112493 56087 316903 257083 249451 132682 103447 368477 60407 306025 266780 154620 194299 48294 240131 266161 84749 106326 64556 52587 272737 254622 39799 16076 23723 7789 21640 248491 245993 237350 36211 246212 17012
is_linear=0
shrinkage=0.05


Tree=31
num_leaves=63
num_cat=0
split_feature=0 0 0 0 1 1 1 0 8 1 1 8 8 8 10 1 1 0 1 1 1 1 8 8 10 10 0 8 1 1 1 1 1 1 10 8 12 10 8 10 11 10 8 10 10 8 10 10 10 10 8 8 11 8 11 8 10 1 8 8 8 8
split_gain=43625.9 22409.1 7781.19 5485.99 3763.55 3290.11 2282.76 1789.74 1737.2 1455.97 1299.76 1233.89 758.971 714.172 634.999 593.276 493.557 444.054 406.714 394.911 393.915 438.299 356.277 349.593 321.68 321.574 329.927 316.47 289.761 281.624 278.979 241.373 230.858 228.055 220.039 234.137 209.092 263.189 339.838 483.026 219.499 294.911 193.791 257.232 190.502 187.337 180.919 288.679 166.923 170.308 164.592 531.789 163.532 140.69 134.419 133.879 153.465 132.751 130.3 127.424 172.676 133.307
threshold=1.0000000180025095e-35 -1.4999999999999998 1.5000000000000002 -1.0000000180025095e-35 872.50000000000011 951.50000000000011 442.50000000000006 -2.4999999999999996 0.37011507153511053 1320.5000000000002 329.50000000000006 0.42545528709888464 0.48112049698829656 0.42959892749786383 0.23479837924242022 1920.5000000000002 2658.5000000000005 -2.4999999999999996 2390.5000000000005 2190.5000000000005 420.50000000000006 90.500000000000014 0.58457565307617199 0.36166779696941381 0.2050428315997124 0.1970353573560715 -3.4999999999999996 0.609165519475937 1830.5000000000002 2539.5000000000005 299.50000000000006 30.500000000000004 872.50000000000011 2029.5000000000002 0.21574497967958453 0.42156024277210241 2.5000000000000004 0.21738760173320773 0.47552274167537695 0.2283434867858887 -0.22244055569171903 0.22273061424493792 0.59168273210525524 0.18649337440729144 0.1970353573560715 0.47552274167537695 0.23628672212362292 0.24453619122505191 0.24660515785217288 0.24660515785217288 0.44254073500633245 0.45418073236942297 -0.36812022328376764 0.44619597494602209 0.02640850376337767 0.51923570036888134 0.23143360018730166 810.50000000000011 0.4624160379171372 0.37639422714710241 0.58839616179466259 0.59168273210525524
decision_type=2 2 2 2 2 2 2 2 2 2 2 2 2 2 2 2 2 2 2 2 2 2 2 2 2 2 2 2 2 2 2 2 2 2 2 2 2 2 2 2 2 2 2 2 2 2 2 2 2 2 2 2 2 2 2 2 2 2 2 2 2 2
left_child=1 4 5 10 17 20 21 25 48 57 31 16 14 32 28 24 44 -1 36 -11 -2 -5 -13 46 -9 -6 -27 54 -10 -16 -19 -3 -12 -28 -26 -36 40 42 39 -39 41 -15 58 -44 -8 -32 -18 -34 -7 -48 -30 -52 -35 -43 -20 56 -37 -4 -38 -22 -24 -62
right_child=2 3 9 6 7 8 11 15 12 19 13 22 -14 18 29 -17 23 30 27 -21 59 -23 60 -25 34 26 33 -29 50 -31 45 -33 47 52 35 55 37 38 -40 -41 -42 53 43 -45 -46 -47 49 -49 -50 -51 51 -53 -54 -55 -56 -57 -58 -59 -60 -61 61 -63
leaf_value=-0.056389700686300948 0.049787154096838683 -0.051394044134479656 0.053161462219170813 0.045928380206809283 -0.012708885799891018 0.0011140593795498129 -0.010865439600201168 -0.011999061500781389 0.016260343970113597 0.037924535975159067 -0.018638225835520252 0.0038656007044755372 0.024171405382032461 0.0038656007044755372 0.024624407612555826 -0.012708885799891018 -0.010865439600201168 -0.053841779293066883 0.0018079868099754514 0.024624407612555826 0.021584765470682405 0.019916859134871134 0.024171405382032461 -0.0019509842911015077 -0.039230701994924309 -0.056376141222155188 -0.042366456015643525 0.013016114151518265 0.0038656007044755372 0.011005387602682607 -0.041920776838727962 -0.025312788541930288 -0.011918757370684291 -0.035882519811277602 -0.029836470080353901 -0.012708885799891018 0.0038656007044755372 0.0038656007044755372 0.0038656007044755372 -0.012708885799891018 -0.011999061500781389 0.0038656007044755372 -0.011999061500781389 0.0038656007044755372 0.0011140593795498129 -0.025559579245293729 -0.0019509842911015077 -0.0019509842911015077 0.024624407612555826 0.021182243916936905 0.024624407612555826 0.0038656007044755372 -0.012708885799891018 -0.012708885799891018 -0.0065446019045125002 -0.04080935125918899 -0.026517863871955774 0.045364169269332809 -0.011999061500781389 0.03571484062976104 0.0038656007044755372 0.013067088960917451
leaf_weight=10210.497675873339 5127.4276209846139 994.23801724612713 14702.448479965329 1996.6536462530494 752.8428885564208 18433.208031632006 1044.5078565627337 1963.4992907047272 7242.3535883724689 13940.048616763204 11185.462462663651 107958.78946020454 21424.470468975604 2094.926339507103 7632.5049639195204 18656.620365038514 24861.328457772732 3794.4639871418476 13570.484087228775 9323.0271997079253 2103.1429489627481 8579.5271266847849 921.65494845807552 36278.763646095991 3062.6757355779409 3151.0114632546902 6825.6343052312732 1289.8222506046295 11139.762198291719 4296.4523218199611 6794.4728918597102 8262.7405541986227 59671.223428606987 1422.796608492732 9482.836374938488 4352.4635377079248 577.13264952600002 4421.3392222076654 5555.0676684975624 5377.550802975893 9140.2899138331413 857.68882992863655 1037.8121554404497 978.2977981865406 60979.229350715876 2364.8604107871652 4806.81045396626 5852.9412118196487 654.77862858772278 802.27043244242668 2008.7366259768605 4683.0886788666248 1064.6570348739624 1693.8233692348003 7466.0655916184187 587.22239719331264 2376.4555375427008 8786.4023827388883 8170.4868876934052 6690.0297762304544 830.46658810973167 10047.341825604439
leaf_count=83694 66885 6641 204402 21373 4721 102236 4210 8979 53684 155850 47881 531634 157404 8574 54925 84133 99367 29006 55508 89995 20716 62289 4878 155331 14856 24135 46047 5990 62855 26935 43830 41325 242326 8562 49681 21018 2390 18223 22608 21990 37447 3447 4577 4211 269184 14159 19477 23186 3839 3256 13680 30313 6358 6806 30646 2712 11587 115452 33739 67341 4461 59403
internal_value=9.31213e-05 -0.00697918 0.0248721 -0.00230628 -0.0317409 0.0163879 0.00208224 -0.0244734 0.0123682 0.0414647 -0.00997911 0.00111406 0.0166821 -0.00877032 0.0123453 -0.0192568 -0.00228343 -0.0485865 -0.00479024 0.0325956 0.0387683 0.0248314 0.00476728 -0.00526728 -0.0248533 -0.0404486 -0.0423817 0.000613732 0.00782697 0.0218411 -0.0424319 -0.0281193 -0.0119991 -0.0376412 -0.0269008 -0.0246506 -0.00781368 -0.00515924 -0.000956556 -0.0072308 -0.0119991 -0.00103495 -0.0111535 0.00362371 0.00092779 -0.0376997 -0.00921555 -0.0108654 0.00111406 -0.00109668 0.00440102 0.0117553 -0.0246632 -0.0127089 -0.00115659 -0.0179258 -0.0159231 0.0502468 -0.0119991 0.0323381 0.0130161 0.0130161
internal_weight=622356 484168 138188 407305 76863 91436 259107 53698.7 77515.4 46751.9 148197 248531 58427.4 138940 37002.9 40481.8 128773 23164.3 62230.8 23263.1 13920.6 10576.2 119758 66749.2 21825.2 13216.9 12464.1 22326.4 25073.9 11929 12953.8 9256.98 76709.6 9313.09 19861.7 16799 39904.4 26117.7 15354 9798.89 13786.7 4646.44 10763.7 2016.11 62023.7 9159.33 30470.4 65524.2 19088 5609.08 17831.6 6691.83 2487.45 2551.51 21036.5 7316.14 6728.92 23488.9 8747.62 8793.17 11799.5 10877.8
internal_count=3532368 2305856 1226512 1852378 453478 660813 1234863 282789 505871 565699 617515 1151201 399796 569549 242392 192966 550825 170689 256156 245845 154942 83662 600376 277431 108833 89823 85102 92144 160532 81860 86995 47966 313393 60967 99854 84998 164012 107738 62821 40213 56274 18827 44917 8788 273394 57989 122100 265512 106075 22733 106848 43993 14920 10253 86154 35317 32605 319854 36129 88057 68742 63864
is_linear=0
shrinkage=0.05


Tree=32
num_leaves=63
num_cat=0
split_feature=0 0 0 0 1 1 1 9 1 0 1 9 0 8 9 9 9 1 1 1 1 1 1 9 9 9 0 10 8 8 8 10 8 8 8 10 10 9 9 10 9 8 1 8 1 10 9 8 8 11 8 8 10 11 8 9 10 1 10 9 8 10
split_gain=40323.2 20679.7 7697.76 4993.85 3675.46 3133.36 2163.33 1973.56 1452.09 1223.35 1182.07 1179.07 861.751 585.415 563.062 517.443 643.997 503.482 464.636 442.396 346.985 436.176 329.786 302.722 274.976 273.184 270.365 266.501 254.372 537.806 247.692 326.514 250.648 442.533 220.563 216.796 323.241 217.469 216.434 295.672 206.153 199.919 183.069 174.876 169.367 264.734 206.335 249.381 196.27 370.599 203.56 198.968 192.359 169.264 162.214 187.046 160.48 160.426 154.149 143.623 221.276 206.502
threshold=1.0000000180025095e-35 -1.4999999999999998 1.5000000000000002 -1.0000000180025095e-35 1140.5000000000002 892.50000000000011 451.50000000000006 0.33949495851993566 1470.5000000000002 -2.4999999999999996 840.50000000000011 0.30191217362880712 -2.4999999999999996 0.40346176922321325 0.31515826284885412 0.44720508158206945 0.48604546487331396 540.50000000000011 2280.5000000000005 120.50000000000001 442.50000000000006 90.500000000000014 1132.5000000000002 0.20178101211786273 0.19466029852628711 0.20509092509746554 -3.4999999999999996 0.23608218133449557 0.4416430145502091 0.46077333390712744 0.48112049698829656 0.2004567235708237 0.45418073236942297 0.44254073500633245 0.47552274167537695 0.23519582301378253 0.2283434867858887 0.35943776369094854 0.44099158048629766 0.21738760173320773 0.33322560787200933 0.4355714619159699 780.50000000000011 0.56885173916816723 1800.5000000000002 0.23067473620176318 0.37800145149230963 0.3849149495363236 0.40032309293746954 -0.33904466032981867 0.40346176922321325 0.39199665188789373 0.2472183629870415 -0.24483320862054822 0.50498071312904369 0.20990382134914401 0.23359713703393939 2070.5000000000005 0.2341650724411011 0.39077325165271765 0.32915079593658453 0.24014183133840564
decision_type=2 2 2 2 2 2 2 2 2 2 2 2 2 2 2 2 2 2 2 2 2 2 2 2 2 2 2 2 2 2 2 2 2 2 2 2 2 2 2 2 2 2 2 2 2 2 2 2 2 2 2 2 2 2 2 2 2 2 2 2 2 2
left_child=1 4 5 10 12 20 21 23 42 26 19 24 -1 -11 -12 22 18 -14 35 -3 -2 -5 -13 -7 -8 -15 43 30 -29 -30 32 -32 33 -25 -21 36 37 -9 39 -16 -19 53 -4 -6 -33 46 -41 -48 49 51 -50 -47 -52 -28 -36 -56 -20 -10 -58 61 -61 -37
right_child=2 3 8 6 9 7 11 16 57 13 14 15 17 25 38 -17 -18 40 56 34 -22 -23 -24 27 -26 -27 41 28 29 -31 31 44 -34 -35 54 59 -38 -39 -40 45 -42 -43 -44 -45 -46 48 47 -49 50 -51 52 -53 -54 -55 55 -57 58 -59 -60 60 -62 -63
leaf_value=-0.054624968520952666 0.049061280365732894 -0.036192151296427014 0.053060279444407811 0.045516358133046608 -0.055059446606832207 0.031115592124554933 0.016260081097336874 0.0072573283037626682 0.037640470211889515 -0.024731131337570156 -0.0025234308608691556 0.0072573283037626682 -0.047616247607646774 -0.0025234308608691556 -0.013762090296217212 -0.0068379275626694993 -0.0068379275626694993 -0.0223605595313697 -0.00065280301982050351 -0.019234151102726797 0.032065686737125058 0.019198541498087987 -0.00065280301982050351 0.0072573283037626682 0.0055336928319488906 -0.013762090296217212 -0.044357869314772556 0.031115592124554933 0.0072573283037626682 0.031115592124554933 0.0072573283037626682 0.030770214088537803 0.0072573283037626682 0.031115592124554933 -0.0068379275626694993 0.031115592124554933 0.0072573283037626682 0.023063355053798536 -0.013762090296217212 -0.00065280301982050351 -0.036517409314491191 -0.02192698390030302 0.04442404320188463 -0.02192698390030302 0.019668497558421455 -0.021934456213291986 -0.0031875307669368817 -0.013762090296217212 -0.0223605595313697 -0.0016973683564888557 -0.013762090296217212 -0.00065280301982050351 -0.00065280301982050351 -0.024731131337570156 0.0035225499613613224 -0.0223605595313697 0.031115592124554933 0.031115592124554933 0.0057490802924193849 0.031115592124554933 0.0072573283037626682 0.013606917473712753
leaf_weight=12183.300132669508 5138.686722677201 3217.7903682440519 13575.748071625829 1912.1928668692708 2334.6943388357759 3261.1308827325702 6604.2808002233505 1327.4312028363347 9442.1755786985159 15267.309593588114 39961.929312080145 14642.852145239711 7073.7351539507508 1177.9571778327227 3886.9735386967659 32471.655180707574 4345.2431542426348 4570.6280857920647 11496.571171864867 18663.379287928343 7254.1707455441356 8914.5625881850719 131511.14576242864 2571.2764725983143 62641.423035919666 18791.885371804237 3553.7887716665864 2560.4840917363763 1280.4679158702493 1138.0399617999792 1679.1264698281884 4988.4166847169399 7073.541749060154 3053.5642390176654 2249.3918104916811 1480.9691503867507 4785.2324074134231 5508.5926774814725 17932.308614045382 13581.441810458899 5900.9511465579271 2918.208386734128 11304.265424899757 118.75874239206314 11074.7224554196 4722.5020675361156 7946.1035599410534 2288.7863245308399 843.25720156729221 13155.863261431456 13941.731531754136 775.10778391361237 954.52755399048328 1539.4372970834374 874.67083165049553 3223.5549985319376 368.20859761536121 10864.070168234408 6032.3390147462487 628.49412377923727 1457.2837053388357 1846.3749927803874
leaf_count=102984 69744 19182 197473 21242 18270 25879 40136 8759 107491 76043 164855 75600 53450 4790 16096 130291 21456 25003 61780 82836 75181 65092 576946 17966 325422 84722 22962 19059 9194 8572 12793 40994 48966 22297 9572 10919 30762 35961 73605 55102 36155 18347 153526 687 77818 18945 32500 9314 3382 52389 56450 3142 3899 10026 3766 13775 1960 107373 34811 3942 9061 13215
internal_value=9.47233e-05 -0.00667611 0.0241907 -0.00221867 -0.0307218 0.0157636 0.001974 0.0120508 0.04104 -0.0218194 -0.0095364 0.00101836 -0.0444065 -0.0173605 -0.00737053 -0.00112873 0.0041557 -0.0373081 0.00665221 -0.0187422 0.0391163 0.0238505 0.00013974 0.0200671 0.00655694 -0.0117245 -0.0368302 0.0186777 0.0294027 0.014706 0.0169226 0.0207385 0.0115898 0.0196574 -0.0164958 0.0125628 0.00871177 0.0182936 -0.00979084 -0.00837306 -0.030341 -0.0323746 0.0491383 -0.0513604 0.0231178 -0.00715281 -0.00310057 -0.00867381 -0.00995873 -0.00648306 -0.0137621 -0.0137621 -0.0120314 -0.0383552 -0.00844269 -0.0169833 0.00102619 0.0311156 0.00774686 0.0208272 0.0105333 0.0272749
internal_weight=617885 482348 135537 406917 75430.7 90350.4 258698 77957.5 45186.3 45702 148219 247871 29728.6 35237.2 119991 178626 39276.7 17545.3 34931.5 28228.8 12392.9 10826.8 146154 38680.8 69245.7 19969.8 10464.9 35419.6 4978.99 2418.51 30440.6 17742.3 12698.4 5624.84 25011 17034.4 11621.3 6836.02 80028.6 62096.3 10471.6 8011.43 24880 2453.45 16063.1 58209.3 23816.3 10234.9 34393 18653.5 15739.5 5497.61 14896.3 5093.23 6347.62 4098.23 17897.1 20306.2 6400.55 5413.12 2085.78 3327.34
internal_count=3533930 2306978 1226952 1853539 453439 661089 1234729 516164 565863 235847 618810 1148395 217592 165555 489679 782837 232626 114608 211170 129131 144925 86334 652546 283538 365558 89512 70292 257659 36825 17766 220834 131605 89229 40263 109949 112619 75482 44720 324824 251219 61158 51335 350999 18957 118812 235123 96916 41814 138207 74476 63731 22087 60349 32988 27113 17541 98551 214864 36771 37137 13003 24134
is_linear=0
shrinkage=0.05


Tree=33
num_leaves=63
num_cat=0
split_feature=0 0 1 0 1 9 1 0 0 0 0 1 9 1 8 8 8 1 1 0 1 8 8 0 9 9 8 9 10 8 9 1 10 8 8 9 1 1 9 0 9 8 10 9 10 10 0 1 10 11 8 8 9 9 12 10 8 9 8 10 8 10
split_gain=36904.2 18890 7510.44 4636.58 3647.74 2700.77 1954.69 1812.72 1671.28 1205.62 1200.49 1121.68 1034.62 953.284 660.58 600.822 583.829 468.812 447.898 431.781 412.666 422.351 473.068 362.595 337.763 337.722 336.264 331.928 323.436 305.34 291.02 290.811 271.631 273.178 467.58 240.714 237.358 229.388 224.224 209.783 205.934 527.185 275.948 266.136 265.375 286.56 192.382 265.437 191.097 210.615 162.277 157.196 156.912 212.908 151.225 141.408 233.844 224.72 164.608 310.88 246.919 200.276
threshold=1.0000000180025095e-35 -1.4999999999999998 1470.5000000000002 -1.0000000180025095e-35 840.50000000000011 0.33949495851993566 482.50000000000006 1.5000000000000002 -2.4999999999999996 1.5000000000000002 2.5000000000000004 329.50000000000006 0.32789349555969244 630.50000000000011 0.46154439449310308 0.34329362213611608 0.56198832392692577 1909.5000000000002 120.50000000000001 -2.4999999999999996 1470.5000000000002 0.42068099975585943 0.41713801026344305 2.5000000000000004 0.30284313857555395 0.25834909081459051 0.27788905799388891 0.30915527045726782 0.24420594424009326 0.30652734637260443 0.44720508158206945 276.50000000000006 0.23608218133449557 0.4416430145502091 0.46077333390712744 0.48981106281280523 17.500000000000004 2414.5000000000005 0.29452873766422277 -3.4999999999999996 0.40693396329879766 0.37011507153511053 0.23465987294912341 0.38476856052875524 0.22650390863418582 0.22137310355901721 2.5000000000000004 780.50000000000011 0.23992688208818438 0.55947309732437145 0.63663336634635936 0.38683760166168218 0.38984820246696478 0.39838233590126043 3.5000000000000004 0.23004490137100223 0.45149688422679907 0.28194808959960943 0.473398968577385 0.21631539613008502 0.49337488412857061 0.22460558265447619
decision_type=2 2 2 2 2 2 2 2 2 2 2 2 2 2 2 2 2 2 2 2 2 2 2 2 2 2 2 2 2 2 2 2 2 2 2 2 2 2 2 2 2 2 2 2 2 2 2 2 2 2 2 2 2 2 2 2 2 2 2 2 2 2
left_child=1 4 7 11 19 9 18 13 27 25 15 36 -8 -2 24 28 17 51 -5 -1 -14 22 37 -11 -13 -4 -22 50 -7 -15 -19 -21 55 -34 -35 -26 -3 40 -33 -29 41 -17 43 44 45 -43 47 -9 -44 -50 -6 -10 -45 54 -54 56 -27 -57 -58 60 -60 -61
right_child=2 3 5 6 8 10 12 46 16 23 -12 14 20 29 -16 21 -18 30 -20 31 26 -23 -24 -25 35 32 -28 39 -30 -31 -32 38 33 34 -36 -37 -38 -39 -40 -41 -42 42 48 52 -46 -47 -48 -49 49 -51 -52 -53 53 -55 -56 57 58 -59 59 61 -62 -63
leaf_value=-0.055579449156694917 0.044238081156539558 -0.053552668405959125 0.02584942572635654 0.041428159205405858 -0.027523675338276255 -0.0029824305234020521 0.0047954067983460164 0.051709563739838177 -0.027523675338276255 0.030825269919554612 0.040603637907395129 0.0047954067983460164 0.0041543118289425109 0.0047954067983460164 -0.0030052929476036619 -0.0029824305234020521 -0.0030052929476036619 -0.0108283590829901 0.01694311206907221 -0.053552668405959125 -0.0108283590829901 -0.0029824305234020521 0.040603637907395129 0.049974058023019942 -0.0108283590829901 0.030289357058868233 -0.0029824305234020521 -0.055196445464819881 0.040603637907395129 0.025037080268323592 -0.028158221154887822 -0.024071756524464857 0.030825269919554612 0.0047954067983460164 0.030825269919554612 -0.018982601667596577 -0.024071756524464857 0.0035822723942840482 -0.040821147336056289 -0.038557738435036515 0.027446086712104564 -0.0029824305234020521 0.040603637907395129 0.040603637907395129 -0.0029824305234020521 0.040603637907395129 0.053136952920595129 0.036665849889126127 0.0048812008554998251 0.040603637907395129 -0.0030052929476036619 -0.020881523777726403 -0.0029824305234020521 0.040603637907395129 0.040603637907395129 0.030825269919554612 0.0047954067983460164 0.0047954067983460164 0.030825269919554612 0.030774282793766636 0.0047954067983460164 0.0095262519670323703
leaf_weight=9116.3805945664644 7661.5216533616185 641.90100612491369 9150.1048567071557 2340.7442143782973 3075.5477088838816 11341.740847930312 100177.76981861144 5837.6457241885364 7527.1496080905199 8293.2102301754057 2233.36532272771 881.10711361467838 24281.364890828729 1325.6907515451312 42861.430719926953 1438.103246267885 2801.1713065207005 14693.789113789797 9245.8858822435141 3335.7154524475336 9864.0091961473227 3856.3743799850345 1041.3979697003961 3528.3162138648331 86049.704689159989 1973.203517511487 112272.69519856572 2593.3432072773576 435.5296126678586 16370.544848114252 2846.3894125521183 2075.7228564023972 1973.5894920825958 1060.8461878374219 872.94588035345078 9051.2945757210255 8426.9126155897975 10846.048977382481 6310.7811391353607 7113.2790445834398 2217.4462478533387 359.69591037929058 1388.3765238076448 517.60648296028376 1682.3020945042372 631.04634816199541 12111.013989515603 5924.1777920164168 1162.6452406644821 547.72696539387107 92.45613469928503 12477.877260729671 566.29378748685122 305.8891928717494 137.13905137777328 552.88978946208954 3299.2702140510082 3969.8749965727329 678.57710003107786 3249.600263223052 2591.1755333766341 1685.1116044968367
leaf_count=81002 101524 4544 69863 26551 21294 66031 512589 89045 41299 88047 25920 3673 115254 9457 177241 9400 11856 66147 65587 27395 38561 24787 6703 41461 351715 14055 475831 21583 2590 143114 14421 12978 14320 7409 6462 37727 43670 65470 43300 49460 15296 2514 10875 3784 11818 4393 178769 83288 8628 4389 516 62337 3641 2181 1227 3741 22157 26648 4832 23015 17717 11632
internal_value=-3.48799e-06 -0.00645596 0.0233229 -0.00222075 -0.0296788 0.0141979 0.00182309 0.0388155 -0.0227344 0.022955 0.00497367 -0.00927928 0.000880008 0.0295041 -0.00816636 0.00290446 -0.0177285 -0.0194922 0.0218928 -0.0474124 -0.00179888 0.00758932 0.0103162 0.0365443 -0.010471 0.0177813 -0.00298243 -0.0384194 -0.00179888 0.0231229 -0.0135241 -0.0410567 0.0144105 0.0263596 0.010982 -0.0108284 -0.0263153 0.0087372 -0.0360806 -0.0430084 0.0138404 0.0103845 0.0168777 0.00852364 -0.000990714 0.023088 0.0487044 0.0442381 0.0281942 0.0169595 -0.0247241 -0.0247241 0.0251692 0.0132144 -0.00222 0.0118152 0.0143894 0.00479541 0.0116597 0.0155759 0.00479541 0.0235219
internal_weight=612972 480154 132818 406095 74059.6 83587.4 258182 49230.6 53221 42878.7 40708.7 147912 246596 25357.8 138844 38475.4 40346.4 37545.2 11586.6 20838.6 146418 26698.1 22841.7 11821.5 95982.1 31057.2 122137 12874.6 11777.3 17696.2 17540.2 11722.2 21907.1 3907.38 1933.79 95101 9068.81 21800.3 8386.5 9706.62 10954.3 8736.82 7298.72 4199.97 2673.04 990.742 23872.8 11761.8 3098.75 1710.37 3168 20005 1526.93 1009.32 703.433 17999.7 13476.9 4522.76 11503.7 8204.46 3269.75 4934.71
internal_count=3532734 2306531 1226203 1852943 453588 621006 1234373 605197 288913 351359 269647 618570 1142235 254095 570356 243727 196060 184204 92138 164675 629646 175106 150319 129508 393115 221851 514392 92853 68621 152571 80568 83673 151988 28191 13871 389442 48214 143616 56278 71043 78146 62850 53450 29558 18725 6907 351102 172333 23892 13017 21810 103636 10833 7049 4868 123797 93408 30389 79353 57196 22549 34647
is_linear=0
shrinkage=0.05


Tree=34
num_leaves=63
num_cat=0
split_feature=0 0 0 0 1 1 1 9 0 1 1 9 1 1 0 1 9 1 0 1 1 9 1 0 9 1 9 8 1 9 8 8 9 9 9 1 8 8 8 8 8 10 10 1 1 8 12 9 12 9 10 10 9 10 9 9 8 9 10 8 8 9
split_gain=33591.6 17731.6 7202.49 4175.74 3608.26 2887.71 1799.61 1760.8 1574.75 1529.88 1103.7 921.296 565.616 535.124 529.088 525.052 494.632 444.991 428.322 360.111 343.792 335.617 339.426 328.704 287.433 295.607 340.206 286.93 281.575 278.699 329.655 259.668 222.318 307.4 240.844 206.362 193.633 190.741 188.092 187.376 178.941 174.123 230.828 167.402 152.899 130.87 140.98 145.213 128.769 163.952 119.804 200.756 119.117 165.643 155.672 117.258 115.557 113.021 112.963 108.838 106.653 99.5724
threshold=1.0000000180025095e-35 -1.4999999999999998 1.5000000000000002 -1.0000000180025095e-35 840.50000000000011 892.50000000000011 482.50000000000006 0.33949495851993566 -2.4999999999999996 2070.5000000000005 930.50000000000011 0.3504349440336228 1920.5000000000002 2370.5000000000005 2.5000000000000004 951.50000000000011 0.39191363751888281 80.500000000000014 -2.4999999999999996 152.50000000000003 411.50000000000006 0.21470168977975848 1548.5000000000002 -3.4999999999999996 0.44720508158206945 2087.5000000000005 0.19804758578538897 0.38683760166168218 299.50000000000006 0.2993187159299851 0.50498071312904369 0.4355714619159699 0.28536857664585119 0.31948421895504003 0.31173904240131384 1530.5000000000002 0.37428823113441473 0.32754349708557134 0.56885173916816723 0.45418073236942297 0.59168273210525524 0.22689916938543322 0.21719129383563998 2190.5000000000005 276.50000000000006 0.30652734637260443 2.5000000000000004 0.40930254757404333 4.5000000000000009 0.34109005331993109 0.21066060662269595 0.20455986261367801 0.26938365399837499 0.2275783717632294 0.27409091591835028 0.13645498454570773 0.30217108130455023 0.38671813905239111 0.24915748089551928 0.43135935068130499 0.36890326440334326 0.44099158048629766
decision_type=2 2 2 2 2 2 2 2 2 2 2 2 2 2 2 2 2 2 2 2 2 2 2 2 2 2 2 2 2 2 2 2 2 2 2 2 2 2 2 2 2 2 2 2 2 2 2 2 2 2 2 2 2 2 2 2 2 2 2 2 2 2
left_child=1 4 5 10 18 20 19 32 23 14 17 21 27 -13 15 -4 25 -3 -1 -5 -2 55 45 38 37 36 -27 57 -20 30 -19 43 -7 34 35 -34 -12 -15 -6 -35 -32 42 50 -25 -31 -9 47 -47 -44 -50 51 -38 -28 -45 -54 -8 -46 -10 -24 -48 -59 -39
right_child=2 3 9 6 8 7 11 22 12 -11 16 13 -14 24 -16 -17 -18 29 28 -21 -22 -23 58 31 -26 26 52 -29 -30 44 40 -33 33 39 -36 -37 41 61 -40 -41 -42 -43 48 53 56 46 59 -49 49 -51 -52 -53 54 -55 -56 -57 -58 60 -60 -61 -62 -63
leaf_value=-0.05515669481894421 0.048744453398909267 -0.040488425722138115 0.049664550249278523 0.037674226823228907 -0.05448346107781589 0.022584461307977768 0.022584461307977768 0.0030186797894415454 -0.043022133874245999 0.022875669916002261 0.0019643284458910983 0.0019643284458910983 -0.010659833283359498 0.0030186797894415454 0.051893844851916886 0.031737806701857781 -0.010659833283359498 0.0019643284458910983 -0.052480785450479697 0.010870549978262489 0.030952626236714877 0.0030186797894415454 0.0030186797894415454 -0.043022133874245999 -0.01009055520188252 0.011773657514979035 0.002979900167126672 -0.018381135181530582 -0.035297561109003749 -0.026919616774842104 -0.018381135181530582 -0.021578503633283209 0.029664365448503278 0.022875669916002261 0.0030186797894415454 0.011773657514979035 -0.010659833283359498 -0.0030357347227685633 -0.021578503633283209 0.011773657514979035 0.0030186797894415454 -0.010659833283359498 0.0019643284458910983 -0.042675281306797222 -0.027584927161884539 0.0030186797894415454 0.022875669916002261 0.022875669916002261 0.0030186797894415454 -0.010659833283359498 -0.010659833283359498 0.0019643284458910983 -0.010659833283359498 -0.010659833283359498 -0.0030357347227685633 0.011773657514979035 -0.014894445471243327 -0.03103615776227411 0.022875669916002261 0.0030186797894415454 -0.014894445471243327 -0.010659833283359498
leaf_weight=8750.0105729401112 4368.6583292409778 1901.0839425474405 6840.4632826559246 2846.5644211247563 3030.8756017684937 18055.37175077945 590.20039585232735 1218.2786954045296 640.24717120826244 10398.982907377183 1056.5554406046867 45024.622626617551 18399.251773744822 1735.5764036625624 14784.910189662129 10163.921226073056 33847.666982993484 2740.9968982040882 3406.9788637831807 8589.5111815035343 7201.2699603661895 117077.73261870444 30934.441007435322 4831.6525629907846 19923.583366081119 1764.4443447738886 8322.0411373078823 14129.064570397139 7996.1418669745326 4245.2801840603352 3892.5580907762051 3367.9766799658537 1786.7381890192628 6855.0811418741941 2992.1164449229836 7078.1030750349164 3266.9731983691454 49530.494818344712 147.02542597055435 813.82623524963856 985.46489879488945 17791.787582591176 6643.2879162430763 538.94355084002018 2026.8948170393705 1151.0943341255188 4100.7224040403962 447.86719704419374 1359.5557336211205 799.4099735468626 3894.0378798544407 2302.0503268688917 1004.3811164051294 602.27518260478973 34150.704171866179 11484.509167566895 15665.716219499707 5851.346740886569 769.52871909737587 188.77412497252226 1032.3322075754404 1170.0533809512854
leaf_count=81087 64292 12715 108442 32360 26205 140415 3646 7757 3533 107478 4200 199395 84237 7063 219772 129967 138416 11702 29076 59989 79699 572950 173646 35352 78566 8176 34254 70061 54653 21845 16758 22942 15241 51255 21422 49006 13957 208849 941 5832 4296 72086 26892 3438 8882 8846 32386 3270 5518 3296 15970 9464 4191 3831 138390 67508 67614 32504 4710 1523 5798 4767
internal_value=2.08158e-05 -0.00610689 0.0225427 -0.00203081 -0.0288417 0.0143965 0.00180728 0.0108705 -0.0219453 0.0395265 -0.00873617 0.000907805 -0.0171065 -0.00231537 0.0449725 0.0389518 -0.00648691 -0.0170443 -0.0468296 0.0211962 0.0376742 0.00340056 0.00340056 -0.0374239 -0.00497833 -0.00497833 -0.00303573 -0.0225838 -0.0404884 -0.015535 -0.00729502 -0.032691 0.0185846 0.014885 0.0117737 0.0142907 -0.00789984 -0.00303573 -0.0513206 0.0228757 -0.0154373 -0.00869297 -0.00504967 -0.0389525 -0.0183811 0.0139815 0.017182 0.00450676 0.00077839 -0.0104765 -0.0104703 -0.00332134 -0.00303573 -0.0216999 -0.00367222 0.0117737 -0.0163498 -0.0304723 0.00301868 0.0219047 -0.028412 -0.00303573
internal_weight=608508 478358 130150 405634 72724.1 87961.9 257973 76391.9 52571 42188.3 147661 246537 40052.2 117384 31789.3 17004.4 116203 31458 20153.1 11436.1 11569.9 129152 38810.7 12518.7 72359.7 82355.2 45241.6 21653 11403.1 29556.9 7619.02 9340.85 37581.2 19525.9 11857 8864.84 37113.7 52436.1 3177.9 7668.91 4878.02 36057.1 18265.3 5972.87 21937.9 7106.74 5888.46 1598.96 8802.25 2158.97 9463.06 5569.02 43477.1 1141.22 35155.1 12074.7 17692.6 7523.93 31704 4289.5 6883.68 50700.5
internal_count=3532332 2307373 1224959 1853715 453658 659300 1235093 515309 288842 565659 618622 1142744 196133 498640 458181 238409 474810 143812 164816 92349 143991 644104 232138 92709 299245 336394 185011 111896 83729 131097 32756 65563 283171 142756 85669 64247 151383 220679 27146 57087 21054 147183 75097 42621 98341 53782 46025 12116 35706 8814 39391 23421 176835 7269 142581 71154 76496 41835 178356 33909 38302 213616
is_linear=0
shrinkage=0.05


Tree=35
num_leaves=63
num_cat=0
split_feature=0 0 1 0 1 0 9 1 0 0 1 9 1 1 8 9 9 0 0 8 8 11 8 0 9 0 1 9 10 9 1 1 8 8 10 10 1 8 8 9 9 9 10 8 8 8 11 11 8 9 1 9 1 10 10 10 10 9 9 1 0 8
split_gain=30583.5 16165.2 7146.59 3733.19 3546.63 2840.11 2235.86 1894.63 1541.23 1468.59 940.736 858.121 788.38 729.849 586.793 543.941 513.015 494.765 475.542 416.554 393.795 388.61 325.195 349.203 313.393 304.452 302.088 267.047 308.629 266.718 265.465 254.096 253.593 473.436 243.552 289.647 218.94 210.648 228.859 202.507 213.148 200.019 179.695 483.58 198.591 461.694 185.267 179.401 168.082 166.307 159.271 153.704 150.094 140.499 131.453 214.215 163.844 131.091 369.794 127.323 176.94 125.666
threshold=1.0000000180025095e-35 -1.4999999999999998 1320.5000000000002 -1.0000000180025095e-35 872.50000000000011 2.5000000000000004 0.33949495851993566 1080.5000000000002 -2.4999999999999996 1.5000000000000002 360.50000000000006 0.34949654340744024 531.50000000000011 152.50000000000003 0.40346176922321325 0.29278907179832464 0.42126683890819555 -2.4999999999999996 1.5000000000000002 0.49595978856086737 0.52730908989906322 0.58007952570915233 0.56416115164756786 -3.4999999999999996 0.47371521592140203 1.5000000000000002 360.50000000000006 0.25834909081459051 0.23608218133449557 0.19466029852628711 1950.5000000000002 30.500000000000004 0.43958365917205816 0.46077333390712744 0.23519582301378253 0.23947858065366748 1850.5000000000002 0.28225387632846838 0.27788905799388891 0.45885890722274786 0.18625104427337649 0.29452873766422277 0.21631539613008502 0.48711356520652777 0.45418073236942297 0.44254073500633245 -0.080112393945455537 0.47855345904827123 0.49739991128444677 0.13645498454570773 1850.5000000000002 0.30770036578178411 831.50000000000011 0.22530259191989901 0.21972625702619555 0.22638466209173205 0.23359713703393939 0.3879420012235642 0.36557076871395117 382.50000000000006 2.5000000000000004 0.31069611012935644
decision_type=2 2 2 2 2 2 2 2 2 2 2 2 2 2 2 2 2 2 2 2 2 2 2 2 2 2 2 2 2 2 2 2 2 2 2 2 2 2 2 2 2 2 2 2 2 2 2 2 2 2 2 2 2 2 2 2 2 2 2 2 2 2
left_child=1 4 9 10 17 6 18 13 22 12 31 29 -2 -5 50 19 25 -1 27 -12 -21 -22 23 -6 -7 34 -19 -4 42 40 -17 -3 -30 -34 -8 -36 -25 -32 -13 -14 49 -28 48 44 45 46 -44 -46 51 -9 -10 -29 -11 -49 -27 -56 -57 58 -37 -15 -54 -38
right_child=2 3 5 7 8 24 16 11 14 52 15 38 39 59 -16 30 -18 26 -20 20 21 -23 -24 36 -26 54 41 28 32 -31 37 -33 33 -35 35 57 61 -39 -40 -41 -42 -43 43 -45 47 -47 -48 53 -50 -51 -52 -53 60 -55 55 56 -58 -59 -60 -61 -62 -63
leaf_value=-0.0544667893943305 0.045640211700366404 -0.048389542578397671 0.023764578406793604 0.03748072708050585 -0.053939173325208728 0.048548123365613031 0.0028862360794647173 0.023764578406793604 -0.028036046343836798 0.052171000591455297 0.0028862360794647173 -0.010434064771495576 0.025595823537786312 0.017449306793790659 -0.010663855605593844 -0.010663855605593844 -0.0031598758159142315 -0.049685879043766548 0.029852431602384169 -0.010663855605593844 0.0028862360794647173 -0.010663855605593844 -0.010663855605593844 -0.039607300367377536 -0.0031598758159142315 0.0028862360794647173 -0.018794731114855395 0.029852431602384169 0.029852431602384169 0.0028862360794647173 -0.017192833155431634 -0.020523578287202186 0.0028862360794647173 0.029852431602384169 0.019418513689638289 0.0028862360794647173 -0.04721060651014216 -0.0055009350354406836 -0.0031598758159142315 0.010615601352341466 0.023764578406793604 -0.037490553789845525 0.029852431602384169 0.029361494830633213 0.0028862360794647173 0.029852431602384169 0.0028862360794647173 0.0034609573641513056 0.0028862360794647173 0.0041874593120333073 -0.018272592524713492 0.0028862360794647173 0.036049832432610583 0.029852431602384169 0.047265306921911471 0.0028862360794647173 0.026574054595010034 -0.0031598758159142315 0.026574054595010034 0.0090874096187299001 0.051637951645712048 -0.018629772438313544
leaf_weight=8647.5066130459309 5650.0111732371151 897.77721659094095 9384.4348513484001 2755.9081701561809 2784.3509719073772 5983.7662488371134 14882.494906246662 534.77408564090729 8139.2816749811172 12511.049583669752 5501.1215155273676 10811.997116774321 13545.540969174355 5571.0630000457168 22552.059049457312 50852.712519779801 13585.188436441123 4059.6511858031154 8685.9709929637611 10784.697457581758 12323.851750284433 4147.0924731045961 683.74343746900558 5351.7692970335484 256.23977202549577 518.55582150071859 1916.8451464921236 745.87505735456944 1860.7591160610318 110541.09206320345 4177.194184333086 9194.484427459538 1262.8032253757119 894.15376215428114 2985.7256808429956 1842.3788368105888 450.65169447660446 49448.959269940853 97084.53071424365 1280.5618662387133 1229.5119891166687 5678.0891331359744 565.65202942490578 3661.997967839241 4615.8474062681198 2431.9905286580324 1593.692249648273 874.19813200831413 2536.0605518221855 4028.0677282810211 8601.9980500936508 700.29368048161268 4016.8277536518872 1030.3197158500552 748.65120329707861 1186.3664741516113 1702.7894728556275 1597.6515819057822 1395.4799312725663 24922.870485052466 3353.3371148854494 2618.8282606005669
leaf_count=83496 83831 6716 74483 32301 25009 77403 85486 3330 45767 208019 22370 42330 131284 40856 105095 210717 81575 35746 98882 44054 51810 17549 4019 40651 3033 5841 11834 5528 14110 538347 17400 47283 9012 6875 19243 12070 2922 200466 409042 10559 7782 39578 3995 26809 31376 17955 10965 6236 17743 24584 42363 4883 60296 7242 8377 13299 19335 8942 9194 135939 51978 17236
internal_value=3.16401e-05 -0.00579753 0.0217413 -0.00192665 -0.0277174 0.0137152 0.0112194 0.00170544 -0.0207025 0.039148 -0.0082743 5.38025e-05 0.0297469 0.0128434 -0.0159291 -0.0071907 0.00288624 -0.0454005 0.019471 -0.00156883 -0.0049916 -3.30296e-05 -0.0364755 -0.0385824 0.0462203 0.00697872 -0.0386694 0.0166661 0.0137401 0.00288624 -0.00895327 -0.023007 0.0263156 0.012034 0.00470061 0.0122348 -0.0334992 -0.00641198 -0.00315988 0.0236875 0.0136351 -0.0327751 0.0110451 0.0136061 0.00841152 0.0163765 0.00288624 0.00288624 0.00288624 0.0080442 -0.0230208 0.0200715 0.0488285 0.018229 0.0194185 0.0229507 0.0194185 0.00414566 0.0102895 0.0106156 0.0431483 -0.0230208
internal_weight=604179 476292 127887 404808 71484.8 87529.3 81289.3 257480 51182.7 40357.3 147328 224230 20476.1 33249.8 39293.3 137236 40445.3 20302.1 40844 32756.8 27255.6 16470.9 11889.3 11205.6 6240.01 26860.1 11654.6 32158.1 22773.6 116333 104479 10092.3 4017.72 2156.96 22703.7 7821.24 8421.25 53626.2 107897 14826.1 5792.35 7594.93 18755.9 14773.7 11111.7 4591.33 2159.34 6520.37 3982.23 4562.84 16741.3 1446.17 19881.2 1904.52 4156.36 3637.81 2889.16 4835.51 3237.86 30493.9 7370.16 3069.48
internal_count=3532451 2306592 1225859 1852876 453716 679892 599456 1234511 283062 545967 618365 1025415 225674 209096 193225 564366 263362 170654 336094 135783 113413 69359 89837 85818 80436 181787 87158 237212 162729 574043 428583 53999 29997 15887 134935 49449 60809 217866 451372 141843 35696 51412 132732 104578 77769 32915 14960 44854 28154 27914 88130 10411 320293 13478 46852 41011 32634 30206 21264 176795 112274 20158
is_linear=0
shrinkage=0.05


Tree=36
num_leaves=63
num_cat=0
split_feature=0 0 1 1 0 0 9 1 0 0 1 9 1 1 9 1 0 0 1 9 9 1 9 9 1 9 9 10 8 9 8 9 8 8 0 10 10 0 9 8 8 9 9 9 9 11 9 10 9 1 11 1 11 9 11 11 1 11 9 1 10 9
split_gain=28038.9 14906.2 6827.12 3405.78 3338.37 2816.87 2052.58 1619.3 1511.62 1388.63 943.431 743.736 728.335 688.448 516.295 511.131 484.051 449.905 416.911 396.913 351.337 334.574 324.254 320.897 283.301 277.728 274.574 236.269 245.71 432.286 224.574 225.652 370.275 224.244 210.101 208.09 275.404 250.402 227.257 199.098 250.797 215.242 194.237 189.067 184.534 183.696 182.576 181.412 225.861 171.196 167.418 167.226 155.119 153.726 208.717 153.061 211.771 150.872 149.221 180.933 188.343 278.853
threshold=1.0000000180025095e-35 -1.4999999999999998 1280.5000000000002 831.50000000000011 -1.0000000180025095e-35 2.5000000000000004 0.33949495851993566 1040.5000000000002 -2.4999999999999996 1.5000000000000002 1011.5000000000001 0.39077325165271765 561.50000000000011 142.50000000000003 0.4609022736549378 1770.5000000000002 1.5000000000000002 -2.4999999999999996 206.50000000000003 0.31268626451492315 0.21273195743560794 2340.5000000000005 0.47371521592140203 0.30915527045726782 307.50000000000006 0.20178101211786273 0.30839414894580847 0.23608218133449557 0.43958365917205816 0.29452873766422277 0.37011507153511053 0.40693396329879766 0.34329362213611608 0.32915079593658453 -3.4999999999999996 0.23465987294912341 0.23992688208818438 1.5000000000000002 0.36557076871395117 0.473398968577385 0.49595978856086737 0.29452873766422277 0.45885890722274786 0.32176336646080023 0.28194808959960943 1.8394493460655215 0.21470168977975848 0.24420594424009326 0.35850201547145849 2220.5000000000005 -1.1724491715431211 17.500000000000004 0.70214208960533153 0.25834909081459051 0.33244296908378607 0.16720794141292575 2808.5000000000005 -0.36812022328376764 0.28810557723045355 2509.5000000000005 0.21631539613008502 0.29744088649749761
decision_type=2 2 2 2 2 2 2 2 2 2 2 2 2 2 2 2 2 2 2 2 2 2 2 2 2 2 2 2 2 2 2 2 2 2 2 2 2 2 2 2 2 2 2 2 2 2 2 2 2 2 2 2 2 2 2 2 2 2 2 2 2 2
left_child=1 3 9 17 10 6 16 13 23 12 18 20 -2 -6 21 43 25 -1 51 -12 -9 30 -7 50 -19 -4 44 53 -29 -30 31 -8 33 -33 -25 37 -37 -32 47 45 -41 -26 -14 -10 46 -20 -15 -38 -49 -36 -5 -3 -45 54 -27 56 -21 -51 -22 60 -55 -62
right_child=2 4 5 8 7 22 14 11 15 -11 19 -13 42 26 -16 -17 -18 24 39 55 58 -23 -24 34 41 27 -28 28 29 -31 35 32 -34 -35 49 36 38 -39 -40 40 -42 -43 -44 52 -46 -47 -48 48 -50 57 -52 -53 -54 59 -56 -57 -58 -59 -60 -61 61 -63
leaf_value=-0.054252309348947897 0.044153287325103714 -0.050641852964414896 0.02936467489352157 -0.055766158015600725 0.038070423712518738 0.048220281173930284 0.0013673967805156054 0.011035843890791758 -0.015283651030991106 0.048738784990459916 -0.001337284510452859 -0.004337945544832778 0.024819956996245132 0.024819956996245132 -0.004337945544832778 -0.010250255057062001 0.02936467489352157 -0.050641852964414896 -0.015283651030991106 -0.010250255057062001 0.0039523041504268127 0.0013673967805156054 -0.004337945544832778 -0.053555222920762147 -0.017950165390161515 0.027838412073419295 0.0068077123842264888 0.02936467489352157 0.02936467489352157 0.0013673967805156054 0.0054099620881989984 0.02239209853604766 0.02801176647773844 0.0013673967805156054 -0.039771573799410154 0.040201563232213952 0.0013673967805156054 0.029092462906389019 0.034850677749620827 0.0068077123842264888 -0.011206856086473822 -0.037895367573444631 0.0068077123842264888 -0.027808186771625554 0.024819956996245132 0.0068077123842264888 0.0068077123842264888 0.048220281173930284 0.0013673967805156054 -0.035240415865932552 -0.017621438659256163 -0.025052025750029128 -0.015283651030991106 0.0039523041504268127 0.011035843890791758 -0.004337945544832778 -0.004337945544832778 -0.010250255057062001 0.0004070828386300781 0.0049823797201374986 0.02936467489352157 0.011155388189774476
leaf_weight=7920.3068847581744 5829.4592650011182 578.98792031407356 2627.8165257871151 321.28538189828396 2393.1129463426769 5987.7831594273448 1477.6266719698906 10021.87016902864 6998.0097212046385 18414.584028236568 36392.423789203167 65896.605028927326 11960.414495900273 1558.6719582527876 7378.4714014194906 21316.155706435442 8701.5907573737204 3288.0284284204245 21011.674182474613 40588.384912863374 40707.13145005703 17314.083018682897 274.23665063455701 2305.3820888400078 1804.5255183801055 3513.0304917544127 19506.691294908524 1867.3912189677358 700.62138922512531 1513.9133222922683 5248.217619471252 1285.4582285247743 2137.3906579725444 1225.3093289621174 5459.5911864042282 1667.8720921128988 534.62505216896534 1416.8834841735661 694.84879434853792 1926.0092596262693 5753.9451427459717 5435.5709655359387 1140.8027067258954 10206.1286271438 3392.6378447860479 441.58279193937778 4188.6648540869355 460.00157971307635 143.71911790966988 745.42422336339951 2704.3677877411246 4492.4952573254704 1176.6468851268291 2183.2166253477335 3207.5957555770874 20389.035182461143 15550.115609824657 451.08071132004261 109575.78713977337 8164.3650230169296 3264.3840744197369 5299.9372583478689
leaf_count=79852 88896 4517 21888 2436 29506 81224 10262 60080 33863 310558 150165 269284 118789 10561 42093 99192 102210 30217 92097 165490 207428 104610 3278 21699 11755 27831 110456 14503 5536 11027 32725 8918 15731 8784 42112 14060 4448 17156 5711 8036 24233 40028 9550 57774 21894 1988 27106 3673 1135 4960 19616 25766 6764 16218 25843 83213 63022 2911 498731 55104 25153 39131
internal_value=3.79406e-05 -0.00552322 0.0210411 -0.0268027 -0.0018325 0.0134604 0.0109925 0.00160326 -0.0202191 0.0389623 -0.00783974 0.000133723 0.0294502 0.0123121 0.00307735 -0.0155195 0.018896 -0.0452449 -0.0151145 -0.00563602 0.00197191 0.00593173 0.0457817 -0.0357796 -0.0384641 0.0160786 0.0101591 0.0146839 0.0258565 0.0120347 0.0110787 0.00351548 0.0126555 0.0013674 -0.0405341 0.0156352 0.0255045 0.0104481 0.0121181 -0.0128106 -0.00590112 -0.0329274 0.0229051 -0.0216294 0.01731 -0.0152837 0.0117797 0.0013674 0.0290911 -0.0360167 -0.021689 -0.0283445 -0.0256066 0.0129037 0.0193995 -0.00768022 -0.00903309 -0.0188646 0.0013674 0.0105944 0.0148568 0.0182418
internal_weight=600134 474498 125636 70132.5 404366 88290.4 82028.4 257241 51684.1 37345.3 147125 226201 18930.7 31039.8 40984.5 39696.9 41043.9 18448.4 34204.7 112920 160305 33606 6262.02 11987.1 10528.1 32342.3 28646.7 29714.5 4081.93 2214.53 16292 6125.78 4648.16 2510.77 8961.48 10166.2 3501.07 6665.1 1833.19 29133.2 7679.95 7240.1 13101.2 18380.8 9139.97 21453.3 5747.34 1138.35 603.721 6656.1 3025.65 5071.48 11382.8 25632.5 6720.63 76527.5 56138.5 1196.5 150283 18911.9 10747.5 8564.32
internal_count=3532797 2306752 1226045 453179 1853573 698252 613750 1235046 291327 527793 618527 1035523 217235 199523 269306 197593 344444 161852 156637 461890 766239 227213 84502 93734 82000 242234 170017 220346 31066 16563 122603 43695 33433 17702 71682 78908 29027 49881 14967 126354 32269 51783 128339 98401 59561 94085 37667 9256 4808 49983 22052 30283 64538 189280 53674 311725 228512 7871 706159 135606 80502 64284
is_linear=0
shrinkage=0.05


Tree=37
num_leaves=63
num_cat=0
split_feature=0 0 1 0 1 0 9 0 1 0 1 9 0 9 8 8 1 0 1 1 1 1 1 9 10 1 9 9 9 1 10 8 8 10 9 11 9 11 9 11 8 8 10 10 9 11 9 9 9 10 10 8 1 8 8 9 10 10 8 9 9 1
split_gain=25690.7 13870.2 6594.98 3388.55 3305.52 3018.28 2028.13 1500.04 1416.57 864.646 849.037 837.801 554.673 548.715 546.136 520.481 491.374 441.174 422.709 443.713 354.097 327.821 289.458 284.696 280.747 280.467 274.012 266.969 261.973 258.441 256.118 275.373 465.003 250.402 342.67 226.737 206.766 206.351 204.764 196.351 188.863 181.936 269.803 269.097 254.417 218.285 235.447 216.244 226.696 250.345 181.214 179.36 173.958 170.988 425.873 170.672 226.304 205.736 164.977 157.104 200.877 151.313
threshold=1.0000000180025095e-35 -1.4999999999999998 1050.5000000000002 2.5000000000000004 810.50000000000011 -1.0000000180025095e-35 0.33949495851993566 -2.4999999999999996 390.50000000000006 1.5000000000000002 214.50000000000003 0.39077325165271765 1.5000000000000002 0.48604546487331396 0.42959892749786383 0.38683760166168218 411.50000000000006 -2.4999999999999996 1639.5000000000002 2280.5000000000005 80.500000000000014 1980.5000000000002 1580.5000000000002 0.25124679505825048 0.21392750740051272 299.50000000000006 0.51720210909843456 0.39077325165271765 0.20178101211786273 1194.5000000000002 0.23608218133449557 0.4416430145502091 0.46077333390712744 0.21802223473787311 0.30030274391174322 1.0268206596374514 0.50473093986511242 0.082422289997339263 0.29452873766422277 0.3250796645879746 0.29079855978488928 0.48112049698829656 0.21631539613008502 0.22460558265447619 0.25606970489025122 0.01762268785387278 0.27791078388690954 0.29643437266349798 0.25834909081459051 0.1970353573560715 0.21770152449607852 0.4355714619159699 17.500000000000004 0.45418073236942297 0.44254073500633245 0.20178101211786273 0.21719129383563998 0.21066060662269595 0.252724438905716 0.22503719478845599 0.2393506318330765 2957.5000000000005
decision_type=2 2 2 2 2 2 2 2 2 2 2 2 2 2 2 2 2 2 2 2 2 2 2 2 2 2 2 2 2 2 2 2 2 2 2 2 2 2 2 2 2 2 2 2 2 2 2 2 2 2 2 2 2 2 2 2 2 2 2 2 2 2
left_child=1 4 9 6 17 10 12 21 20 16 52 18 28 19 29 -9 -2 -1 -10 24 -7 51 -17 -20 -8 -19 -5 35 -4 -12 41 -32 -33 -25 44 37 -18 -26 -27 58 -29 53 47 -44 -35 -45 -47 48 49 -43 -37 -6 -3 54 -30 -16 57 59 -31 -57 -61 -60
right_child=2 5 3 26 7 8 13 15 11 -11 14 -13 -14 -15 55 22 36 25 23 -21 -22 -23 -24 33 27 38 -28 40 30 39 31 32 -34 34 -36 50 -38 -39 -40 -41 -42 42 43 45 -46 46 -48 -49 -50 -51 -52 -53 -54 -55 -56 56 -58 -59 61 60 -62 -63
leaf_value=-0.053991034211557314 0.047599326591448644 -0.050636101760420986 0.029515164083665335 0.047868793320581582 -0.045493602361494918 0.044679814883921642 0.044399745896609742 -0.02277032633309576 0.0061199538964134929 0.050181232367903984 -0.014541058004205158 -0.0037239677510736875 0.029515164083665335 -0.0037239677510736875 0.0061199538964134929 -0.018526334456360701 0.027948130901096487 -0.050636101760420986 0.0065623454411020514 0.0013716358545120904 0.017088634010098785 -0.02277032633309576 -0.0095765824299307925 -0.0037239677510736875 0.021242149246120751 -0.017757990731098041 -0.0037239677510736875 0.047868793320581582 0.0065623454411020514 -0.021782342440663391 0.029515164083665335 0.0065623454411020514 0.029515164083665335 -0.0037239677510736875 -1.2958071744439244e-05 0.0061199538964134929 -0.0037239677510736875 0.0061199538964134929 -0.037411770740210591 -0.0037239677510736875 0.0061199538964134929 0.0065623454411020514 0.029515164083665335 0.0065623454411020514 0.0065623454411020514 0.029515164083665335 0.0065623454411020514 0.029515164083665335 0.0065623454411020514 0.02324071133102644 0.041007779489587615 -0.030465552067573953 -0.023896164040816275 0.0065623454411020514 0.029515164083665335 -0.0095765824299307925 -0.0037239677510736875 -0.0095765824299307925 -0.0095765824299307925 0.0061199538964134929 -0.0037826366034907199 -0.0037239677510736875
leaf_weight=7474.110151745379 3887.1502737961709 553.99875944107771 2824.1895420402288 7304.6885463669896 5691.4211244210601 1393.0296516567469 628.98818295449018 13967.414625041187 36280.949292629957 14403.563674606383 19601.52991220355 72238.32633151114 9561.1192745342851 4916.0777200050652 4321.5743768662214 9504.7551042586565 9350.7090365961194 3035.1945921853185 22216.642580971122 19843.689002305269 7033.3201917186379 3056.2978564873338 16277.230312108994 19558.89445964992 3997.4707804955542 1779.1766271665692 182.49690704792738 173.63496745750308 2351.2855051830411 2517.0633040070534 2222.1132599338889 1189.6001828610897 994.9165415763855 767.14560520648956 79219.698248639703 76.737703207880259 323.10125110298395 4358.9276510588825 5226.9057887271047 10104.80494786799 8538.1627411581576 871.40308292210102 4113.6037996932864 778.97073897719383 18027.214517459273 1298.9315943792462 859.01159041374922 403.35139734297991 3065.9283172041178 4384.4068211093545 1313.3896329626441 3064.8158606886864 4839.948188751936 6539.6325121596456 2725.5555503219366 2899.0220758765936 38928.564332380891 9544.047447308898 35873.408332571387 2234.4006172865629 5830.9484125822783 9591.2293900102377
leaf_count=78592 64450 4477 24414 106323 49235 18284 5071 76370 193537 258451 85666 300512 118966 27774 19407 50287 105252 29022 120830 119758 57233 21311 72988 92908 32545 11837 2235 1164 16958 10586 17924 8637 8106 3742 351889 625 3163 36065 39816 41349 64963 6899 32663 5976 95169 10076 6642 3274 22181 36380 12148 24506 27799 46140 21079 12075 159028 39486 146151 9154 24291 38830
internal_value=-1.39231e-05 -0.00531932 0.0202933 0.0140409 -0.0260222 -0.0017757 0.0112941 -0.0196467 0.00149445 0.0416487 -0.00749318 0.000810233 0.0188542 0.00367557 -0.00675061 -0.014997 0.0325829 -0.0447882 0.00267054 0.00611995 0.0216547 -0.0352905 -0.0107851 0.00137164 0.0115745 -0.0379335 0.0463306 0.0104536 0.0159094 -0.00957658 0.0146095 0.0257973 0.0109875 0.000390749 0.00137164 0.0161383 0.0265447 0.0130248 -0.032424 -0.00790108 0.00409263 0.0128088 0.0163056 0.0235795 0.00656235 0.0117994 0.023595 0.0104257 0.00836979 0.0171921 0.0348311 -0.0402376 -0.026961 0.00805903 0.0160131 -0.00372397 -0.00400481 -0.00899793 -0.00932337 -0.00372397 -0.00372397 -0.00863314
internal_weight=596136 472653 123483 95518.3 69077.3 403576 88031.1 51561.9 256735 27964.5 146841 248309 44184 43847.1 141447 39749.4 13561 17515.4 176071 38931 8426.35 11812.5 25782 139790 19087.3 10041.3 7487.19 18458.3 34622.9 77688 31798.7 4406.63 2184.52 117573 98014.1 9746.53 9673.81 8356.4 7006.08 58086.5 8711.8 27392.1 15775.6 7050.52 18794.4 2936.91 2157.94 8725.09 8321.74 5255.81 1390.13 8756.24 5393.95 11616.5 5076.84 63758.6 59437 20508.4 47981.7 10964.4 8065.35 45464.6
internal_count=3532669 2306367 1226302 794986 453964 1852403 686428 294697 1234104 431316 618299 1158587 386315 300113 586023 199645 172865 159267 858075 272339 75517 95052 123275 664538 152581 80675 108558 147510 267349 322582 242935 34667 16743 543708 450800 81383 108415 68610 51653 236916 66127 208268 124091 55357 98911 22694 16718 68734 65460 43279 12773 73741 32276 84177 38037 263441 244034 85006 195567 45520 33445 184981
is_linear=0
shrinkage=0.05


Tree=38
num_leaves=63
num_cat=0
split_feature=0 0 1 1 0 0 8 0 0 1 1 1 8 0 8 0 8 8 10 1 10 0 8 8 10 1 10 1 10 8 10 10 1 8 8 10 10 8 1 1 10 10 10 8 11 8 8 8 8 8 8 1 8 1 10 0 8 8 8 8 8 8
split_gain=23269.7 12858.3 6494.68 3353.02 2830.4 2588.03 1519.31 1462.72 1364.99 1344.03 792.685 736.776 708.014 627.448 518.312 494.861 446.851 436.649 430.6 391.171 380.058 320.706 316.869 316.756 311.911 295.478 281.425 284.464 264.125 251.259 351.913 339.315 239.403 227.259 344.367 223.154 554.401 277.417 221.866 209.722 244.637 198.429 285.642 175.693 206.772 174.252 171.222 167.75 342.772 164.561 163.576 159.561 158.512 151.448 150.945 189.987 141.992 414.6 139.852 136.026 349.899 255.451
threshold=1.0000000180025095e-35 -1.4999999999999998 1311.5000000000002 872.50000000000011 -1.0000000180025095e-35 2.5000000000000004 0.37821100652217871 1.5000000000000002 -2.4999999999999996 472.50000000000006 339.50000000000006 630.50000000000011 0.44325809180736547 1.5000000000000002 0.45978543162345892 -2.4999999999999996 0.48112049698829656 0.45978543162345892 0.23491215705871585 80.500000000000014 0.23574929684400561 -3.4999999999999996 0.43866007030010229 0.29661081731319433 0.23546514660120013 360.50000000000006 0.2248843312263489 2328.5000000000005 0.22612502425909045 0.34756815433502203 0.23041371256113055 0.21842505037784579 2220.5000000000005 0.30652734637260443 0.42617776989936834 0.22289190441370013 0.21719129383563998 0.59168273210525524 30.500000000000004 2360.5000000000005 0.22244768589735034 0.23104770481586459 0.23198642581701281 0.58457565307617199 1.2073334455490115 0.44254073500633245 0.4355714619159699 0.39199665188789373 0.42793531715869909 0.3849149495363236 0.36406168341636663 810.50000000000011 0.56885173916816723 1819.5000000000002 0.23093203455209735 2.5000000000000004 0.44254073500633245 0.45418073236942297 0.37821100652217871 0.39804874360561376 0.40799815952777868 0.39604650437831884
decision_type=2 2 2 2 2 2 2 2 2 2 2 2 2 2 2 2 2 2 2 2 2 2 2 2 2 2 2 2 2 2 2 2 2 2 2 2 2 2 2 2 2 2 2 2 2 2 2 2 2 2 2 2 2 2 2 2 2 2 2 2 2 2
left_child=1 3 7 15 10 6 -4 11 21 19 38 -2 20 16 26 -1 18 -12 56 -6 29 52 34 -7 35 -17 -10 28 -28 39 31 49 -15 -13 59 36 37 -19 -3 40 -11 -32 -43 -14 -39 -20 53 -44 -49 -31 -27 -9 -5 -23 -42 58 -8 -58 -53 61 -61 -22
right_child=2 4 5 8 9 23 13 51 14 12 17 33 43 32 -16 25 -18 24 45 -21 22 46 -24 -25 -26 50 27 -29 -30 30 41 -33 -34 -35 -36 -37 -38 44 -40 -41 54 42 47 -45 -46 -47 -48 48 -50 -51 -52 55 -54 -55 -56 -57 57 -59 -60 60 -62 -63
leaf_value=-0.05311906722423522 0.041433535661172492 -0.046344891508985873 0.0015701384169805222 -0.052637065390640947 0.041433535661172492 0.0015701384169805222 0.0015701384169805222 0.051579649419928743 -0.024894087051032285 0.0015701384169805222 -0.0081299800026858847 0.0015701384169805222 0.0041792181398049326 0.031570258871940392 -0.0061965472922215423 -0.048080863311432631 0.018065749286974426 -0.0061965472922215423 0.018065749286974426 0.015442245788455995 0.0015701384169805222 -0.041878976881416938 -0.0081299800026858847 0.047287235954262631 0.0041792181398049326 -0.04316553503396911 -0.0081299800026858847 -0.0081299800026858847 -0.02119219530072743 0.0015701384169805222 -0.0081299800026858847 0.0015701384169805222 0.018065749286974426 0.022550232196864708 0.017071526209221598 -0.0061965472922215423 0.0041792181398049326 0.010399904160935555 -0.019010689642665106 -0.0081299800026858847 -0.0081299800026858847 0.0015701384169805222 -0.0081299800026858847 0.010399904160935555 -0.0061965472922215423 0.0041792181398049326 -0.024894087051032285 0.0015701384169805222 -0.0081299800026858847 -0.0081299800026858847 -0.026001030344197963 0.022550232196864708 -0.024894087051032285 -0.024894087051032285 0.0015701384169805222 0.051047723833050743 0.018065749286974426 0.0041792181398049326 0.039431154823662926 -0.0081299800026858847 0.0037305896431457045 0.018065749286974426
leaf_weight=7612.9595852792263 6414.4162738583982 815.78007970005274 22017.400774415582 2514.863506026566 1340.0568676888943 237.6387894898653 12389.88557292521 10785.338700737804 9257.9755414128304 8206.3383193463087 93426.1857791394 959.27973982691765 84831.779747568071 6086.0190419331193 12368.418107256293 3628.1082950159907 16968.551050782204 17968.906716391444 6972.5341395065188 9011.2147985100746 25511.733004197478 3297.0142399221659 1915.7656547576189 5418.8611198402941 1929.9520343989134 1890.7444854080677 916.83423145115376 4335.9940568059683 11433.036957889795 2319.6659948676825 2731.3369595557451 34159.619634822011 4902.9265702515841 11394.799321338534 4466.2045824825764 11990.912658467889 7059.4669717103243 4438.279649361968 8222.4094686359167 24626.415042251348 4758.1210127770901 3593.887413173914 6634.8170891553164 11350.048514790833 564.36348004639149 1937.2954499870539 3099.4539861083031 7489.4457061290741 3375.7733052819967 4832.2054192572832 5256.7156381681561 737.21094641089439 138.8084756359458 2007.7635651528835 2109.8120307922363 2955.8581885285676 2337.6209464520216 5866.8225207328796 2847.9523380771279 4936.3858859241009 8005.8969408273697 691.53287979960442
leaf_count=83407 101386 6694 137759 25138 18256 2841 74251 204879 49676 33866 385426 7601 429340 79745 56507 35651 134941 74158 50042 70877 110218 27710 8735 79253 7886 14422 4971 20103 61216 10127 12136 150944 53713 114098 21481 48459 28913 19758 43901 97801 20189 16010 28664 68682 2458 14363 22438 33164 15219 21018 37045 12135 919 14034 8927 52288 18064 40536 47696 21796 35971 2989
internal_value=4.9533e-05 -0.00497801 0.0195852 -0.0251317 -0.00159204 0.0120495 0.00972354 0.0373586 -0.0183429 0.00157014 -0.00714029 0.0276851 0.000829061 0.0141419 -0.0138758 -0.0433563 0.0116008 -0.00619655 0.00788214 0.0192194 -0.0013139 -0.0338177 0.00157014 0.0447244 -0.00208666 -0.0364545 -0.0179024 -0.0140219 -0.0183519 -0.00301164 -0.00110062 0.00157014 0.0248864 0.0205439 0.00157014 -0.00354223 -0.000864004 -0.00549465 -0.0214827 -0.00614695 -0.00141136 -0.00594155 -0.00275144 0.00417922 0.00417922 0.0170715 -0.0290262 -0.00638693 -0.001535 -0.00812998 -0.030547 0.0478351 -0.0489756 -0.0352788 -0.00812998 0.041654 0.00417922 0.00911701 0.033897 0.00157014 -0.00372157 0.00157014
internal_weight=592303 471073 121230 67758.7 403314 85135.6 79479.1 36094.9 49370.2 256898 146416 18768.5 246547 57461.7 38312.3 18388.5 46472.7 137378 29504.2 10351.3 150365 11057.9 45527.5 5656.5 43951.9 10775.6 25943.8 16685.9 12349.9 104837 65136.8 41311.5 10988.9 12354.1 43611.8 42021.9 30031 22971.5 9038.19 39700.7 15074.3 23825.3 21093.9 96181.8 5002.64 8909.83 8404.23 17500 10865.2 7151.87 7147.46 17326.4 2653.67 5304.78 6867.93 6541.02 20594.3 8204.44 3585.16 39145.5 12942.3 26203.3
internal_count=3532891 2307300 1225591 453237 1854063 685508 603414 540083 282712 1236410 617653 223085 1147277 465655 192473 170525 332197 567058 197256 89133 649255 90239 201190 82094 181632 87118 135966 86290 66187 448065 287282 182089 133458 121699 192455 173746 125287 96374 50595 160783 62982 105193 93057 498022 22216 64405 64182 77047 48383 31145 51467 316998 26057 41744 29116 112119 132851 58600 59831 170974 57767 113207
is_linear=0
shrinkage=0.05


Tree=39
num_leaves=63
num_cat=0
split_feature=0 0 2 1 0 0 9 0 0 2 1 1 9 1 8 0 0 0 1 1 8 10 8 9 1 9 8 9 8 1 10 8 10 8 8 9 1 0 10 8 11 9 10 10 9 8 9 10 10 9 9 11 9 9 8 12 9 8 9 8 8 9
split_gain=21411.1 11818.8 6178.03 3175.64 2750.66 2465.02 1802.1 1414.4 1234.33 1140.1 772.917 651.107 577.924 523.162 468.711 456.44 382.858 349.266 338.474 336.394 314.675 294.683 283.425 281.792 274.185 257.321 256.53 239.179 404.98 233.069 231.598 218.277 214.566 251.328 249.657 444.148 209.693 192.929 185.178 176.65 176.417 174.735 283.871 172.434 238.676 219.673 184.28 224.975 240.475 232.789 202.427 175.603 170.165 162.9 159.273 156.299 155.204 148.623 147.035 143.091 164.868 138.497
threshold=1.0000000180025095e-35 -1.4999999999999998 2.5000000000000004 770.50000000000011 2.5000000000000004 -1.0000000180025095e-35 0.33949495851993566 -2.4999999999999996 1.5000000000000002 2.5000000000000004 930.50000000000011 502.50000000000006 0.28810557723045355 1909.5000000000002 0.34329362213611608 1.5000000000000002 -2.4999999999999996 -3.4999999999999996 60.500000000000007 2118.5000000000005 0.42959892749786383 0.24420594424009326 0.36166779696941381 0.30839414894580847 1968.5000000000002 0.20178101211786273 0.38683760166168218 0.40693396329879766 0.37011507153511053 246.50000000000003 0.23359713703393939 0.473398968577385 0.23608218133449557 0.50498071312904369 0.43958365917205816 0.29452873766422277 2130.5000000000005 1.5000000000000002 0.23004490137100223 0.31069611012935644 0.19183616340160373 0.26938365399837499 0.21738760173320773 0.1970353573560715 0.26267747581005102 0.45149688422679907 0.31268626451492315 0.21631539613008502 0.21942402422428134 0.30191217362880712 0.29643437266349798 0.031500523909926421 0.13645498454570773 0.4609022736549378 0.59168273210525524 2.5000000000000004 0.28726255893707281 0.46426874399185186 0.21470168977975848 0.4355714619159699 0.56885173916816723 0.28194808959960943
decision_type=2 2 2 2 2 2 2 2 2 2 2 2 2 2 2 2 2 2 2 2 2 2 2 2 2 2 2 2 2 2 2 2 2 2 2 2 2 2 2 2 2 2 2 2 2 2 2 2 2 2 2 2 2 2 2 2 2 2 2 2 2 2
left_child=1 3 4 16 6 10 15 17 11 12 18 -4 52 26 21 25 -1 60 -3 27 -12 -8 -14 56 59 -2 40 28 -16 -18 -21 -20 38 -33 -34 -36 55 -30 43 -26 -9 -38 -43 -27 -45 -46 47 50 -49 51 -47 -50 -7 -13 -35 -22 58 -51 -11 -19 -5 -40
right_child=2 5 8 7 -6 9 14 13 -10 23 20 53 22 -15 19 -17 29 24 31 30 36 -23 -24 -25 39 32 -28 -29 37 -31 -32 33 34 54 35 -37 41 -39 61 -41 -42 42 -44 44 45 46 -48 48 49 57 -52 -53 -54 -55 -56 -57 -58 -59 -60 -61 -62 -63
leaf_value=-0.053422265697870099 0.027603675235623393 -0.03742944708766318 0.044412324765492006 -0.052530044095335272 0.044717067547918245 0.027603675235623393 -0.0013467771098450913 -0.03091580708811948 0.048413429873672351 0.023902639400951338 -0.0072051716617278884 0.023902639400951338 -0.0044198110107966414 -0.0076202413234089843 1.172918427416382e-05 0.027603675235623393 -0.050708696370742649 -0.040301215141831326 -0.015188850792129609 1.172918427416382e-05 -0.0076202413234089843 0.044717067547918245 1.172918427416382e-05 0.0065050439978562779 -0.048846684727441664 0.0048291130614564236 -0.015188850792129609 0.030085191137997531 0.011607894536319947 -0.032435653613777503 0.0099722571162583658 1.172918427416382e-05 0.027603675235623393 -0.015188850792129609 0.027603675235623393 1.172918427416382e-05 0.0048291130614564236 0.030587952812743888 0.027603675235623393 -0.0098719804733633024 -0.015188850792129609 -0.0076202413234089843 1.172918427416382e-05 0.023026530666034949 0.026462859265350493 0.0048291130614564236 1.172918427416382e-05 0.027603675235623393 0.0048291130614564236 0.027603675235623393 0.027603675235623393 0.026294347231138351 0.0048291130614564236 0.0065050439978562779 1.172918427416382e-05 -0.0019312236756823425 0.023902639400951338 0.0048291130614564236 0.008476193088490477 -0.024316873863752305 -0.024316873863752305 0.0048291130614564236
leaf_weight=6526.9563817456365 2580.366696074605 1360.7919994592667 4544.1978954635561 2689.2523558065295 6064.0330177433789 502.57461814582348 12457.116534851491 5726.3295467197895 15095.203023143113 1972.8115071244538 63649.989527717233 10304.001702647656 52029.29562613368 18258.281850919127 1177.8949987180531 8500.7241271212697 2405.267571143806 3890.6808175444603 21579.495919108391 10969.004725836217 8711.5233798474073 466.66208170354366 117696.06905657798 25761.776707731187 333.83486126363277 864.33280248939991 14176.651876069605 1805.4847125299275 6205.3760544210672 6405.1232274398208 6775.9992034435272 2815.3223931193352 1861.637470446527 3902.8376679122448 688.514418579638 1548.3512658700347 9778.2013852000237 1707.2774982787669 705.42126554995775 2214.5990714579821 1643.7191321998835 3743.8887439668179 14403.823781594634 6314.657896079123 2014.8158465847373 2476.2408083900809 2221.9322215393186 1246.3709619566798 1133.8549361899495 364.84333398193121 511.81417905539274 2504.9732490926981 48259.765908971429 993.92088863253593 1010.4222412258387 15542.008010372519 3487.574712600559 982.73289801180363 6470.7601814605296 2197.3012486025691 143.55384816229343 4240.5847469419241
leaf_count=74772 22844 10631 79184 28239 93311 3233 75629 34564 291323 14283 260855 112936 209755 85617 8813 108462 24834 34026 99520 66749 35314 2941 531718 152580 2341 6877 73813 14599 43610 51107 44347 12216 15378 17109 5749 11509 41201 23568 5483 15112 10027 15506 58360 52712 15695 17956 15807 9614 8604 2539 4063 19343 255589 9007 4456 63681 23722 6910 43884 17498 1000 30384
internal_value=4.01054e-05 -0.00476855 0.0189513 -0.0242776 0.0122203 -0.00154128 0.00982618 -0.0183061 0.0381813 0.00141703 -0.00671444 0.0284291 3.1581e-05 -0.0138479 0.00250028 0.0172961 -0.0442384 -0.0337764 -0.0137723 0.00655189 -0.00484557 -0.00134678 -0.00134678 0.00944757 -0.0287729 0.0145793 -0.0191245 0.0134667 0.0101631 -0.0374294 0.00230547 -0.0126391 0.0132482 -0.00542771 0.0238692 0.0101454 -0.00196719 0.0157065 0.0115458 -0.0149947 -0.0266917 1.17292e-05 -0.00193598 0.0136812 0.0150069 0.0112424 0.00856035 0.0118711 0.0176192 0.0119417 0.00482911 0.0188507 0.00482911 0.0219971 -0.0131941 -0.00546903 0.0158 1.17292e-05 0.012122 -0.034537 -0.0490151 0.00482911
internal_weight=588619 469290 119328 66611.6 88391 402679 82327 51274.2 30937.3 256181 146498 15842.1 218488 39805 41564.8 40762.2 15337.3 11469.2 30668.9 28641 115829 12923.8 169725 37692.9 8636.42 32261.4 21546.7 10896 9090.55 8810.39 17745 29308.1 29681.1 7728.58 4098.5 2236.87 52179.4 7912.65 25582.6 2548.43 7370.05 27925.9 18147.7 20636.6 19772.2 13457.6 11442.8 9220.83 6232.78 4986.4 2988.05 3638.83 48762.3 11297.9 4913.26 24253.5 11931.1 1347.58 8443.57 6087.98 2832.81 4946.01
internal_count=3532509 2306563 1225946 452950 733496 1853613 640185 302237 492450 1234764 618849 201127 1000295 204021 280256 359929 150713 98216 143932 201686 474917 78570 741473 234469 68977 251467 118404 90590 75991 75941 111096 133301 228623 33781 32636 17258 214062 67178 195987 17453 44591 115067 73866 160120 153243 100531 84836 69029 47010 37396 22019 27947 258822 121943 21565 98995 81889 9449 58167 51524 29239 35867
is_linear=0
shrinkage=0.05


Tree=40
num_leaves=63
num_cat=0
split_feature=0 0 1 0 1 0 8 1 0 0 0 1 0 1 8 1 8 8 10 1 8 8 1 10 0 1 1 8 1 1 8 8 8 8 1 8 8 1 12 11 10 11 1 10 10 8 8 8 8 10 8 10 10 8 10 10 8 10 10 8 10 8
split_gain=19458.4 10823.4 6017.88 3076.49 3022.48 2191.93 1542.65 1221.54 1094.64 885.981 845.253 716.95 651.836 580.187 530.404 458.977 446.808 417.871 474.934 376.591 341.475 314.234 314.11 306.824 302.775 270.47 263.534 222.833 222.379 208.537 197.507 277.552 198.765 238.519 191.668 180.982 343.191 166.545 231.751 194.079 183.172 235.628 160.512 156.278 154.644 149.555 174.058 148.572 186.395 146.189 143.098 142.566 290.068 138.395 193.71 135.618 238.423 198.366 126.636 121.322 118.452 115.742
threshold=1.0000000180025095e-35 -1.4999999999999998 1040.5000000000002 2.5000000000000004 951.50000000000011 -1.0000000180025095e-35 0.37011507153511053 1020.5000000000001 -2.4999999999999996 1.5000000000000002 1.5000000000000002 531.50000000000011 -2.4999999999999996 174.50000000000003 0.42545528709888464 472.50000000000006 0.44619597494602209 0.48112049698829656 0.23465987294912341 360.50000000000006 0.42959892749786383 0.29661081731319433 2539.5000000000005 0.23546514660120013 -3.4999999999999996 2177.5000000000005 60.500000000000007 0.28798596560955053 1968.5000000000002 2539.5000000000005 0.36406168341636663 0.42617776989936834 0.29661081731319433 0.26263889670372015 2370.5000000000005 0.44519373774528509 0.45592802762985235 2177.5000000000005 2.5000000000000004 -0.22244055569171903 0.21738760173320773 0.22422833740711215 1770.5000000000002 0.21066060662269595 0.18649337440729144 0.4355714619159699 0.56885173916816723 0.58457565307617199 0.609165519475937 0.22796162217855456 0.27788905799388891 0.24268008023500445 0.24453619122505191 0.59168273210525524 0.20455986261367801 0.24014183133840564 0.41896589100360876 0.24326356500387195 0.22781910002231601 0.19815926998853686 0.22386372834444049 0.21525833755731585
decision_type=2 2 2 2 2 2 2 2 2 2 2 2 2 2 2 2 2 2 2 2 2 2 2 2 2 2 2 2 2 2 2 2 2 2 2 2 2 2 2 2 2 2 2 2 2 2 2 2 2 2 2 2 2 2 2 2 2 2 2 2 2 2
left_child=1 4 9 6 12 11 -4 13 24 15 17 26 -1 -7 23 -2 -10 18 42 -14 31 -5 35 34 46 38 -3 33 45 -12 -21 32 -13 59 61 55 -37 -18 39 49 43 58 -8 44 -40 -26 -6 -16 -27 -22 -36 -25 -53 54 -46 -20 57 -57 60 -15 -42 -9
right_child=2 5 3 21 8 7 10 14 16 -11 29 20 19 27 47 -17 37 -19 22 30 25 -23 -24 51 28 48 -28 -29 -30 -31 -32 -33 -34 -35 50 36 -38 -39 40 -41 41 -43 -44 -45 53 -47 -48 -49 -50 -51 -52 52 -54 -55 -56 56 -58 -59 -60 -61 -62 -63
leaf_value=-0.05181599938205711 0.044391978733720271 -0.037948127854574007 0.0012806400440106623 0.0012806400440106623 -0.05161489266365249 0.030593686294880185 0.01134736580085563 -0.013383382770333239 -0.016979837765616266 0.049556780121695371 0.029097074538699193 -0.013383382770333239 -0.046813815556537262 -0.013383382770333239 0.0025609249753797071 0.023795291937354395 -0.0096701353295236252 0.0170932628651515 0.029097074538699193 -0.040165891151333954 0.0025609249753797071 0.047123483678354693 0.0055260587015475149 0.0012806400440106623 -0.039098874494241528 0.00130264158605863 -0.014640389299699602 0.0096921689662725699 -0.016979837765616266 0.0170932628651515 -0.022246069703812973 -0.016979837765616266 -0.0057681347477962141 -0.013383382770333239 -0.012212171563290519 0.0025609249753797071 0.029097074538699193 0.00130264158605863 -0.0096701353295236252 -0.0096701353295236252 -0.0091628789284284948 0.0025609249753797071 0.0025609249753797071 -0.0096701353295236252 -0.0096701353295236252 -0.021448317748580817 -0.021448317748580817 0.0085809631066746331 0.0085809631066746331 -0.0096701353295236252 -0.0046978058713120167 -0.0057681347477962141 0.0012806400440106623 0.0085809631066746331 0.0025609249753797071 0.0025609249753797071 0.029097074538699193 0.023280832369150919 -0.0096701353295236252 0.02218757185335447 0.0025609249753797071 4.1033481652478235e-05
leaf_weight=7458.3016324564815 4039.0174912139773 1328.8801934719086 21410.279174979776 278.07855236157775 2151.9025649651885 2725.6333196014166 5562.9396666958928 639.2319358587265 22539.218758448958 12412.847162615508 9692.9629580937326 9997.8000786006451 3372.9605533629656 130.56630806624889 97796.166162252426 8203.2808279208839 9134.5811677128077 18197.226965144277 2617.0708740726113 2077.3625319823623 2135.2740686386824 6471.1966278702021 4113.2074272334576 21847.804690405726 3260.8278762027621 25436.909641847014 13836.435592517257 25472.544426076114 2525.8343664854765 2803.1448456868529 5942.5965776517987 1995.5173125565052 59945.315405845642 632.07840696722269 7317.9482141584158 549.26849896460772 660.44127879291773 5023.6151247620583 861.62891644239426 6874.7154488414526 2274.8313174247742 5069.0972762107849 17581.150658965111 3767.4227377325296 1591.6723169237375 1906.2467655092478 125.98636650294065 10248.083756588399 1554.5471558868885 1321.3543121516705 47187.340162575245 4689.8928552120924 10392.519284531474 795.90413554012775 2045.7099115997553 717.97969430685043 847.91173730790615 1243.1051266342402 3790.7041488736868 720.20745021849871 1630.3772913515568 26059.506570488214
leaf_count=88516 74084 10674 138454 3744 23246 35148 44798 2517 120403 254514 133870 42268 35625 634 480064 95804 43180 151996 20932 16397 8615 106696 27485 93387 28188 103949 68327 153853 17467 31552 42471 8580 246185 3133 28629 4301 5515 21705 3783 28037 9338 20725 109968 15453 6557 14673 843 62136 7314 5286 195744 20113 44834 3429 8402 5327 7465 9524 15359 3720 6530 110866
internal_value=-1.19421e-05 -0.0045809 0.0181871 0.0123502 -0.0234254 -0.00151038 0.00979872 0.00128064 -0.0165994 0.0401424 0.0137835 -0.00639301 -0.040322 0.0108174 2.91052e-05 0.0305937 -0.0126073 0.0109816 0.00769978 -0.0327937 -0.00520222 0.0448537 0.0163843 -0.00228647 -0.0312899 -0.00238786 -0.0166851 0.00858256 -0.0265422 0.0254617 -0.0268922 -0.0075162 -0.0075162 -0.0075162 -0.0040068 0.0231129 0.00561922 -0.00564559 -0.00548533 -0.00967014 -0.00243494 0.00142438 0.00366585 -0.00787065 -0.000763262 -0.0325926 -0.0473049 0.00256092 0.00130264 0.00256092 -0.0057069 0.00128064 -0.00359209 0.00256092 -0.00246466 0.0270113 0.0177234 0.00697283 -0.00630906 0.0133569 0.00049508 -0.000535961
internal_weight=585034 467633 117401 92746 65519.4 402114 85996.7 255860 46668.2 24655.1 64586.4 146254 18851.2 29681 226178 12242.3 36697.4 52090.3 33893.1 11392.9 131089 6749.28 10749 118134 9970.8 59150.1 15165.3 26955.4 7692.91 12496.1 8019.96 71938.6 69943.1 1482.85 81204 6635.78 1209.71 14158.2 32158.7 10331.3 21827.3 12765 23144.1 9062.34 5294.92 5167.07 2277.89 108044 26991.5 3456.63 54505.3 36930.2 15082.4 4433.29 3637.38 5426.07 2809 1961.08 7695.91 850.774 3905.21 26698.7
internal_count=3532332 2306303 1226029 801627 452714 1853589 691187 1234778 269705 424402 552733 618811 183009 196488 1038290 169888 185288 387311 235315 94493 539810 110440 80549 496090 84417 242777 79001 161340 60328 165422 58868 297033 288453 7487 337756 53064 9816 64885 131514 41938 89576 51952 154766 37624 22171 42861 24089 542200 111263 13901 224373 158334 64947 18388 14959 43248 22316 14851 31227 4354 15868 113383
is_linear=0
shrinkage=0.05


Tree=41
num_leaves=63
num_cat=0
split_feature=0 0 1 1 0 0 9 0 0 1 1 1 9 9 0 9 0 8 9 1 8 8 1 9 9 1 9 1 0 1 9 9 10 8 8 8 8 11 10 9 9 10 8 9 10 9 9 10 12 8 9 1 11 1 10 9 8 9 8 11 8 8
split_gain=17682.4 9985.96 5803.72 3037.86 2416.43 2040.74 1555.68 1441.69 1214.04 1127.87 674.583 633.066 602.67 460.36 441.762 432.012 409.626 343.707 335.442 318.252 285.405 472.252 269.914 267.894 253.126 239.542 237.726 240.614 223.681 209.247 199.726 197.745 353.678 272.894 260.675 193.931 192.886 217.208 231.886 241.183 191.002 186.643 236.847 363.201 224.645 181.592 233.606 180.593 172.115 170.798 176.579 157.829 155.418 153.782 147.834 137.685 143.572 257.599 240.879 135.379 133.572 127.305
threshold=1.0000000180025095e-35 -1.4999999999999998 1280.5000000000002 801.50000000000011 2.5000000000000004 -1.0000000180025095e-35 0.33949495851993566 1.5000000000000002 -2.4999999999999996 339.50000000000006 420.50000000000006 184.50000000000003 0.30191217362880712 0.29452873766422277 -2.4999999999999996 0.39191363751888281 1.5000000000000002 0.34329362213611608 0.30915527045726782 2058.5000000000005 0.42068099975585943 0.41713801026344305 299.50000000000006 0.44970461726188665 0.20178101211786273 1500.5000000000002 0.44720508158206945 2029.5000000000002 -3.4999999999999996 1132.5000000000002 0.47105844318866735 0.40693396329879766 0.22207798063755038 0.37011507153511053 0.41067200899124151 0.37528081238269811 0.37821100652217871 0.65152674913406383 0.23479837924242022 0.38476856052875524 0.29452873766422277 0.23608218133449557 0.43958365917205816 0.30770036578178411 0.24390045553445819 0.19466029852628711 0.17489672452211383 0.24420594424009326 3.5000000000000004 0.40898340940475469 0.39838233590126043 770.50000000000011 -1.2159600257873533 17.500000000000004 0.24293175339698794 0.3340155184268952 0.45149688422679907 0.31173904240131384 0.4416430145502091 -0.35808739066123957 0.44822673499584204 0.37428823113441473
decision_type=2 2 2 2 2 2 2 2 2 2 2 2 2 2 2 2 2 2 2 2 2 2 2 2 2 2 2 2 2 2 2 2 2 2 2 2 2 2 2 2 2 2 2 2 2 2 2 2 2 2 2 2 2 2 2 2 2 2 2 2 2 2
left_child=1 3 7 14 6 11 16 10 18 -7 -2 53 25 -10 -1 19 24 47 52 61 21 31 -16 29 -4 -11 27 -15 -20 -14 -12 33 -33 -19 35 -35 -37 49 39 -39 48 55 -43 44 -44 -27 -21 -8 -24 50 -38 -9 -5 -3 -36 56 58 -58 -26 -30 -18 -13
right_child=2 5 4 8 -6 9 17 51 13 12 30 15 23 26 22 -17 60 20 28 46 -22 -23 40 -25 41 45 -28 -29 59 -31 -32 32 -34 34 54 36 37 38 -40 -41 -42 42 43 -45 -46 -47 -48 -49 -50 -51 -52 -53 -54 -55 -56 -57 57 -59 -60 -61 -62 -63
leaf_value=-0.052580656708965237 0.045344338526449153 -0.048634615099159721 0.025827411959877436 -0.054829953898602263 0.043629700832673174 0.021658857631733423 -0.00081446137700100533 0.051197973983682782 -0.0055930671630021085 0.010918813059225431 0.022283890171149109 -0.00081446137700100533 0.0056155263393891288 -0.016673908091046824 -0.048634615099159721 -0.0099236576046435286 0.042404685983989769 -0.00081446137700100533 -0.051422826648983969 0.012315162543425538 -0.00081446137700100533 0.04064997249197172 -0.047503081475380404 -0.0054109566389046069 0.010918813059225431 0.012315162543425538 -0.024909132445123869 -0.0099236576046435286 -0.038429001247032898 -0.00081446137700100533 -0.0011494855514177697 -0.00081446137700100533 0.024880329968422162 0.030438655241214304 -0.00081446137700100533 -0.00081446137700100533 0.0046775409487005582 -0.00081446137700100533 0.043031600956736998 0.038646334353148959 -0.034627470269309138 0.025827411959877436 0.025827411959877436 -0.00081446137700100533 0.010918813059225431 0.0023917179114212243 -0.0012909792347298088 0.043629700832673174 -0.0099236576046435286 0.03422952555491706 0.043629700832673174 0.040677847591755072 -0.016673908091046824 -0.0216316534446282 0.043629700832673174 -0.00081446137700100533 0.011570817598466558 -0.00081446137700100533 0.025827411959877436 -0.024909132445123869 0.025827411959877436 -0.0055930671630021085
leaf_weight=6194.5947867184877 3455.707790248096 492.07256834208965 2416.2634461969137 266.07030675560236 5179.8714727126062 6590.3151028081775 12141.478469073772 8920.2821428850293 9455.249942317605 12606.490658357739 12465.60076386109 1548.8741976171732 16108.924631141126 13866.634793542325 2609.8813958242536 40941.087211981416 1216.5781454406679 2971.1662483550608 1969.2540702298284 778.31488084793091 4041.6420150659978 1050.2658673636615 328.02142843604088 31698.359982073307 977.4577713534236 5068.1077043488622 5711.435430534184 9840.790906816721 3480.5855711102486 132415.03024239838 980.73089242726564 1385.9304074570537 3219.5542040243745 1159.0853062644601 2195.0349100120366 898.46453066915274 7631.1164736747742 724.04667769372463 1007.9404496401548 487.02837693691254 4598.3578200563788 1710.0191116929054 1102.6978539898992 735.0120352730155 283.44284225255251 50925.458093047142 45522.940196946263 439.46307887881994 1270.6972627267241 565.64204202964902 147.55439577996731 5992.8316150531173 2537.4789064303041 3812.3155749589205 159.77005007863045 1122.1756631284952 17738.303791023791 2594.6224783807993 1872.2548708617687 2484.4245121702552 6560.2344780787826 52838.41805690527
leaf_count=77320 66928 4508 22020 2286 84880 65702 72669 193889 43473 75448 141550 6408 87675 78259 29035 172868 16053 19161 22600 3674 27417 7421 2307 127752 6973 32223 33272 46190 29666 580672 8834 9577 21449 8302 15345 6329 54768 5561 9117 3805 38620 14516 8936 5439 2155 264673 185935 2831 9105 3708 949 116650 20253 23537 1269 8242 139958 18405 14861 21310 86312 221474
internal_value=-4.56314e-05 -0.00438746 0.017463 -0.02263 0.0105555 -0.00145051 0.00837403 0.0356418 -0.0166677 0.0012445 0.0256414 -0.00616729 0.000703722 -0.0125564 -0.0423455 -0.00559307 0.0155822 0.00150546 -0.0315494 -0.00383212 0.00542359 0.00789217 -0.0351411 -0.000814461 0.0129736 0.00469216 -0.0157514 -0.0135443 -0.0368029 -0.000814461 0.0205748 0.0063649 0.0156062 0.00399267 0.00774393 0.010956 0.00898327 0.011425 0.0253255 0.0105659 -0.0294515 0.0116174 0.0221159 0.0109188 0.0258274 0.00329012 -0.000814461 -0.000814461 -0.0145515 0.00772589 0.00579447 0.0469735 -0.0166739 -0.0250555 -0.000814461 0.0109188 0.0109188 0.0109188 0.0221424 -0.0319686 0.0258274 -0.00559307
internal_weight=581509 465960 115549 64613.5 83734.1 401347 78554.2 31815.2 49611.9 255413 16902 145934 248822 38874.1 15001.6 141630 38329.1 40225.2 10737.8 100689 27644.2 23602.6 8806.96 180222 30552.2 68600.1 29418.9 23707.4 7934.26 148524 13446.3 22552.3 4605.48 17946.8 14975.7 12620.9 11461.8 10563.3 2219.02 1211.08 6197.08 28136 3831.17 2121.15 1386.14 55993.6 46301.3 12580.9 1598.72 8344.31 7778.67 14913.1 2803.55 4304.39 2354.8 24304.8 23182.6 20332.9 2849.71 5965.01 7776.81 54387.3
internal_count=3532524 2306245 1226279 453696 698428 1852549 613548 527851 297309 1234145 217312 618404 1168443 201194 156387 590359 343870 269678 96115 417491 194178 166761 79067 796099 241505 372344 157721 124449 73576 668347 150384 159340 31026 128314 109153 92539 84237 77908 18483 9366 50032 219485 31046 16530 11091 296896 189609 75500 11412 59425 55717 310539 22539 28045 16614 188439 180197 158363 21834 50976 102365 227882
is_linear=0
shrinkage=0.05


Tree=42
num_leaves=63
num_cat=0
split_feature=0 0 0 1 1 1 0 0 0 9 1 0 1 1 0 1 9 10 0 9 1 1 10 9 9 10 9 8 10 10 9 8 9 9 1 10 11 12 10 8 1 8 8 1 8 8 1 8 10 10 9 8 9 9 8 12 8 8 8 11 9 12
split_gain=16157 11292.3 3365.31 2956.37 2668.65 1577.98 1324.62 1109.58 1051.21 1010.01 905.145 774.531 682.856 634.364 500.933 407.511 342.92 371.179 320.12 309.871 303.956 291.845 285.391 258.016 252.39 251.106 249.997 239.326 222.988 227.028 215.728 212.994 212.389 205.067 203.31 205.288 188.047 208.142 226.354 183.493 170.308 168.113 233.009 167.193 166.981 166.137 165.181 154.673 146.938 538.868 361.298 386.368 148.289 138.037 137.314 136.301 131.685 122.207 193.385 171.508 127.338 139.756
threshold=1.5000000000000002 -1.4999999999999998 -1.0000000180025095e-35 840.50000000000011 1580.5000000000002 1101.5000000000002 1.0000000180025095e-35 -2.4999999999999996 2.5000000000000004 0.39077325165271765 621.50000000000011 1.0000000180025095e-35 174.50000000000003 930.50000000000011 -2.4999999999999996 1909.5000000000002 0.25834909081459051 0.23455427587032321 -3.4999999999999996 0.35119703412055975 299.50000000000006 111.50000000000001 0.24660515785217288 0.33949495851993566 0.30839414894580847 0.23628672212362292 0.31268626451492315 0.4355714619159699 0.22678797692060473 0.22098699957132342 0.47105844318866735 0.38683760166168218 0.25124679505825048 0.29452873766422277 2340.5000000000005 0.23465987294912341 -1.2159600257873533 3.5000000000000004 0.22244768589735034 0.56885173916816723 510.50000000000006 0.473398968577385 0.50498071312904369 2250.5000000000005 0.35563290119171148 0.45519419014453893 2580.5000000000005 0.36649362742900854 0.23546514660120013 0.23724532872438434 0.43506775796413427 0.30878235399723059 0.47105844318866735 0.40835168957710272 0.30217108130455023 3.5000000000000004 0.46816313266754156 0.48416106402873998 0.49337488412857061 -0.74314039945602406 0.20178101211786273 1.5000000000000002
decision_type=2 2 2 2 2 2 2 2 2 2 2 2 2 2 2 2 2 2 2 2 2 2 2 2 2 2 2 2 2 2 2 2 2 2 2 2 2 2 2 2 2 2 2 2 2 2 2 2 2 2 2 2 2 2 2 2 2 2 2 2 2 2
left_child=1 3 13 14 6 -2 12 18 19 11 -8 32 -4 21 -1 31 -13 28 39 34 -16 -3 36 -12 35 -26 -15 43 29 -18 -10 -9 -6 55 45 40 53 48 -39 -5 -14 -23 -43 -20 -24 -7 -19 -40 -38 52 -51 -52 -50 -11 -45 -22 -42 -58 -59 -60 61 -61
right_child=5 2 4 7 9 8 10 15 30 22 23 16 24 26 20 -17 17 46 27 -21 33 41 44 -25 25 -27 -28 -29 -30 -31 -32 -33 -34 -35 -36 -37 37 38 47 -41 56 42 -44 54 -46 -47 -48 -49 49 50 51 -53 -54 -55 -56 -57 57 58 59 60 -62 -63
leaf_value=-0.05192363623249846 0.048495401982811812 -0.029311793548978327 0.031969701224092206 -0.050718661605037546 0.0054999600456957318 0.044088284310817634 0.03906917896150694 -0.024133140397925724 0.046171855661149785 -0.0057870299567866056 0.021561099312705632 0.018407327946365494 0.020618077465056717 -0.00082159610145104945 -0.048421447796643792 -0.0064392499526096051 0.0025047394154831281 0.015824745383999857 -0.036903179276588476 0.015824745383999857 -0.043699673354724258 -0.013145649274442998 0.015824745383999857 0.009651412445110941 0.00099385202758252517 0.009651412445110941 -0.0057870299567866056 -0.016827727513593013 0.0010227591165785537 0.015391570287513459 0.015824745383999857 -0.013145649274442998 0.00018505118266294959 -0.033243672473936968 0.018407327946365494 0.021561099312705632 -0.0057870299567866056 0.015824745383999857 -0.0057870299567866056 -0.016827727513593013 0.021561099312705632 0.00099385202758252517 -0.012079560399237308 -0.050718661605037546 -0.0057870299567866056 0.025809758093154167 0.0058245058335949671 0.015824745383999857 0.015824745383999857 -0.0057870299567866056 -0.0057870299567866056 0.015824745383999857 -0.0057870299567866056 0.015824745383999857 -0.0064392499526096051 -0.013145649274442998 0.00099385202758252517 0.021561099312705632 0.021561099312705632 0.00099385202758252517 0.00099385202758252517 0.021561099312705632
leaf_weight=6218.6737823262811 12010.926049955189 2332.8119342550635 2615.1968540176749 2219.134359896183 22312.618637315929 1754.8911651708186 5438.4895496033132 6635.5738685876131 5644.2083563879132 120.83141689002514 9442.9317544177175 7621.8208909183741 2585.5853523164988 37544.160241439939 2512.3935485854745 18039.612866029143 7961.8144189044833 5092.0163331404328 3987.2710418775678 5502.7252095229924 364.36881256848574 20489.471633478999 1157.8752115219831 8777.0070026516914 26880.786700867116 9426.4144878014922 78041.34360037744 2975.8023291900754 9913.897718988359 5987.6655936464667 294.25707125663757 13170.838517509401 119257.24360658228 4979.7914117574692 3134.6031992062926 1538.0230699852109 55860.591981939971 2081.6599708274007 1630.2480796203017 130.56902351975441 540.03318729251623 2715.2882411777973 4688.5658694654703 148.86444925516844 343.10995800793171 4290.3879386261106 4174.6285675093532 415.0437303930521 2846.8955927789211 7333.4213159233332 1019.0127363502979 1034.6490901261568 96.039479687809944 1048.7793591320515 733.31300110369921 1412.7354988306761 1700.0117244273424 1146.8984549120069 754.99402117729187 79.854675278067589 6856.0754368677735 1257.3850142210722
leaf_count=80934 267068 17182 35208 26129 123251 25906 99124 41249 100022 595 97291 66535 20195 154805 29061 85631 55951 39421 36152 67390 2587 94536 5300 77790 136707 49943 320074 23008 64889 41248 4141 68931 553006 42327 37340 9728 241737 9138 7319 924 2917 11692 20474 1116 1446 63713 28281 2011 12677 32296 4289 4463 386 4669 5251 10009 9455 6569 4434 502 38369 8397
internal_value=-8.68184e-05 -0.00213053 0.000480318 -0.0219456 0.00323066 0.0340883 0.0112663 -0.0158207 0.0256948 0.00076225 0.0211695 0.00277126 0.00703549 -0.00586399 -0.0409416 -0.0118763 0.00884527 0.00664495 -0.0304609 0.0211695 -0.033569 -0.0118763 -0.0041223 0.0158247 0.00579912 0.00347069 -0.00417419 -0.025606 0.0033467 0.00803698 0.0438332 -0.0168277 0.00102276 -0.0280402 0.0255538 0.010935 -0.00417419 -0.0048901 0.00601257 -0.0466527 0.00895244 -0.0109038 -0.00444431 -0.0325454 0.0158247 0.0311223 0.0151373 -0.00578703 -0.00555001 -0.000300338 -0.00578703 0.015199 0.0158247 0.0153118 -0.0128295 -0.0134484 0.00650575 0.00528265 0.00818771 0.00556603 0.00334581 0.0174789
internal_weight=578322 545690 482161 63528.9 336350 32632 79039.7 48041 20621.1 257310 23658.4 182322 55381.3 145812 15488 37846 40751.8 33130 10195 14682.6 9269.29 30226.1 74988.2 18219.9 52766.1 36307.2 115586 7845.25 23863.4 13949.5 5938.47 19806.4 141570 6756.9 9179.88 16458.9 73487.2 72317.6 4126.95 2349.7 14920.8 27893.3 7403.85 4869.45 1500.99 6045.28 9266.64 2045.29 68190.6 12330 9387.08 2053.66 2942.94 1169.61 882.177 1777.1 12335.3 11795.2 10095.2 8948.31 8193.32 1337.24
internal_count=3533189 2967609 2514300 453309 1895537 565580 596629 288391 298512 1298908 274205 972582 322424 618763 164918 195811 296325 229790 92580 194349 83984 143884 326326 175081 287216 186650 474879 65527 162088 97199 104163 110180 676257 54923 126959 100566 319580 314316 18468 27053 90838 126702 32166 42519 6746 89619 67702 9330 295848 54111 41048 8752 13063 5264 6367 12596 70643 67726 58271 51702 47268 8899
is_linear=0
shrinkage=0.05


Tree=43
num_leaves=63
num_cat=0
split_feature=0 0 0 1 1 0 1 0 9 1 1 9 0 9 1 9 1 0 1 9 9 1 1 9 10 10 1 9 10 10 1 1 8 8 8 1 9 9 10 10 9 9 9 9 8 10 9 8 8 1 9 9 8 9 8 8 9 9 9 9 9 9
split_gain=14872.2 10417.6 3103.16 2776.94 2024.76 1636.75 1616.06 1061.94 1055.19 976.181 567.634 479.743 460.675 422.93 407.046 353.293 335.178 333.4 272.467 266.769 331.093 264.533 242.92 230.298 216.03 260.551 211.249 200.61 203.254 211.399 188.461 181.41 180.457 186.462 178.825 160.765 160.266 145.442 127.388 282.658 168.176 156.194 133.174 126.762 246.779 182.462 314.562 123.886 169.909 113.902 110.143 110.234 96.1952 91.8959 125.383 83.3026 80.5007 80.1659 264.144 95.9199 173.745 76.0097
threshold=1.5000000000000002 -1.4999999999999998 1.0000000180025095e-35 801.50000000000011 872.50000000000011 -1.0000000180025095e-35 1311.5000000000002 -2.4999999999999996 0.33949495851993566 307.50000000000006 299.50000000000006 0.30191217362880712 -2.4999999999999996 0.29452873766422277 2070.5000000000005 0.39191363751888281 420.50000000000006 -3.4999999999999996 2118.5000000000005 0.44970461726188665 0.48604546487331396 276.50000000000006 2070.5000000000005 0.29744088649749761 0.21392750740051272 0.23519582301378253 2147.5000000000005 0.26938365399837499 0.21770152449607852 0.21508511900901797 17.500000000000004 801.50000000000011 0.4355714619159699 0.56885173916816723 0.36406168341636663 872.50000000000011 0.19466029852628711 0.50473093986511242 0.22587928175926211 0.22098699957132342 0.34448260068893438 0.45420400798320776 0.45174847543239599 0.39077325165271765 0.32915079593658453 0.23992688208818438 0.36557076871395117 0.30217108130455023 0.29661081731319433 1608.5000000000002 0.18625104427337649 0.13645498454570773 0.38683760166168218 0.34813758730888372 0.42881587147712713 0.29661081731319433 0.33949495851993566 0.28810557723045355 0.28290471434593206 0.26938365399837499 0.25465683639049536 0.29452873766422277
decision_type=2 2 2 2 2 2 2 2 2 2 2 2 2 2 2 2 2 2 2 2 2 2 2 2 2 2 2 2 2 2 2 2 2 2 2 2 2 2 2 2 2 2 2 2 2 2 2 2 2 2 2 2 2 2 2 2 2 2 2 2 2 2
left_child=1 3 5 12 16 10 31 17 49 -7 30 23 -1 -9 -8 18 -4 33 -12 29 24 -14 52 36 -10 38 32 -20 -29 -13 -3 -2 -19 -5 -23 -31 50 56 39 41 -41 -26 -42 45 -45 -27 -47 -28 -24 -6 51 -11 -15 54 -54 -44 -18 58 59 60 -38 -36
right_child=6 2 4 7 8 9 14 13 20 11 15 19 21 22 -16 -17 37 26 27 -21 -22 34 48 -25 25 43 47 28 -30 35 -32 -33 -34 -35 61 -37 57 -39 -40 40 42 -43 55 44 -46 46 -48 -49 -50 -51 -52 -53 53 -55 -56 -57 -58 -59 -60 -61 -62 -63
leaf_value=-0.051785318127407033 0.050562432988811183 -0.047847967823025139 0.04499471562094734 -0.050648456146327486 0.019126867715390586 0.021780155866324726 0.030708073327861032 -0.0047952682701530571 0.01548264678738508 0.013079956760339068 -0.0047952682701530571 -0.0047952682701530571 -0.047847967823025139 -0.022568903332496396 0.01548264678738508 -0.0087688720600603842 0.031912540737260651 -0.035996486289785572 0.0034570894877510821 -0.0048392006489013971 -0.0048392006489013971 -0.042353417333770821 -0.027083456959620111 0.013079956760339068 0.0002089901458897689 0.01548264678738508 -0.050551464813588978 -0.0047952682701530571 0.0002089901458897689 0.0067735441478168137 -0.017050159276080921 0.038930798500730578 -0.018478690232687871 -0.018478690232687871 -0.017050159276080921 0.0002089901458897689 0.0034570894877510821 -0.0048392006489013971 0.0002089901458897689 0.0002089901458897689 0.01548264678738508 0.01548264678738508 0.01548264678738508 0.01548264678738508 0.0002089901458897689 0.0002089901458897689 0.01548264678738508 -0.0090831804132835686 -0.0087688720600603842 0.013079956760339068 0.013079956760339068 0.0034570894877510821 -0.034219216644643981 -0.0087688720600603842 -0.015475714489405346 -0.0048392006489013971 0.019659073437893155 0.0002089901458897689 0.013079956760339068 0.0002089901458897689 0.010240801116786614 -0.027818008505601961
leaf_weight=5668.6936472728848 8462.7338400520384 462.6632002145052 3202.7897406555712 2216.143520694226 7791.2686868682504 5600.1408458985388 8890.3970317952335 9445.5670198947191 1085.8410604000092 555.89253355562687 54251.272235676646 6202.4198008626699 2274.0137856826186 7892.7153055667877 8678.6098546460271 39825.15164335072 2952.3755878172815 3786.3367237523198 9861.1494679749012 31742.375802710652 4372.7635143324733 1572.3877765163779 1268.9436432570219 4404.7929063737392 3502.1581156477332 2448.4345187172294 179.31504613906145 4568.903178229928 29759.993662104011 10083.917153857648 6758.8276635855436 5592.2647005468607 2339.5502674356103 135.73616675287485 1593.190066292882 132766.95516604185 23418.113374993205 194.89829469099641 12813.342949956656 289.05060777068138 3947.9592016413808 1167.7701127380133 129.37393508851528 1038.5596409291029 2887.2992077693343 1887.010554254055 1485.8131038621068 1556.1292996630073 10077.91304038465 26258.629278667271 1354.4830731675029 4396.0422713086009 1084.3310828581452 3463.8936531767249 5045.8349111303687 639.98918632417917 2468.6854230426252 8843.5152846872807 5421.024469435215 10729.609892733395 9475.2678594738245 2899.606522269547
leaf_count=77192 201195 4503 66919 27309 77524 59982 141839 43624 6924 3736 225556 28092 27392 49053 107306 167924 40227 36082 41589 128108 21595 14371 6997 24467 21989 18916 1397 18915 120534 58807 39211 115845 19238 983 11773 585296 126380 2258 77995 1809 24684 7041 751 6461 17281 13646 10900 11004 48219 207303 9154 28271 6034 19766 26786 3710 32801 47156 29178 55959 50392 25394
internal_value=-3.19047e-05 -0.00197125 0.000523832 -0.0211749 0.00947741 -0.00127736 0.0333002 -0.0155098 0.00669814 0.0011371 -0.0055091 0.000673471 -0.0407837 -0.0116873 0.0231884 -0.00479527 0.032085 -0.029834 -0.00318765 -0.000677345 0.0011371 -0.0332999 -0.0147817 0.00423358 0.00306866 0.00221396 -0.024887 -0.000677345 -0.00215566 0.00020899 -0.019174 0.0459375 -0.0292492 -0.0463521 -0.0278384 0.00020899 0.00345709 0.0247158 0.00020899 0.00614695 0.0146749 0.00020899 0.0154826 0.00915969 0.00221551 0.0138417 0.00365379 -0.00948072 -0.00908318 0.01308 0.0114273 0.00539182 -0.0184787 -0.0151118 -0.0184787 -0.0048392 0.0263371 0.00345709 0.00349075 0.00345709 0.00368516 -0.0227501
internal_weight=575171 543547 481047 62500.3 80564 400483 31624 48492.4 71745.3 254995 145488 249394 14007.9 38279.2 17569 138266 8818.75 10213.2 98441.3 180796 37695.4 8339.2 28833.6 68598.7 33322.6 32236.8 7861.33 44190 34328.9 149053 7221.49 14055 6125.89 2351.88 6065.18 142851 64193.9 5615.96 22489.6 9676.3 5006.37 4669.93 4717.32 9747.12 3925.86 5821.26 3372.82 1735.44 11346.9 34049.9 6306.42 4951.93 17486.8 9594.06 6130.17 769.363 5421.06 57887.5 49044 43623 32893.4 4492.8
internal_count=3532743 2966558 2513944 452614 660734 1853210 566185 296492 518529 1234978 618232 1174996 156122 200479 249145 574518 142205 96013 406594 800303 233702 78930 156855 374693 212107 205183 67721 181038 139449 672195 43714 317040 55320 28292 51538 644103 350226 75286 137979 59984 30954 29030 29145 67204 23742 43462 24546 12401 55216 284827 41161 32007 101639 52586 32820 4461 73028 309065 261909 232731 176772 37167
is_linear=0
shrinkage=0.05


Tree=44
num_leaves=63
num_cat=0
split_feature=0 0 1 0 1 1 0 9 1 0 0 1 9 1 1 0 0 1 1 10 1 10 8 1 8 1 9 1 8 9 8 8 8 11 8 9 1 9 9 9 9 9 10 1 9 9 10 9 10 1 9 8 9 10 1 9 10 8 9 12 9 8
split_gain=14106.5 9279.61 2786.1 2736.32 1985.37 1525.25 1461.98 944.534 909.16 867.769 617.598 546.689 429.815 333.112 324.811 316.177 302.565 346.215 296.979 296.565 294.717 286.783 232.368 228.921 228.08 224.072 218.419 202.107 197.522 175.381 174.488 181.327 166.396 153.419 199.802 267.867 145.651 143.601 140.84 135.368 127.398 249.595 122.393 118.144 174.65 208.888 112.034 107.26 111.387 98.4098 98.2325 236.686 105.04 95.9191 93.0196 158.371 142.253 86.3591 92.2657 82.7787 159.582 117.886
threshold=1.5000000000000002 -1.4999999999999998 921.50000000000011 1.0000000180025095e-35 770.50000000000011 1500.5000000000002 -1.0000000180025095e-35 0.3340155184268952 299.50000000000006 -2.4999999999999996 -2.4999999999999996 1011.5000000000001 0.30191217362880712 2269.5000000000005 360.50000000000006 -3.4999999999999996 2.5000000000000004 770.50000000000011 90.500000000000014 0.23519582301378253 2130.5000000000005 0.23608218133449557 0.44619597494602209 382.50000000000006 0.39199665188789373 1500.5000000000002 0.39077325165271765 1650.5000000000002 0.30878235399723059 0.24319034814834598 0.4355714619159699 0.56885173916816723 0.36406168341636663 -0.047598851844668381 0.30652734637260443 0.35267423093318945 1680.5000000000002 0.29552344977855688 0.28726255893707281 0.25834909081459051 0.19466029852628711 0.31948421895504003 0.24089600890874865 3045.5000000000005 0.38367605209350591 0.30284313857555395 0.21860953420400622 0.22045283764600757 0.21508511900901797 1548.5000000000002 0.50473093986511242 0.50273996591568004 0.23499774187803271 0.22992139309644702 2509.5000000000005 0.30104812979698187 0.21631539613008502 0.52730908989906322 0.25717833638191229 2.5000000000000004 0.43506775796413427 0.36279271543025976
decision_type=2 2 2 2 2 2 2 2 2 2 2 2 2 2 2 2 2 2 2 2 2 2 2 2 2 2 2 2 2 2 2 2 2 2 2 2 2 2 2 2 2 2 2 2 2 2 2 2 2 2 2 2 2 2 2 2 2 2 2 2 2 2
left_child=1 2 10 6 23 16 11 27 -8 15 -1 18 25 22 -12 31 17 -2 -3 33 -7 24 -11 -5 -14 37 43 -6 -20 -13 36 -4 -16 34 -9 -36 -17 -10 51 -29 -27 54 -31 -21 45 -44 -38 -34 57 -24 -25 -30 -53 -50 55 56 -41 -49 -59 -40 61 -61
right_child=5 3 9 4 7 20 8 19 12 13 14 29 21 -15 32 30 -18 -19 28 26 -22 -23 49 50 -26 40 -28 39 38 42 -32 -33 47 -35 35 -37 46 -39 59 41 -42 -43 44 -45 -46 -47 -48 48 53 -51 -52 52 -54 -55 -56 -57 -58 58 -60 60 -62 -63
leaf_value=-0.05048205926308047 0.048902870153293448 -0.030173186635093292 -0.049918200876604327 0.045493533731303583 0.019316363802485192 0.028941766920565017 0.021744818896328441 -0.0035916237514313307 0.0079875657706232825 -0.017662729053713681 -0.044366921893672501 0.0025983451648423821 -0.0035916237514313307 -0.0035916237514313307 -0.037795431990053585 -0.038216411846731427 0.051039178568825588 0.02791493519067606 -0.017662729053713681 0.014949466642419708 0.014949466642419708 0.0026228864722769359 -0.012587090892831696 0.028606590435166553 -0.00068380143684785395 0.010572145134888515 0.0026228864722769359 0.014949466642419708 0.0079875657706232825 -0.0035916237514313307 -0.017662729053713681 -0.017662729053713681 -0.0020338460537955706 -0.00068380143684785395 -0.00068380143684785395 0.014949466642419708 -0.043825579067928146 0.019316363802485192 -0.0035916237514313307 0.0025983451648423821 0.0025983451648423821 0.014949466642419708 0.0025983451648423821 0.0026228864722769359 0.0026228864722769359 -0.0035916237514313307 -0.017662729053713681 -0.05048205926308047 -0.012587090892831696 -0.0035916237514313307 0.0026228864722769359 -0.00020276626755073667 -0.012587090892831696 -0.026813540886250639 0.0026228864722769359 0.0026228864722769359 0.014949466642419708 -0.041767889557569625 -0.012587090892831696 -0.017662729053713681 -0.0035916237514313307 -0.011244543541408884
leaf_weight=6162.7687279954553 3494.0489929132164 1890.6793244332075 1886.1541811041534 2743.8568928316236 8583.9099583625793 7166.4617903605103 5184.3316873051226 2631.9013187661767 11518.522618800402 15182.404466085136 2917.7734514176846 10071.657536044717 67215.510093614459 11290.742323115468 1768.2992173582315 2292.2700836807489 7598.2661090940237 4503.5499341599643 3035.4180611371994 5522.4926065653563 7933.1172205433249 48142.795825049281 4702.7132625877857 4184.9386662393808 65788.669370383024 5008.3417614772916 4090.6417470052838 7140.0386586710811 1347.3594564199448 89591.432223826647 2805.2065018340945 120.80070824921131 377.77570332586765 19255.905838944018 1481.5695036873221 6088.2810910791159 427.03691971302032 1226.5850926116109 3061.1833259761333 1122.421581864357 50767.175700038671 3770.7081051468849 1031.0296658277512 967.60262505710125 3874.4100299626589 7810.7199415713549 1722.9110768735409 460.92186354100704 2121.5947726964951 5117.4580931663513 149.0113258510828 2264.6500263810158 3213.5181435346603 1943.8681121096015 6567.0786073729396 2567.9522493928671 2890.4377958104014 298.54635354876518 73.523868933320045 2226.4869014918804 1807.3929180502892 14193.077108234167
leaf_count=86827 87088 14959 23995 59783 87758 110106 57563 14233 70253 88033 35635 42924 282460 53326 15583 22971 180824 88843 14352 44020 98878 216145 23932 62446 304140 32312 25101 63614 5733 367748 21819 854 2502 116857 10432 39634 3515 7803 13503 8504 265072 29459 4260 6289 15426 31762 13524 3374 16398 23127 1904 9903 14050 15721 46853 19177 23894 2038 514 10534 8635 64974
internal_value=-5.21567e-05 -0.00192066 -0.020178 0.00042503 0.00888179 0.0329215 -0.0012601 0.00641699 0.00102251 -0.0138542 -0.0380385 -0.00526043 0.000592126 -0.0103688 -0.0303365 -0.0275209 0.0438885 0.0370893 -0.0103688 0.00127029 0.0215919 -0.000683801 -0.0135905 0.0329215 -0.00188072 0.00396524 0.00850933 0.0127295 -0.00976773 -0.00359162 -0.0226518 -0.0450837 -0.0245198 -0.000683801 0.00554504 0.00976794 -0.0294463 0.00994641 -0.0083549 0.0103787 0.00259835 0.00994641 -0.00359162 0.0144808 0.00164951 -0.00359162 -0.0200822 -0.0200642 -0.0221558 -0.00976773 0.0270215 -0.00203385 -0.00203385 -0.0187344 0.00402746 0.00888981 0.0149495 -0.0388114 -0.0206489 -0.00976773 -0.0116661 -0.0125871
internal_weight=572398 541702 61672.8 480030 79758.7 30695.4 400271 72680.9 254852 45547.7 16125.1 145419 249668 36293.3 9962.3 9254.38 15595.9 7997.6 33039.8 40038.4 15099.6 181147 25002.6 7077.81 133004 68520.6 10580.7 32642.5 31149.1 112379 7247.42 2006.95 7044.53 29457.7 10201.8 7569.85 4442.22 12745.1 28113.7 24058.6 55775.5 16918.6 102308 6490.1 12716.2 8841.75 2149.95 5276.23 4898.45 9820.17 4333.95 6825.53 5478.17 4065.46 13147.9 6580.81 4012.86 832.992 372.07 21288.1 18227 16419.6
internal_count=3533896 2968157 453688 2514469 659958 565739 1854511 535825 1235748 275096 178592 618763 1178185 188418 91765 86678 356755 175931 156643 256566 208984 802745 135092 124133 586600 375440 75410 279259 141684 462120 61829 24849 56130 181156 64299 50066 40010 78056 127332 191501 297384 127887 419196 50309 51448 36022 17039 40547 38045 47059 64350 29686 23953 32119 98428 51575 32398 5926 2552 97646 84143 75508
is_linear=0
shrinkage=0.05


Tree=45
num_leaves=63
num_cat=0
split_feature=0 0 1 0 1 0 1 0 9 12 1 0 1 9 9 11 10 9 10 9 10 0 0 12 10 9 9 10 9 12 11 9 9 10 9 10 9 1 10 9 9 1 1 9 10 10 10 9 11 10 9 10 9 0 9 9 10 9 9 0 12 9
split_gain=12968.1 8419.96 2665.38 2650.05 2300.95 1576.56 1103.21 1094.19 926.817 926.259 869.08 621.336 501.27 427.041 399.417 387.349 417.867 426.324 420.813 434.116 398.996 366.728 354.812 279.762 265.875 255.483 277.533 315.356 346.528 246.165 320.575 246.005 269.595 236.342 293.453 429.102 263.016 235.708 228.017 324.115 270.797 215.856 205.053 204.707 245.297 336.067 219.106 208.499 200.407 340.973 253.167 232.814 260.756 213.29 233.775 279.824 225.311 196.768 192.469 207.364 184.224 175.795
threshold=1.5000000000000002 -1.4999999999999998 712.50000000000011 -1.0000000180025095e-35 1050.5000000000002 2.5000000000000004 1040.5000000000002 -2.4999999999999996 0.39077325165271765 1.0000000180025095e-35 152.50000000000003 1.0000000180025095e-35 268.50000000000006 0.20178101211786273 0.29452873766422277 -0.4767127782106399 0.19875304400920871 0.28536857664585119 0.21787931025028232 0.26267747581005102 0.23318386822938922 -3.4999999999999996 -2.4999999999999996 3.5000000000000004 0.24660515785217288 0.38476856052875524 0.33882296085357672 0.23004490137100223 0.32579620182514196 2.5000000000000004 -1.2159600257873533 0.48981106281280523 0.48981106281280523 0.22703950107097629 0.31354968249797827 0.22401636093854907 0.29278907179832464 1938.5000000000002 0.22150158137083056 0.43295334279537206 0.39838233590126043 184.50000000000003 691.50000000000011 0.3504349440336228 0.21972625702619555 0.22232254594564441 0.21719129383563998 0.23705953359603885 0.60353919863700878 0.23743416368961337 0.32725121080875402 0.23465987294912341 0.36557076871395117 1.0000000180025095e-35 0.34873388707637792 0.31948421895504003 0.23992688208818438 0.39730471372604376 0.31515826284885412 1.0000000180025095e-35 5.5000000000000009 0.48981106281280523
decision_type=2 2 2 2 2 2 2 2 2 2 2 2 2 2 2 2 2 2 2 2 2 2 2 2 2 2 2 2 2 2 2 2 2 2 2 2 2 2 2 2 2 2 2 2 2 2 2 2 2 2 2 2 2 2 2 2 2 2 2 2 2 2
left_child=1 2 22 12 10 6 -2 21 9 -6 -5 61 -3 -11 -9 23 -17 18 19 -18 25 -4 -1 -15 29 26 27 28 33 30 -10 -14 -32 34 35 36 46 -23 40 60 -31 -24 -13 -8 -38 -46 -19 -20 51 50 -50 -22 53 -53 55 -55 -56 -26 59 -35 -40 -12
right_child=5 3 7 4 8 -7 43 14 24 13 11 42 31 15 -16 16 17 20 47 -21 48 37 41 -25 57 -27 -28 -29 -30 38 32 -33 -34 58 -36 -37 44 -39 39 -41 -42 -43 -44 -45 45 -47 -48 -49 49 -51 -52 52 -54 54 56 -57 -58 -59 -60 -61 -62 -63
leaf_value=-0.051668870722290483 0.04417058677989489 -0.019163474537146129 -0.046263099143709442 0.038447016376057491 -0.00017674182352939161 0.047084995652384193 0.023898127876882364 -0.0046592949553121241 0.016263017697334573 0.016263017697334573 0.0080984861583758092 0.032151553178025233 -0.0046592949553121241 0.016263017697334573 -0.013618614712336588 -0.0046592949553121241 0.011761088753720148 -0.0046592949553121241 -0.0046592949553121241 -0.0046592949553121241 0.016263017697334573 -0.029738915162346054 -0.050577071596455116 0.00042261484769817709 -0.0046592949553121241 0.016263017697334573 -0.0046592949553121241 -0.0046592949553121241 0.016263017697334573 -0.0046592949553121241 -0.0036120573113649968 -0.013005697991516239 -0.011431171253439178 -0.0046592949553121241 -0.0046592949553121241 -0.0046592949553121241 0.023898127876882364 -0.013618614712336588 0.013150599724210791 -0.0046592949553121241 0.014372695366839855 -0.028985218960213468 0.016263017697334573 0.016263017697334573 -0.0046592949553121241 0.023898127876882364 0.023898127876882364 0.021936097601227566 0.023898127876882364 0.016263017697334573 -0.0046592949553121241 -0.0046592949553121241 0.014585590117145926 -0.0046592949553121241 0.016263017697334573 0.016263017697334573 -0.0046592949553121241 0.016263017697334573 0.023898127876882364 0.021643177293709074 -0.0046592949553121241 -0.0088842819413762902
leaf_weight=4715.5188073143363 4721.311087358743 6222.9787983596325 2351.980831630528 3308.5172120407224 106653.4514105171 10953.280830517411 8782.4881512746215 9721.6280400231481 1168.9759145751595 4792.3770258575678 26243.814771980047 4757.7537168338895 130102.69876372814 8421.0813264474273 29306.181041754782 2365.7212384343147 8444.1118035167456 1166.4655074775219 512.17695920169353 4124.5742115676403 2894.1168574616313 5363.115145072341 1488.5120204873383 2945.7563743367791 666.24761988222599 1667.2352058961987 14646.199536517262 3957.3876632750034 3169.1151579767466 253.27487668395042 55343.812696829438 8827.7679398953915 13765.614270761609 961.58300739526749 2480.2226512432098 1332.8975380435586 2256.6705761998892 2478.9571768790483 4094.487925119698 3441.3819570168853 5363.0848653316498 5241.6519167795777 5271.2299418896437 5386.6094329021871 1177.3487701416016 789.31228090822697 597.14068124443293 8586.5688322260976 698.73324829339981 3255.9315096437931 1710.5667329877615 6038.8276701271534 3749.737057171762 1537.5661308839917 742.88511118292809 2379.6299489960074 838.67241597175598 1075.5524108111858 804.71380863338709 1034.2935720309615 478.95075565576553 1616.9342987239361
leaf_count=70074 119160 39418 31020 57449 507504 246360 130618 45683 5167 39660 161993 86644 540665 51605 164237 15906 59926 7407 3553 25209 16660 53502 19388 16788 2996 9105 77218 24387 20896 1386 241711 38338 55701 4893 15153 8568 14618 18480 22748 17375 26516 50371 61180 70285 7400 5172 4235 60763 4575 21558 10240 28509 21331 11964 5351 19193 5856 5156 5507 7776 2391 8187
internal_value=-9.04932e-05 -0.00186563 -0.0194139 0.000358195 0.00281212 0.0319929 0.02324 -0.0143596 0.00125332 0.00306529 0.0138746 0.011728 -0.00528124 0.00652025 -0.0105491 0.00573201 0.00455865 0.00535294 0.0113628 0.00507776 0.00317837 -0.0289455 -0.0411466 0.0143937 -0.00312014 -0.000141412 -0.00107902 0.00292395 0.00638279 -0.00352158 -0.00465929 -0.00465929 -0.00465929 0.00244505 -0.00121595 0.00611511 0.0132595 -0.0237464 0.00262858 -0.00278475 0.0103528 -0.0337675 0.016263 0.016263 0.016263 0.00550388 -0.00382149 0.016263 0.00819551 0.016263 -0.00254711 0.00563602 0.00313292 -0.000590157 0.00681664 0.013617 -0.00465929 0.0162096 0.0152518 0.00529344 0.00887938 0.00711259
internal_weight=569247 539404 60667.5 478736 333583 29843.7 18890.4 49221.9 292384 206733 41198.2 37889.7 145153 100080 39027.8 95287.2 83920.4 81554.7 21667.4 12568.7 59887.3 10194.1 11445.7 11366.8 85651.4 36040.6 34373.4 19727.2 15769.8 83909.6 70278.4 138930 69109.4 12600.6 9800.06 7319.84 5986.94 7842.07 13631.2 8014.82 5616.36 6730.16 10029 14169.1 4223.33 1966.66 1763.61 9098.75 23846.7 5665.23 2409.3 18181.4 15287.3 11537.6 5498.75 3917.2 1581.56 1741.8 2800.59 1995.88 4573.44 27860.7
internal_count=3532685 2966262 452755 2513507 1895086 566423 320063 312922 1519633 1138486 375453 318004 618421 630982 209920 591322 522929 507023 149451 85135 357572 103002 139833 68393 381147 212335 203230 126012 101625 372995 302579 579003 297412 80729 62553 47400 38832 71982 70416 42514 27902 69759 147824 200903 27190 12572 11642 64316 145237 36373 14815 108864 92204 70873 42364 31157 11207 8152 18176 12669 25139 170180
is_linear=0
shrinkage=0.05


Tree=46
num_leaves=63
num_cat=0
split_feature=9 9 11 10 8 8 10 10 9 10 8 9 10 10 11 10 9 10 10 10 10 10 10 9 10 8 9 8 8 8 10 10 11 10 10 10 10 10 8 10 12 6 8 8 10 9 10 8 11 8 9 10 10 10 10 9 11 8 10 10 10 12
split_gain=2995.1 1623.7 1629.54 1113.02 1067.46 918.661 1319.63 1303.77 1070.33 987.217 853.851 874.366 1270.12 828.355 732.794 728.182 711.458 673.337 804.817 764.152 667.786 891.557 667.689 1383.77 856.084 786.642 639.683 1321.79 1165.46 991.629 793.126 809.67 708.861 652.985 816.528 602.22 571.502 1433.91 1053.27 927.955 580.502 563.225 551.351 520.607 513.503 1197.63 746.646 582.298 510.846 510.507 968.555 885.276 654.747 940.837 498.818 479.521 596.447 480.072 469.421 564.484 977.906 466.266
threshold=0.39191363751888281 0.21273195743560794 1.2073334455490115 0.1970353573560715 0.38402423262596136 0.28225387632846838 0.23465987294912341 0.23346950113773349 0.52515390515327465 0.20600962638854983 0.252724438905716 0.55594193935394298 0.20894466340541842 0.17251890897750857 -0.24483320862054822 0.22126312553882602 0.50473093986511242 0.21392750740051272 0.21160219609737399 0.21127824485301974 0.21972625702619555 0.22098699957132342 0.24660515785217288 0.42126683890819555 0.24612163752317431 0.34916566312313085 0.39528006315231329 0.36279271543025976 0.38020673394203192 0.36753095686435705 0.22417488694190982 0.23795686662197116 0.16720794141292575 0.22808807343244555 0.22742586582899096 0.22557690739631656 0.21770152449607852 0.2233121916651726 0.26667550206184393 0.22273061424493792 4.5000000000000009 1.0000000180025095e-35 0.36040598154067999 0.38154880702495581 0.21912655979394915 0.51199921965599071 0.21956252306699756 0.27788905799388891 -0.33904466032981867 0.29441830515861517 0.48279391229152685 0.2276849374175072 0.21927379071712497 0.228565588593483 0.15911962836980822 0.3964745700359345 0.46936176717281347 0.37428823113441473 0.21972625702619555 0.22098699957132342 0.22137310355901721 1.5000000000000002
decision_type=2 2 2 2 2 2 2 2 2 2 2 2 2 2 2 2 2 2 2 2 2 2 2 2 2 2 2 2 2 2 2 2 2 2 2 2 2 2 2 2 2 2 2 2 2 2 2 2 2 2 2 2 2 2 2 2 2 2 2 2 2 2
left_child=1 15 41 -4 5 6 7 8 36 -7 11 20 13 -13 -6 54 22 18 19 -12 -10 -22 24 -24 26 -26 27 -11 48 -29 -31 32 33 34 35 -32 38 39 -2 44 -39 -3 -43 -30 45 47 -46 -38 49 50 51 -28 -52 -54 -1 56 -50 -58 -48 -60 -61 -53
right_child=4 2 3 -5 14 9 -8 -9 10 16 17 12 -14 -15 -16 -17 -18 -19 -20 -21 21 -23 23 -25 25 -27 28 29 43 30 31 -33 -34 -35 -36 -37 37 40 -40 -41 -42 42 -44 -45 46 -47 58 -49 55 -51 52 61 53 -55 -56 -57 57 -59 59 60 -62 -63
leaf_value=0.043702475276516294 -0.084147755214572573 -0.02270050079547184 -0.056619897869616187 0.016783799628065466 -0.08767233454547177 -0.081147267981630716 -0.07678702475697545 0.10292136253836906 -0.035566022341522348 -0.11378182241487185 0.015340664522706288 -0.075840544364838919 0.061792460354013624 -0.0036344680035352282 -0.021615386228436381 -0.14933935230679424 0.09693790469372808 -0.046657964759878635 0.073824189855073649 -0.1081490013780822 0.086811780731935961 -0.018779842969382586 0.0022185077349942748 0.083270111083609821 -0.10376290795653563 0.025024714447692234 0.22748086321458338 0.037385832738531875 0.10141658053073715 -0.12169949474830877 0.0595843844008535 -0.14908139180565713 0.018369010511797065 -0.04354128365590143 0.10888555784159731 -0.050148246324317129 0.12723989903698005 -0.027811490221576682 -0.025236361397610103 0.10826299027136771 -0.085617875529810844 0.055174837733467555 0.00073188189006950528 0.026443183826851263 -0.098117479462103224 -0.060949056518434921 0.094495604687086593 0.02382850829238127 0.040875171257927639 -0.010563821423085956 0.028707734043745933 0.088616916125478409 -0.044434547147256337 0.094665719444226998 0.013106856366410969 -0.0018643705018113379 -0.0081433931679563715 -0.18436128021994869 -0.053949843985812429 0.10666081067065453 -0.015422953860946659 0.0045477520172712985
leaf_weight=1407.8448716327548 1006.2832233346999 2566.2946108691394 528.7769386395812 20551.615167262033 616.02668992057443 406.95887177810073 791.51185989007354 246.27026971057057 4394.6372144147754 354.32100109755993 3380.5001858994365 416.92152451723814 723.08481258526444 8013.985928632319 1316.8539907373488 66.781185697764158 175.97627595067024 418.33880040049553 590.41196922212839 129.1009776070714 271.25018285959959 751.43701341375709 2499.9761531166732 666.1462327465415 395.98363293334842 168.58578320965171 71.087213724851608 790.22850716114044 313.67260233685374 195.58414307236671 179.18968036025763 114.84641159325838 1131.9263813309371 2001.2386240959167 165.31780257448554 407.7075707949698 278.932900916785 3385.8532255068421 3081.1147373840213 229.8857493698597 497.67400843277574 464.64526832103729 354206.93916782737 880.95988070964813 219.09484478831291 220.6663165576756 121.29229301959276 266.08920196443796 1217.0702149085701 30370.493829719722 819.60254032164812 302.05792150646448 1091.5295105986297 135.83630666509271 24560.055333411321 84246.051306525245 166.10611921176314 49.409961067140102 440.59579033404589 218.67065817862749 646.83468833193183 362.11566726490855
leaf_count=13337 5562 23010 4940 212823 3885 2312 4362 1094 23888 1838 18108 2278 4093 44805 7844 537 834 2392 2943 559 1435 4327 14499 3945 2080 930 437 4527 1871 962 1238 585 7254 10960 884 2319 1434 17340 15748 1096 3898 2459 2166536 5913 1084 1145 582 1469 6648 187110 4872 1263 5739 822 195390 461080 1549 426 2682 1196 3514 2474
internal_value=-4.048e-05 0.0022628 0.00143161 0.01494 -0.00577695 -0.00533177 -0.013103 -0.0114174 -0.0123689 -0.00348952 -0.00529132 -0.0111797 -0.00175671 -0.00721374 -0.0427028 0.0143405 -0.00324442 0.0136965 0.0198645 0.0107686 -0.0270991 0.00928396 -0.00338173 0.0192925 -0.00395195 -0.0653295 -0.00367503 -0.0206057 -0.00292156 -0.0139628 -0.0236403 -0.0188167 -0.0149288 -0.0286191 0.011086 -0.0166007 -0.0250977 -0.0159109 -0.0397569 0.0125024 -0.0352395 0.000634453 0.000803361 0.0461972 0.00333513 0.0371371 -0.0123973 0.0768888 -0.00341575 -0.00868584 0.0118104 0.0609918 -0.00587641 -0.0289754 0.0147672 -0.00137645 0.0272982 -0.0492086 0.000819652 -0.00794529 0.0155091 0.0428571
internal_weight=566706 404353 378318 21080.4 162353 160420 30740.4 29948.9 29702.7 129680 19089.7 14571.3 9153.99 8430.91 1932.88 26034.7 129273 4518.35 4100.01 3509.6 5417.32 1022.69 129097 3166.12 125931 564.569 125366 5340.36 120026 4986.04 4195.81 4000.23 3885.38 2753.45 752.215 586.897 10613 6525.59 4087.4 2642.06 3883.53 357238 354672 1194.63 2412.18 765.688 1646.49 545.022 118831 33152.7 2782.23 735.261 2046.97 1227.37 25967.9 85678.6 1432.59 215.516 1427.39 1306.1 865.505 664.174
internal_count=3533166 2619032 2409768 217763 914134 902405 167034 162672 161578 735371 104828 80826 51176 47083 11729 209264 733059 24002 21610 18667 29650 5762 732225 18444 713781 3010 710771 30567 680204 28729 24202 23240 22655 15401 4441 3557 56750 35440 21310 14202 21238 2192005 2168995 7784 13106 4048 9058 2903 672420 202717 15607 4174 11433 6561 208727 469703 8623 1975 7974 7392 4710 3737
is_linear=0
shrinkage=0.05


Tree=47
num_leaves=63
num_cat=0
split_feature=0 0 2 0 2 2 0 0 0 9 0 9 0 9 2 9 9 10 6 8 12 9 8 2 10 8 9 7 2 10 8 9 9 10 10 9 9 10 8 10 8 9 10 10 10 8 8 9 10 10 10 9 9 11 11 9 8 10 10 10 9 9
split_gain=11887.8 7725.02 2505.67 2266.81 1859.71 1590.46 1006.08 1004.4 990.456 751.397 774.549 662.578 533.077 417.337 402.886 285.583 283.973 320.557 270.06 265.387 255.889 246.495 233.885 227.25 266.758 235.57 206.641 196.247 194.255 191.683 233.984 173.406 173.185 172.544 182.216 171.614 281.22 198.563 168.807 166.369 166.088 156.005 155.568 186.72 184.424 173.827 152.295 227.559 206.549 148.797 147.563 145.487 179.619 142.796 142.081 151.567 137.758 350.901 246.858 246.511 200.935 135.906
threshold=1.5000000000000002 -1.4999999999999998 2.5000000000000004 -1.0000000180025095e-35 2.5000000000000004 2.5000000000000004 1.0000000180025095e-35 -2.4999999999999996 2.5000000000000004 0.39077325165271765 1.0000000180025095e-35 0.41682600975036627 -3.4999999999999996 0.40078683197498327 2.5000000000000004 0.47371521592140203 0.25309312343597418 0.23465987294912341 1.0000000180025095e-35 0.36166779696941381 2.5000000000000004 0.29278907179832464 0.35430321097373968 1.5000000000000002 0.2070354372262955 0.51923570036888134 0.48604546487331396 1.0000000180025095e-35 1.5000000000000002 0.22662251442670825 0.42068099975585943 0.30364511907100683 0.22045283764600757 0.21466173976659778 0.21301037073135379 0.30839414894580847 0.27148680388927465 0.23628672212362292 0.52730908989906322 0.24915748089551928 0.49337488412857061 0.44720508158206945 0.21508511900901797 0.23546514660120013 0.20552200078964236 0.43866007030010229 0.45891290903091436 0.32789349555969244 0.22445815801620486 0.24268008023500445 0.2050428315997124 0.19466029852628711 0.19466029852628711 -1.842118442058563 0.39015246927738195 0.20178101211786273 0.48112049698829656 0.21631539613008502 0.22460558265447619 0.22557690739631656 0.29643437266349798 0.32789349555969244
decision_type=2 2 2 2 2 2 2 2 2 2 2 2 2 2 2 2 2 2 2 2 2 2 2 2 2 2 2 2 2 2 2 2 2 2 2 2 2 2 2 2 2 2 2 2 2 2 2 2 2 2 2 2 2 2 2 2 2 2 2 2 2 2
left_child=1 2 12 14 9 8 35 -4 11 10 51 -2 -1 23 52 -10 54 29 -9 -20 41 36 26 -14 -25 31 -22 -8 -19 30 -18 33 -21 34 -26 40 -16 43 -27 -33 -6 -15 44 46 -34 49 47 48 -37 -39 -43 -5 -3 -49 -12 -56 59 60 -59 -32 -58 -31
right_child=5 3 7 4 6 -7 27 18 15 -11 16 -13 13 20 21 -17 17 28 19 32 22 -23 -24 24 25 38 -28 -29 -30 61 56 39 42 -35 -36 37 -38 45 -40 -41 -42 50 -44 -45 -46 -47 -48 53 -50 -51 -52 -53 -54 -55 55 -57 57 58 -60 -61 -62 -63
leaf_value=-0.042029522729316149 0.019870636694520036 0.0091973608130768904 -0.047180194561716376 0.0091973608130768904 0.021743338349876559 0.045936538456969156 0.045936538456969156 -0.047180194561716376 0.044372334972243334 -0.0029261689134463739 0.019870636694520036 -0.0029261689134463739 -0.0031887604974694291 -0.0031887604974694291 -0.0021056076737946939 -0.0029261689134463739 0.019870636694520036 0.0070457968617197156 -0.034959687460510445 -0.0021056076737946939 -0.012958406164519305 -0.011212967311829185 -0.042029522729316149 -0.0031887604974694291 -0.0037887886184369427 -0.042029522729316149 -0.0371500368811657 0.021743338349876559 0.019870636694520036 0.0090815964490304733 0.00074883856056635672 -0.012841712984145227 -0.011212967311829185 -0.0031887604974694291 -0.042029522729316149 -0.011212967311829185 0.012311488109574397 0.021743338349876559 -0.019383675012423138 -0.042029522729316149 0.012311488109574397 -0.0031887604974694291 -0.017587999662271921 -0.011212967311829185 -0.044938737409024994 -0.011212967311829185 -0.011212967311829185 0.021743338349876559 0.021743338349876559 0.0061086745323108609 -0.024311643891701307 0.00074883856056635672 -0.0031887604974694291 0.0017923665149078016 0.019870636694520036 0.0014139127020531702 0.00074883856056635672 0.019870636694520036 0.00074883856056635672 0.019870636694520036 0.019870636694520036 0.00074883856056635672
leaf_weight=1332.4675968810916 10899.683886662126 2538.857078269124 7418.4389031305909 5275.7441127225757 3838.2662649899721 11204.154615567997 688.98630428314209 993.58506033569574 4470.4764202237129 82898.80500497669 4084.7819670140743 2022.631041098386 6913.3608618974686 2520.4094101339579 6563.0656581521034 243.40356891602278 2714.5322553962469 4915.7262459024787 3268.4867246039212 727.43351673334837 2524.6095023229718 31214.843918196857 825.49159384518862 2347.472612939775 379.17634950578213 373.28862313181162 1357.8756661638618 12885.618122160435 5340.6315978094935 5542.6886484064162 5961.6047302484512 11698.324116885662 373.40657087415457 3269.8916710838675 255.61428890377283 229.37870085611939 3187.7744319811463 3320.6582304351032 1189.2918376103044 269.81325957924128 7518.2190268859267 459.54130598902702 7713.1478930003941 621.34009654447436 1171.9987284168601 531.36734899878502 858.30798313766718 583.97769910469651 1214.1228929199278 2692.2582607232034 2461.3831335604191 148534.39861138165 101168.51008757204 15153.082666493952 1136.7150171622634 2299.0524784177542 3199.0927611738443 2696.1688923090696 571.32992947101593 667.78587038069963 333.40866232663393 6262.1354362890124
leaf_count=17298 157594 11764 108388 34797 28041 291639 16030 13486 89596 366110 38179 23384 32709 13899 29441 3582 16767 34684 29672 4750 17840 147241 5865 11040 2018 1952 10033 184488 45305 42978 42486 68321 2683 16957 1428 1511 14005 21045 5817 1611 54284 2746 62183 3742 8654 3372 5507 3710 7925 16847 14311 706036 414950 89601 11383 21229 24593 23276 4689 4781 2987 38730
internal_value=-6.67078e-05 -0.00174599 -0.0186796 0.000377463 0.00265026 0.0312052 0.0115245 -0.0322604 0.0218444 0.00107493 0.00273723 0.0146858 -0.0109718 -0.00984751 -0.00484715 0.0414611 0.00845058 0.00670204 -0.0244894 -0.0225922 -0.0184775 -0.0090453 -0.0270122 -0.00656602 -0.0098302 -0.0125853 -0.0214267 0.0231482 0.0142621 0.00392733 0.0076815 -0.0107604 -0.0185412 -0.00318876 -0.0295734 0.0072083 -0.00210561 0.00490854 -0.031104 -0.0137837 0.0123115 -0.0110895 -0.0204933 0.00228009 -0.0349731 0.0124017 0.00342316 0.00450595 0.0217433 0.0148486 -0.0189921 0.00103868 -0.00318876 0.00275497 0.0173312 0.00919736 0.00496463 0.0100082 0.0198706 0.000748839 0.000748839 0.00103868
internal_weight=565928 537088 59844.5 477243 332570 28840.3 50135.6 21666.5 17636.2 282435 199536 12922.3 38178 36845.5 144673 4713.88 45725.7 38205.1 14248.1 13254.5 10149.3 40965.7 4707.98 26696.2 19782.9 17435.4 3882.49 13574.6 10256.4 27948.7 16143.9 15872.8 9985.99 3904.68 634.791 36561 9750.84 25204.5 1562.58 11968.1 11356.5 5441.33 9258.55 18660.2 1545.41 6544.28 18038.9 17180.6 1443.5 6012.92 2920.92 153810 103707 15737.1 7520.55 3435.77 13429.4 6800 3267.5 6629.39 3532.5 11804.8
internal_count=3531970 2966175 453661 2512514 1895113 565795 436103 229816 274156 1459010 1092900 180978 223845 206547 617401 93178 352067 281276 121428 107942 64694 190687 33738 141853 109144 98104 27873 200518 79989 201287 119579 90335 78270 20403 3446 235585 43446 153260 7769 69932 82325 30956 73520 111996 11337 41264 108254 102747 9436 37892 17057 740833 426714 93311 70791 32612 102812 55545 27965 47267 27580 81708
is_linear=0
shrinkage=0.05


Tree=48
num_leaves=63
num_cat=0
split_feature=0 0 1 0 1 1 0 1 0 0 9 0 1 0 1 0 1 10 9 10 8 9 10 8 10 10 1 1 8 11 10 12 11 9 9 9 9 10 11 9 9 9 9 9 8 10 10 10 9 8 8 10 10 8 8 11 11 1 8 8 12 12
split_gain=10838.1 7114.8 2571.53 2107.18 1932.35 1637.67 1048.57 1017.83 946.881 761.983 624.554 534.574 428.242 357.741 348.818 348.62 340.261 282.091 280.996 354.971 253.589 229.367 221.221 200.661 198.087 242.723 198.043 186.026 179.063 174.736 173.566 173.391 196.209 168.938 168.572 158.787 158.073 156.007 154.431 145.376 171.255 143.348 155.578 153.039 136.663 132.005 182.978 237.24 137.159 161.686 164.878 224.918 216.378 220.046 154.493 131.403 265.814 122.984 129.765 121.665 121.493 119.29
threshold=1.5000000000000002 -1.4999999999999998 712.50000000000011 -1.0000000180025095e-35 1500.5000000000002 1140.5000000000002 2.5000000000000004 184.50000000000003 -2.4999999999999996 1.0000000180025095e-35 0.39077325165271765 1.0000000180025095e-35 268.50000000000006 -3.4999999999999996 1920.5000000000002 -2.4999999999999996 561.50000000000011 0.2050428315997124 0.25834909081459051 0.23455427587032321 0.29661081731319433 0.44720508158206945 0.24660515785217288 0.59168273210525524 0.21860953420400622 0.23004490137100223 184.50000000000003 17.500000000000004 0.36890326440334326 -0.4301683753728866 0.23628672212362292 2.5000000000000004 -1.2159600257873533 0.28810557723045355 0.29452873766422277 0.57031509280204784 0.30839414894580847 0.1970353573560715 -0.51530927419662464 0.46828548610210424 0.39730471372604376 0.38476856052875524 0.38589408993721014 0.37613216042518621 0.35563290119171148 0.21912655979394915 0.23266435414552691 0.23104770481586459 0.52515390515327465 0.28798596560955053 0.45519419014453893 0.22933929413557055 0.22359875589609149 0.35287474095821386 0.35031150281429296 0.46936176717281347 -0.22244055569171903 561.50000000000011 0.46816313266754156 0.63663336634635936 3.5000000000000004 3.5000000000000004
decision_type=2 2 2 2 2 2 2 2 2 2 2 2 2 2 2 2 2 2 2 2 2 2 2 2 2 2 2 2 2 2 2 2 2 2 2 2 2 2 2 2 2 2 2 2 2 2 2 2 2 2 2 2 2 2 2 2 2 2 2 2 2 2
left_child=1 2 15 12 7 -2 23 -5 13 30 11 38 27 37 17 -1 -11 -10 -13 29 -8 -16 31 -7 -19 28 -17 -3 45 -20 36 32 -12 -14 61 39 57 -4 -6 40 -33 -31 43 -40 -24 -26 47 48 49 -38 51 52 53 -51 60 56 -32 -9 -59 -18 -54 -28
right_child=5 3 8 4 10 6 20 9 14 16 22 18 33 -15 21 26 59 24 19 -21 -22 -23 44 -25 25 -27 34 -29 -30 41 55 35 -34 -35 -36 -37 46 -39 42 -41 -42 -43 -44 -45 -46 -47 -48 -49 -50 50 -52 -53 54 -55 -56 -57 -58 58 -60 -61 -62 -63
leaf_value=-0.051170647396486302 0.046348558609093427 -0.049226560705729436 -0.021910037213217458 0.034774952232347882 0.0070124234665086289 0.013867650041186001 0.013867650041186001 0.017095716477395054 -0.0040685569307550989 0.033770437699024346 0.013867650041186001 0.013867650041186001 -0.00037498645785763012 -0.021910037213217458 -0.0040685569307550989 -0.049626799346997437 0.013867650041186001 -0.021910037213217458 0.013867650041186001 0.013583631403842744 0.044195379291094274 -0.019364427958448595 0.013867650041186001 0.036476495558582366 -0.0040685569307550989 -0.019521032749604456 -0.050720344798866793 -0.015196373472531867 -0.0040685569307550989 0.00032128864749972753 0.013867650041186001 -0.0040685569307550989 -0.0040685569307550989 -0.0040685569307550989 -0.03362534204187561 0.013867650041186001 -0.0040685569307550989 -0.049748625226445818 0.00032128864749972753 -0.0040685569307550989 0.0097414579946379851 0.013867650041186001 0.010322396973575114 -0.0040685569307550989 -0.0040685569307550989 -0.021910037213217458 -0.0040685569307550989 0.013867650041186001 0.013867650041186001 0.012264877388908317 -0.0040685569307550989 -0.0040685569307550989 0.013867650041186001 -0.0040685569307550989 0.013867650041186001 0.013867650041186001 -0.00037498645785763012 0.013867650041186001 0.0034572513150204552 0.036476495558582366 -0.0040685569307550989 -0.015196373472531867
leaf_weight=4318.0831163153052 10102.168345892802 431.58892668783665 173.46459789201617 3891.8865124806762 9215.1954410299659 12162.935539353639 232.0120647996664 2788.9086234644055 2017.46119055897 2786.9569495618343 829.13916948437691 7401.8517770469189 30958.311072170734 7555.0111238323152 14870.46849425137 1369.8055763319135 15696.224248379469 4512.8124680295587 2247.1812193095684 9183.2283338829875 4583.5749481804669 2454.610926181078 1164.7259331643581 980.77471556141973 63.534315049648285 7236.5425383597612 243.31939658522606 5656.2141167446971 5307.7090303972363 20814.651042200625 3038.8712012991309 707.58680602163076 65910.707324929535 107828.16303141415 3729.2350242473185 406.35017512738705 996.31006787717342 1988.4526554457843 122494.42070937157 2405.7414971590042 5222.0369066745043 921.90100555866957 3777.9737038165331 7775.8119696229696 360.09105488657951 1952.7850302234292 4583.1388697102666 1993.0544112771749 1637.7574623301625 2741.885682143271 1490.1923145800829 1929.6339915767312 618.80435843020678 3668.225036367774 4242.2540622800589 3021.857681363821 3398.1072844937444 576.39700171351433 10328.709755666554 388.75342890992761 891.83479887247086 1053.1468025706708
leaf_count=70197 277216 4609 2025 67847 44744 174434 3449 22297 10314 59409 3622 68775 128909 72181 69675 19399 166212 26230 16313 70174 96499 14135 5476 14778 432 44712 2140 34734 30625 145685 16873 3746 281452 450637 39048 1808 4397 28851 593378 11012 26895 5531 16607 33104 1519 13423 23463 10541 7469 13010 8267 10008 2892 19700 23110 17240 18400 3218 60895 4767 4393 9186
internal_value=-4.5606e-05 -0.00163357 -0.0180356 0.000392397 0.00259049 0.0302436 0.0211824 0.00992181 -0.0131039 0.00847371 0.000603041 0.00218655 -0.00463798 -0.0270473 -0.0095764 -0.040189 0.0138677 -0.0138945 0.00725328 0.00522481 0.0411404 -0.00431922 -0.00317715 0.0138677 -0.0160575 -0.013027 -0.0327676 -0.0176166 -0.00660869 0.00202383 0.0049077 -0.00356001 -0.00406856 -0.00406856 -0.0281635 0.0031298 0.00341615 -0.0449815 0.000751731 0.00088444 0.00571756 0.000751731 0.000321289 3.1169e-05 0.0138677 -0.019732 0.00103459 0.00331941 0.00137748 7.37881e-06 0.00253557 0.00473338 0.007593 0.0012539 0.0138677 0.0109757 0.00590866 0.00772757 0.00533038 0.0138677 -0.00219446 -0.0151964
internal_weight=563331 535269 58846.4 476423 331548 28061.5 17959.3 70709.8 48132.9 66817.9 260839 183832 144874 9716.93 38415.9 10713.6 18871.9 21090.8 40568.8 33167 4815.59 17325.1 77006.4 13143.7 19073.4 14560.6 6395.51 6087.8 7324.03 23983.7 47945.9 75481.6 66739.8 138786 5025.7 8741.72 38487.1 2161.92 143263 8335.37 5929.62 21736.6 134048 130270 1524.82 2016.32 24793.1 20210 18216.9 16579.1 15582.8 14092.6 12163 6410.11 5752.89 9458.84 6436.98 13694 10905.1 16085 1510.64 1296.47
internal_count=3532087 2965711 452573 2513138 1894249 566376 289160 564408 312603 496561 1329841 994311 618889 103057 209546 139970 230388 125736 306478 237703 99948 83810 335530 189212 115422 89192 69773 39343 44480 167529 266173 328535 285074 579546 50374 43461 213660 30876 687833 41653 30641 151216 643089 626482 6995 13855 127250 103787 93246 85777 81380 73113 63105 32710 30395 52513 35273 86410 64113 170979 7285 11326
is_linear=0
shrinkage=0.05


Tree=49
num_leaves=63
num_cat=0
split_feature=0 0 1 0 1 1 0 0 1 0 9 11 0 1 1 1 9 12 1 10 9 9 10 10 9 9 9 9 9 9 9 9 11 9 10 9 1 10 9 9 10 10 10 9 9 10 9 9 10 10 10 10 11 11 9 10 10 9 11 9 11 11
split_gain=10178 6361.61 2415.78 1847.85 1705.46 1591.13 1023.11 939.044 926.323 683.71 529.8 509.045 387.327 385.283 353.124 332.092 327.413 306.036 296.239 268.049 552.143 533.836 308.009 515.409 295.451 329.966 273.915 265.709 246.174 276.257 281.554 375.331 337.918 323.657 273.115 233.795 228.422 222 218.313 212.609 362.761 297.968 287.205 462.54 253.052 242.442 209.126 369.538 327.022 391.217 318.833 225.961 207.181 239.46 284.016 216.667 201.593 184.037 183.453 177.884 218.514 175.202
threshold=1.5000000000000002 -1.4999999999999998 712.50000000000011 -1.0000000180025095e-35 1500.5000000000002 1101.5000000000002 2.5000000000000004 -2.4999999999999996 214.50000000000003 1.0000000180025095e-35 0.25124679505825048 0.39015246927738195 -2.4999999999999996 206.50000000000003 1819.5000000000002 1700.5000000000002 0.48981106281280523 1.0000000180025095e-35 660.50000000000011 0.23491215705871585 0.43506775796413427 0.30284313857555395 0.2283434867858887 0.22742586582899096 0.34448260068893438 0.38282622396945959 0.4768217951059342 0.46368840336799627 0.40216137468814855 0.3159004300832749 0.33173237740993505 0.36667506396770483 0.49837101995944982 0.37714664638042456 0.2370238080620766 0.46368840336799627 237.50000000000003 0.24660515785217288 0.3879420012235642 0.43672624230384832 0.21802223473787311 0.21927379071712497 0.21719129383563998 0.46627688407897955 0.40835168957710272 0.22557690739631656 0.35119703412055975 0.31738659739494329 0.24326356500387195 0.24566171318292621 0.21878854185342791 0.23562281578779223 -0.53998813033103932 0.58007952570915233 0.29744088649749761 0.22417488694190982 0.22431967407464984 0.31173904240131384 -0.17375785857439038 0.48981106281280523 -0.41973240673542017 -0.13332626968622205
decision_type=2 2 2 2 2 2 2 2 2 2 2 2 2 2 2 2 2 2 2 2 2 2 2 2 2 2 2 2 2 2 2 2 2 2 2 2 2 2 2 2 2 2 2 2 2 2 2 2 2 2 2 2 2 2 2 2 2 2 2 2 2 2
left_child=1 2 12 13 8 -2 46 14 -5 -10 11 17 -1 -3 -4 -9 19 58 -11 22 21 48 23 39 -25 -26 -24 -27 29 51 -31 32 -32 -33 -35 -8 -14 -36 -17 40 -12 47 43 -41 52 56 -7 -42 -21 -50 -49 -23 -43 -54 -55 -56 -46 -20 -6 -15 -18 -39
right_child=5 3 7 4 10 6 35 15 9 18 16 -13 36 59 -16 38 60 -19 57 20 -22 28 26 24 25 27 -28 -29 -30 30 31 33 -34 34 37 -37 -38 61 -40 42 41 44 -44 -45 45 -47 -48 50 49 -51 -52 -53 53 54 55 -57 -58 -59 -60 -61 -62 -63
leaf_value=-0.050966519856194298 0.046503089681957745 -0.019202325190136288 -0.033520600986551484 0.031129250028397584 0.017671706546715217 0.021826857447926326 0.043891101283246879 -0.014283217611687769 0.0044704461649995387 0.028870273755353199 -0.0035395385867719427 -0.0042372511866773091 -0.047491836367216309 -0.0042372511866773091 -0.013282425476537983 -0.0042372511866773091 0.0028635075664359324 0.013817862387187074 0.020431097652907855 0.021826857447926326 0.013817862387187074 0.021826857447926326 -0.0042372511866773091 0.013817862387187074 -0.0042372511866773091 0.013817862387187074 0.013817862387187074 -0.0042372511866773091 -0.0042372511866773091 0.012486686052747709 -0.0042372511866773091 0.013817862387187074 0.013817862387187074 0.013817862387187074 -0.0042372511866773091 0.013817862387187074 -0.025602561800523532 -0.0042372511866773091 -0.013282425476537983 -0.0042372511866773091 0.021826857447926326 0.013817862387187074 -0.0042372511866773091 0.013817862387187074 0.0098979938385549797 0.013817862387187074 0.013817862387187074 -0.0042372511866773091 -0.0042372511866773091 0.021826857447926326 0.013817862387187074 -0.0042372511866773091 -0.0016535314746437509 0.021826857447926326 0.013817862387187074 -0.0042372511866773091 -0.0042372511866773091 0.0087990784697319774 0.0026207400567229201 -0.011424840304824827 -0.011424840304824827 0.013817862387187074
leaf_weight=4133.7588063925505 9277.6300846915692 4326.1595763787627 6236.8962567001581 4527.361491734162 2484.7892101556063 8152.6210561916232 4503.6059073656797 16690.900977119803 47259.95802667737 3668.4736962504685 28977.68333401531 7560.7400792166591 1605.3145850338042 131332.30064484477 3296.3340730778873 14822.17223764956 3324.9977357983589 7681.9799488857388 5317.6482554003596 3841.859803467989 3223.3480755314231 392.86388573050499 53617.737045705318 3261.7194727286696 1344.1627175360918 1857.6758408397436 765.98232099413872 222.30549493432045 7681.5131756663322 7028.9023127704859 16262.765813402832 5153.2861269116402 2217.0565225929022 2150.7966979518533 6638.1189026236534 298.67286183312535 4648.6479054987431 407.76072764396667 6764.6507482677698 2000.9396525472403 1765.5768873244524 2744.0920843183994 11519.504883125424 1747.3755289614201 3190.0682393535972 1267.8437186479568 5043.7914811819792 1673.6456035003066 455.20108833163977 370.47138285636902 1310.158852852881 4057.1805029213428 32511.87742690742 1369.3989220410585 1963.4763284474611 1548.2839902862906 868.35363595187664 9437.0111474879086 10914.961354859173 8783.3276691436768 11998.310419112444 1426.6028215363622
leaf_count=70243 267678 30258 74888 77673 14102 126913 99526 103457 260967 72281 153902 53186 23536 548670 28357 68442 13726 57090 60886 24680 14095 1985 262741 18011 6222 8394 3132 917 33984 37646 78132 25688 12754 10229 31173 4814 46587 1893 38142 8579 10678 14758 49521 7698 14435 5739 67294 8192 2902 2382 6389 20863 166823 9358 10996 8152 3863 92550 60560 38714 48726 6470
internal_value=-0.00010717 -0.00162988 -0.0172332 0.000280105 0.00233919 0.0296831 0.021011 -0.0124844 0.00925622 0.00774812 0.000477023 0.00689281 -0.039087 -0.0044386 -0.0265249 -0.00898697 -0.000314547 0.0108845 0.0138179 0.000262746 0.00306272 0.00174062 -0.000840992 0.000790604 0.0138179 -0.000879268 -0.00387543 0.0138179 0.000268244 0.00185909 0.00337194 0.00150142 -0.00333426 0.00716553 0.00190583 0.0407704 -0.031228 -0.00226055 -0.00489145 -0.000159427 0.000915096 0.00348588 -0.00423725 0.00992657 0.00222949 0.0124686 0.0138179 0.0138179 0.0138179 -0.00423725 0.00250873 -0.00423725 0.000870472 -0.000103085 0.0102222 0.00209276 0.0014994 0.0129924 0.00541283 -0.00423725 -0.00423725 0.0136636
internal_weight=560929 533652 58198.7 475454 331012 27276.3 17998.7 47811 70210.5 65683.1 260801 28642.5 10387.7 144442 9533.23 38277.7 232159 21081.7 18423.1 216836 61307.7 58084.4 155528 101144 6685.86 3424.14 54383.7 2079.98 53416.8 45735.3 41285.3 34256.4 18479.8 15776.6 10623.3 4802.28 6253.96 8472.48 21586.8 94458.3 79190.5 50212.8 15267.8 3748.32 45463.4 5326.27 13196.4 4749.38 4667.53 825.672 2983.8 4450.04 40137.1 37393 4881.16 3511.76 4058.42 14754.7 13399.8 140116 15323.3 1834.36
internal_count=3532642 2966417 453652 2512765 1895123 566225 298547 313286 564357 486684 1330766 184938 140366 617642 103245 210041 1145828 131752 225717 1083376 304876 290781 778500 512627 33544 15533 265873 9311 260817 226833 203985 166339 90886 75453 49765 104340 70123 39536 106584 479083 413285 259383 65798 16277 234124 24037 194207 25259 29964 5284 14581 22848 210087 195329 28506 19148 18298 153436 74662 587384 62452 8363
is_linear=0
shrinkage=0.05


Tree=50
num_leaves=63
num_cat=0
split_feature=0 0 1 0 0 1 1 0 0 9 1 1 1 0 0 1 9 1 11 1 1 1 9 10 10 1 9 9 10 10 9 9 1 9 9 9 9 9 1 11 10 11 11 9 9 11 5 11 9 10 10 12 9 9 10 1 11 9 11 10 11 12
split_gain=9273.28 5725.74 2343.01 1715.57 1624.66 1287.31 975.668 914.726 894.9 648.089 624.042 512.94 430.7 378.627 352.4 340.252 267.167 257.102 228.284 218.822 209.446 200.887 207.967 189.49 287.852 182.689 171.923 169.858 164.917 159.133 162.47 159.121 156.497 144.019 188.894 185.552 139.403 137.383 125.742 131.15 124.598 121.047 119.764 108.174 107.618 121.137 98.9666 98.4802 114.608 92.4991 134.566 102.16 84.1872 87.2407 82.1072 76.362 76.1885 74.9251 101.944 100.626 86.3894 84.4649
threshold=1.5000000000000002 -1.4999999999999998 712.50000000000011 1.0000000180025095e-35 2.5000000000000004 1140.5000000000002 1140.5000000000002 -1.0000000180025095e-35 -2.4999999999999996 0.3340155184268952 276.50000000000006 420.50000000000006 1758.5000000000002 -2.4999999999999996 -3.4999999999999996 1920.5000000000002 0.30191217362880712 60.500000000000007 -0.074440509080886827 2029.5000000000002 237.50000000000003 2070.5000000000005 0.29744088649749761 0.2050428315997124 0.21574497967958453 712.50000000000011 0.29452873766422277 0.26938365399837499 0.19051928073167804 0.23004490137100223 0.40693396329879766 0.33949495851993566 1608.5000000000002 0.28810557723045355 0.28290471434593206 0.26938365399837499 0.25465683639049536 0.19466029852628711 1080.5000000000002 -0.84491586685180653 0.1970353573560715 -0.36812022328376764 0.10322542116045953 0.29278907179832464 0.45658147335052496 -0.78247851133346547 34.500000000000007 -0.02227528020739555 0.32445858418941503 0.23574929684400561 0.23519582301378253 2.5000000000000004 0.18625104427337649 0.13645498454570773 0.2341650724411011 214.50000000000003 1.3603729009628298 0.37090700864791876 0.22422833740711215 0.24660515785217288 0.88146960735321056 5.5000000000000009
decision_type=2 2 2 2 2 2 2 2 2 2 2 2 2 2 2 2 2 2 2 2 2 2 2 2 2 2 2 2 2 2 2 2 2 2 2 2 2 2 2 2 2 2 2 2 2 2 2 2 2 2 2 2 2 2 2 2 2 2 2 2 2 2
left_child=1 2 13 7 6 11 25 12 14 -7 -9 -5 17 -1 40 23 22 -3 -11 28 -15 -8 33 -10 -25 -2 -22 -14 -16 30 -26 -13 -6 34 35 36 37 52 -18 -40 -4 43 44 -21 -32 -46 55 -41 -49 -50 -20 -52 53 -12 -45 -19 -57 61 59 -59 -60 -31
right_child=4 3 8 5 32 9 21 10 15 18 16 31 27 20 19 -17 38 46 50 41 26 -23 -24 24 29 -27 -28 -29 -30 57 42 -33 -34 -35 -36 -37 -38 -39 39 47 -42 -43 -44 54 45 -47 -48 48 49 -51 51 -53 -54 -55 -56 56 -58 58 60 -61 -62 -63
leaf_value=-0.050545402211981422 0.045688517698423942 -0.030612044295279719 -0.028129231723295935 0.039774447146999098 0.049992893549658413 0.0099910768599974394 0.019659158202724278 0.019371308624553839 -0.0068286585247782985 0.0065504943498172321 0.0099910768599974394 0.023194767531111063 0.0023108070421390824 -0.046670904844874066 -0.0068286585247782985 -0.0032226356701085912 0.003257806689386967 -0.014802429829387693 -0.0027092149564995321 -0.0032226356701085912 -0.0089420359542966583 0.0099910768599974394 0.0099910768599974394 -0.025932511779961687 -0.0068286585247782985 0.027643753505606928 -0.031033922200864851 -0.0027896740556304592 -0.028129231723295935 -0.010926872399007536 -0.028129231723295935 0.0099788625406830277 0.035810872123132026 -0.0027896740556304592 0.0099910768599974394 -0.0027896740556304592 0.0092068437399861949 0.0023108070421390824 0.0058509066696631291 -0.0027896740556304592 -0.049206169421982165 -0.0032226356701085912 -0.0068286585247782985 -0.028129231723295935 -0.0068286585247782985 -0.028129231723295935 -0.0027896740556304592 0.0035975851119510295 -0.0027092149564995321 -0.00058450035652172821 2.4457510426933548e-05 0.0099910768599974394 0.0099910768599974394 0.0023108070421390824 -0.0032226356701085912 -0.0068286585247782985 -0.0027896740556304592 -0.028129231723295935 -0.0068286585247782985 -0.0068286585247782985 -0.028129231723295935 -0.028129231723295935
leaf_weight=3929.8495915383101 2590.8188306353986 1112.3476117923856 170.72208506986499 2635.8751028683037 6434.9292262382805 28658.789763092995 6338.7277077101171 4419.5349666923285 1994.7549581453204 11363.062039390206 536.6818251311779 4771.2593784444034 12495.78071410954 1521.9245824851096 120.78220554068685 17259.545729532838 19049.805268712342 3399.4891779348254 18601.257633857429 187.3617834597826 1195.6955381035805 6414.9675523601472 4329.3332272917032 2955.4526318237185 6273.8896524608135 1889.4242764171213 3352.4458366371691 66658.025551408529 5141.3461366184056 3893.5531309396029 878.10764297097921 4361.9103737436235 2808.206571329385 8815.1711872220039 5332.9793504104018 10710.613651104271 9382.6952126398683 23177.080616630614 6627.4283367544413 60690.770993337035 1867.8902540914714 887.38035147637129 589.2899291664362 719.98407353460789 396.76260627806187 569.14472648501396 4120.9892239868641 15694.350150987506 55528.589778333902 23316.27292715013 4760.1668521165848 2070.9716134145856 1314.5150712877512 4227.1965503171086 241.38758338987827 53353.97241717577 3322.660818874836 1879.3665655553341 417.41214098781347 170.57762542366982 164.16519889980555 606.27559011429548
leaf_count=69840 80295 10707 2074 67142 189178 244975 108051 54603 10273 70465 3816 66820 52517 23236 1073 83971 105592 20719 108044 1314 10481 80942 24514 17273 36363 50546 36000 273432 55404 22790 6174 55235 56799 47476 29224 56399 50625 126758 28942 260617 28980 6580 4110 5922 2845 3969 17888 73500 234472 100881 31834 15882 9239 28043 1894 228500 14565 12992 2873 1164 1168 3841
internal_value=-0.000103432 -0.00154021 -0.0164581 0.000262668 0.0287768 0.00708222 0.0197044 -0.00106181 -0.0118164 0.00430508 0.000749827 0.0197044 -0.00423645 -0.0384499 -0.0256866 -0.00841213 0.000418881 -0.00724199 0.000749827 -0.0205477 -0.030612 0.0126514 0.00309508 -0.0127203 -0.0148038 0.0397744 -0.0252293 -0.00175653 -0.0259325 -0.0120605 -0.00752349 0.0168848 0.0456885 0.00231081 0.00327606 0.00231081 0.0039012 0.00231081 -0.0005845 -0.00103674 -0.0440648 -0.0066252 -0.0198133 -0.0200669 -0.0264439 -0.0112624 -0.00682866 -0.00133084 -0.0005845 -0.00108099 -0.0005845 0.00434959 0.00983117 0.00334095 -0.0281222 -0.00682866 -0.00682866 -0.0175982 -0.0243017 -0.0281292 -0.00682866 -0.0136735
internal_weight=558702 532225 57385.1 474840 26477.1 77223.3 17233.9 397616 47385.2 65454.2 253153 11769 144463 9999.92 9336.85 38048.3 248733 65309.5 36795.5 7298.24 6070.07 12753.7 67826.3 20788.8 18794 4480.24 4548.14 79153.8 5262.13 15838.5 8707.19 9133.17 9243.14 63496.9 54681.8 49348.8 38638.2 29255.5 180907 161857 2038.61 2036.11 2433.3 1148.73 1844.01 965.907 64197.1 155230 94539.2 78844.9 25432.4 6831.14 6078.39 4763.88 961.372 60076.1 56676.6 7131.35 2631.52 2049.94 581.577 4499.83
internal_count=3531841 2966030 452604 2513426 565811 660397 319834 1853029 313047 471200 1234701 189197 618328 139557 103241 209806 1180098 292379 226225 72187 69717 188993 376094 125835 115562 130841 46481 325949 56477 98289 53461 122055 245977 351580 304104 274880 218481 167856 804004 698412 31054 15710 17098 9130 12988 6814 281672 669470 408853 335353 155760 47716 41098 31859 7816 263784 243065 44828 18197 14156 4041 26631
is_linear=0
shrinkage=0.05


Tree=51
num_leaves=63
num_cat=0
split_feature=0 0 1 0 0 1 0 1 0 1 8 1 1 0 1 8 0 1 12 8 8 1 10 8 10 10 8 1 8 8 1 10 10 10 10 10 8 12 10 10 1 1 1 8 8 10 8 8 1 12 11 8 10 8 10 10 8 11 8 0 8 8
split_gain=8750.33 5244.92 2284.03 1580.24 1556.9 1242.97 948.979 947.766 806.039 556.173 532.243 485.547 399.882 370.599 317.003 315.45 293.411 266.855 250.662 230.95 207.339 202.139 200.032 187.678 215.017 210.947 255.635 185.588 184.903 177.925 173.906 171.448 337.481 252.18 234.515 228.172 157.175 262.176 175.407 212.079 155.495 160.671 142.379 137.447 136.615 127.715 185.034 135.658 125.138 119.344 104.434 104.545 147.494 106.18 92.009 91.6477 91.307 90.3149 85.5932 81.1345 75.4923 75.7686
threshold=1.5000000000000002 -1.4999999999999998 630.50000000000011 2.5000000000000004 1.0000000180025095e-35 1080.5000000000002 -2.4999999999999996 1101.5000000000002 -1.0000000180025095e-35 390.50000000000006 0.48112049698829656 411.50000000000006 2390.5000000000005 -3.4999999999999996 80.500000000000014 0.38584102690219885 -2.4999999999999996 174.50000000000003 1.5000000000000002 0.4355714619159699 0.609165519475937 2390.5000000000005 0.2472183629870415 0.36279271543025976 0.21738760173320773 0.22289190441370013 0.37428823113441473 1650.5000000000002 0.56885173916816723 0.28225387632846838 184.50000000000003 0.23455427587032321 0.23093203455209735 0.2276849374175072 0.24786309152841571 0.22098699957132342 0.47552274167537695 2.5000000000000004 0.22808807343244555 0.2248843312263489 1608.5000000000002 712.50000000000011 17.500000000000004 0.44254073500633245 0.27788905799388891 0.20894466340541842 0.2293389365077019 0.23841005563735965 2070.5000000000005 3.5000000000000004 -0.13984784483909604 0.30652734637260443 0.2283434867858887 0.35287474095821386 0.21860953420400622 0.22345091402530673 0.32536515593528753 -0.15337532013654706 0.48214443027973181 3.5000000000000004 0.48214443027973181 0.36649362742900854
decision_type=2 2 2 2 2 2 2 2 2 2 2 2 2 2 2 2 2 2 2 2 2 2 2 2 2 2 2 2 2 2 2 2 2 2 2 2 2 2 2 2 2 2 2 2 2 2 2 2 2 2 2 2 2 2 2 2 2 2 2 2 2 2
left_child=1 2 16 7 8 11 13 41 12 14 22 -6 17 28 -10 -8 -1 42 -11 27 60 -17 50 31 57 -26 -27 -15 -4 -14 -18 32 33 35 -33 45 38 -38 39 -28 -5 -2 -3 -32 -13 46 -19 -47 -9 -45 51 -7 55 -54 -29 56 -53 -25 -46 -42 61 -20
right_child=3 4 6 40 5 10 15 48 9 18 -12 44 29 19 -16 21 30 23 20 -21 -22 -23 -24 24 25 26 36 54 -30 -31 43 34 -34 -35 -36 -37 37 -39 -40 -41 59 -43 -44 49 58 47 -48 -49 -50 -51 -52 52 53 -55 -56 -57 -58 -59 -60 -61 -62 -63
leaf_value=-0.051023791303581513 0.048301109284460284 -0.047793421934547026 -0.048558419683305598 0.049911634347081554 0.040314930215248061 0.0016216361552610879 -0.014644842951502266 0.019688293707832986 0.040208737945422179 -0.00028660579365282 0.012000479561524995 0.0016216361552610879 -0.012979480943652639 -0.036781544887270264 0.010152073606850158 -0.0075830383741880645 -0.048681860432916883 -0.014644842951502266 -0.00028660579365282 -0.0093902120966915647 0.012000479561524995 -0.00028660579365282 0.012725153458248532 -0.00080270669216730463 -0.00028660579365282 -0.00028660579365282 -0.0075830383741880645 -0.039006225947903816 -0.0093902120966915647 -0.00028660579365282 -0.03445443436819786 -0.014644842951502266 -0.00028660579365282 -0.014644842951502266 -0.00028660579365282 -0.00028660579365282 -0.0075830383741880645 0.0016216361552610879 -0.0075830383741880645 -0.00028660579365282 0.030309982425729905 0.028041697674371448 -0.015840531630712487 -0.046950289663619055 0.015377693998162896 -0.00028660579365282 -0.00028660579365282 -0.014644842951502266 0.012725153458248532 -0.014644842951502266 0.0016216361552610879 0.012725153458248532 0.012725153458248532 0.0016216361552610879 -0.014644842951502266 0.012725153458248532 0.0016216361552610879 -0.0075830383741880645 0.026825465474691276 0.049996331639886107 0.0048969193477604762 0.0016216361552610879
leaf_weight=3427.5495718084276 2488.6087640747428 392.76445628702641 1970.1085273735225 6138.0222572237253 2433.01479334943 2200.9989872947335 12818.770029291511 6454.6853722557425 1023.1599426418543 150756.04161018133 16419.36899138242 307.21844620257616 2759.9387294501066 2471.9000624231994 6125.6638548858464 19927.128061294556 1202.7152712866664 1071.1183928996325 25252.015897572041 2851.9828525595367 2571.6356360018253 5971.1970744729042 1622.463929541409 5669.2030311077833 9001.2896570563316 3629.2335937172174 2327.5875008255243 397.31767459958792 119.79407878220081 45985.780639916658 2355.3263986706734 4317.9695324003696 2418.635760307312 2282.8065192848444 616.29132376611233 4768.3365360796452 2361.3909227252007 3618.0055497288704 26088.104745268822 4976.188954487443 2000.3508455660194 1622.2705007456243 3069.0391558781266 285.44062587618828 5468.189574919641 208.66233637928963 1458.9399796426296 5357.0978171825409 6363.1759654283524 1230.1472530923784 35919.965370044112 255.23199639469385 1019.6722341030836 4569.6991631388664 1638.5382307469845 2055.3071153387427 2218.977374240756 11892.218759030104 2332.2536621913314 713.68964435905218 20498.749802216887 46576.591869175434
leaf_count=63695 80499 4541 32425 189053 64435 11306 82190 113294 18291 688539 149931 3260 11957 31812 57127 108605 19283 4815 108299 26447 18007 26668 12413 23969 37980 15275 9716 3703 1103 188818 27698 18608 10306 10019 2474 21180 9536 14822 110225 20897 41406 45475 21282 2958 75742 933 6577 23761 80938 12438 237365 1631 6422 33767 14053 14272 15455 50394 34570 15305 113878 229594
internal_value=-6.5824e-05 -0.0014481 -0.0158241 0.0283802 0.000270992 0.00678648 -0.0116065 0.0194269 -0.000989578 0.000712225 0.00419284 0.0194269 -0.00397162 -0.0258117 0.0144589 -0.00813888 -0.0397167 -0.00585203 0.000312126 -0.0205302 0.00162164 -0.00585203 0.00162164 -0.00533943 -0.00405542 -0.00238839 -0.00448257 -0.0275747 -0.0443921 -0.000286606 -0.0320695 -0.00930887 -0.00684214 -0.0105596 -0.0146448 -0.006358 -0.00624151 -0.000286606 -0.00758304 -0.000286606 0.0454985 0.0403149 -0.0194786 -0.0268967 0.0171751 -0.0116454 -0.00219442 -0.0146448 0.0127252 -0.0151365 0.00162164 0.00640324 0.00894716 0.00314259 -0.0163832 0.0127252 0.0020681 -0.00758304 0.0188035 0.0355033 0.00162164 0.00162164
internal_weight=556346 530565 56667.9 25780.8 473897 76822.4 48166.7 16928.7 397074 252804 66281.7 10540.7 144271 9449.64 7148.82 38717.1 8501.18 95524.9 245655 7359.74 94899 25898.3 49862.3 92063.1 69563.2 52001.8 43000.5 4507.76 2089.9 48745.7 5073.63 22499.9 17565.6 15147 4934.26 12864.2 39371.3 5979.4 33391.9 7303.78 8852.06 4110.88 3461.8 3870.91 8107.66 8095.82 2530.06 5565.76 12817.9 1515.59 48239.9 12319.9 10118.9 5589.37 2035.86 4529.52 2474.21 17561.4 7800.44 2714.04 92327.4 71828.6
internal_count=3531437 2965467 453078 565970 2512389 660569 327006 320206 1851820 1233735 482562 178007 618085 109543 75418 217463 126072 417310 1158317 76015 469778 135273 332631 391487 292814 218451 180471 49568 33528 200775 62377 98673 77591 67285 21082 57266 165196 24358 140838 30613 245764 125974 25823 43094 113572 36086 11392 24694 194232 15396 320218 82853 71547 40189 17756 31358 17086 74363 110312 56711 451771 337893
is_linear=0
shrinkage=0.05


Tree=52
num_leaves=63
num_cat=0
split_feature=0 0 1 1 0 1 0 0 0 9 1 1 9 1 10 8 10 0 9 9 0 1 1 10 10 8 1 9 1 12 9 10 10 10 11 9 9 8 9 9 1 1 8 9 11 9 11 8 8 1 9 10 9 9 9 8 10 10 9 9 10 10
split_gain=8006.08 4891.31 2189.41 1603.62 1452.75 1356.13 934.404 845.638 736.622 668.734 591.533 538.396 525.872 384.817 356.56 328.045 322.014 318.672 286.452 250.52 235.382 222.34 228.684 215.988 183.339 198.921 183.262 181.49 180.938 179.27 174.096 161.984 182.13 151.685 183.162 148.849 183.988 145.028 144.203 156.702 143.615 129.672 122.825 122.641 110.234 169.387 136.832 109.235 107.628 107.26 106.207 105.424 101.093 100.077 96.4866 180.344 184.132 93.7185 92.848 120.342 100.861 131.287
threshold=1.5000000000000002 -1.4999999999999998 652.50000000000011 1101.5000000000002 1.0000000180025095e-35 682.50000000000011 2.5000000000000004 -3.4999999999999996 -1.0000000180025095e-35 0.33949495851993566 111.50000000000001 1800.5000000000002 0.41682600975036627 630.50000000000011 0.2050428315997124 0.29661081731319433 0.21574497967958453 -2.4999999999999996 0.47105844318866735 0.30191217362880712 -2.4999999999999996 2220.5000000000005 570.50000000000011 0.2472183629870415 0.23004490137100223 0.36890326440334326 30.500000000000004 0.29744088649749761 184.50000000000003 1.5000000000000002 0.38367605209350591 0.22255443781614306 0.1970353573560715 0.21301037073135379 -0.1803411319851875 0.28810557723045355 0.28290471434593206 0.44098128378391271 0.28810557723045355 0.29452873766422277 390.50000000000006 1580.5000000000002 0.51510196924209606 0.19466029852628711 0.10889730975031854 0.45658147335052496 -0.8914886713027953 0.59168273210525524 0.29661081731319433 770.50000000000011 0.18096351623535159 0.21216849982738498 0.13645498454570773 0.2393506318330765 0.23056294023990634 0.51923570036888134 0.21466173976659778 0.2065781503915787 0.37714664638042456 0.33563746511936193 0.23574929684400561 0.24268008023500445
decision_type=2 2 2 2 2 2 2 2 2 2 2 2 2 2 2 2 2 2 2 2 2 2 2 2 2 2 2 2 2 2 2 2 2 2 2 2 2 2 2 2 2 2 2 2 2 2 2 2 2 2 2 2 2 2 2 2 2 2 2 2 2 2
left_child=1 2 17 49 8 40 12 32 13 41 -10 14 21 26 -9 31 33 -1 -8 22 37 -5 -12 54 25 44 -3 35 -19 58 -25 -13 -4 34 51 36 43 -18 -15 -30 -6 -7 -27 50 45 -22 -47 -23 -36 -2 52 57 -24 -35 -17 -56 -57 -16 59 -21 -60 -62
right_child=3 4 7 6 5 9 18 11 10 -11 19 15 -14 38 16 23 20 28 -20 29 24 47 27 30 -26 42 -28 -29 39 -31 -32 -33 -34 53 48 -37 -38 -39 -40 -41 -42 -43 -44 -45 -46 46 -48 -49 -50 -51 -52 -53 -54 -55 55 56 -58 -59 60 -61 61 -63
leaf_value=-0.050726005522707368 0.0495021060625081 -0.030888659206872317 -0.015311018865633741 0.023366062455040255 0.042128543901451383 0.016420932093973807 0.042183322056649014 -0.0028231808693111953 0.032213949682997726 0.00068183305107725664 0.016373744236163786 -0.015311018865633741 0.00068183305107725664 0.0007462282090583501 -0.0089856451958191062 0.0007462282090583501 -0.033818855082729547 -0.048330900564194507 0.00068183305107725664 -0.0028231808693111953 -0.033818855082729547 0.010048405818080516 0.010048405818080516 -0.043133912301583387 -0.018096204685740004 -0.0028231808693111953 -0.0096737487947305585 0.010048405818080516 -0.0096737487947305585 0.00068183305107725664 -0.0028231808693111953 -0.043133912301583387 -0.048438569000980848 0.0007462282090583501 -0.048438569000980848 -0.0028231808693111953 0.010048405818080516 -0.018096204685740004 -0.0028231808693111953 -0.031722317400228905 0.018737303244072346 0.010048405818080516 -0.018096204685740004 0.00083988346596948352 -0.0028231808693111953 -0.0028231808693111953 -0.029227263538401178 0.036687177015221971 -0.0028231808693111953 0.03698575852717563 0.010048405818080516 -0.0028231808693111953 0.0007462282090583501 -0.048438569000980848 -0.0028231808693111953 -0.0095633907754092487 -0.048438569000980848 -0.048438569000980848 -0.0028231808693111953 0.00068183305107725664 0.00068183305107725664 -0.0028231808693111953
leaf_weight=3361.2677926458418 5690.1104583255947 596.49953426420689 169.44611003622413 6201.1690997108817 2261.2478529196233 7984.4204749874771 4055.6050182450563 2264.9082995355129 1322.2853911370039 38171.815678976476 3090.0635889098048 1346.6688446998596 2002.849250074476 28295.464487314224 162.35677396133542 1608.4851549491286 2433.3715770505369 1152.1663244403899 241.84448160231113 26456.226974055171 748.35554829239845 4043.1531219407916 508.01103042811155 401.09626206755638 6473.1733621954918 5218.2142676189542 17319.852316915989 4159.2592368945479 1035.2014076747 72400.516542118043 136.70340605825186 487.81111048907042 1813.6948445513844 69.385692931711674 100.71665788441896 8543.9272774904966 5119.3677735999227 940.87304155528545 97983.134076744318 2924.0679668411613 2574.2317309342325 25249.379985965788 595.58342716097832 41857.251515239477 546.72654546052217 332.49774960428476 547.70815091580153 397.43851473554969 858.24057374149561 2474.3048193864524 1897.5844345465302 177.38128734752536 3392.1272303238511 1158.8965065702796 16902.784759908915 904.58676563203335 455.83226767927408 758.11817820370197 40701.166026521474 31624.288216091692 7439.594623927027 4405.8696131519973
leaf_count=65354 193523 6759 2199 110738 62205 91895 100382 14260 23764 248341 27040 8797 24953 117255 1214 7014 30933 19266 4103 121782 5606 53020 3620 2088 42865 31730 88652 23274 9962 352048 752 3110 30818 382 924 45348 27764 10241 405764 34650 46947 210185 3263 223531 3995 2494 4031 5537 5599 73931 13094 1264 22391 8632 90545 4258 2281 5296 165572 136671 30965 18207
internal_value=-7.64799e-05 -0.00138477 -0.0153463 0.0275113 0.00026953 0.00659119 0.0187373 -0.0111786 -0.000944171 0.00485563 0.000681833 -0.00978887 0.01189 -0.00379616 -0.0150856 -0.00421968 -0.0172693 -0.0387635 0.0388769 0.000506194 -0.0146183 0.0171983 0.00308391 -0.00282318 -0.0118424 -0.00677365 -0.0106534 0.00245648 -0.0308887 -0.000459506 -0.0345903 -0.024513 -0.0431339 -0.0316542 -0.0233321 0.00174492 0.0027712 -0.026509 -0.00282318 -0.025802 0.0322139 0.0100484 -0.00282318 0.00178399 -0.0197291 -0.0262928 -0.00959908 0.0100484 -0.00735529 0.0457139 0.00859871 -0.0372681 0.00160972 -0.0455596 -0.00282318 -0.00358996 -0.015311 -0.0440648 -0.00180942 -0.000383088 -0.00282318 0.000681833
internal_weight=554546 529440 56086.3 25106.5 473354 76241.1 16942.1 47613.6 397112 71405.6 252918 45630.5 12644.6 144195 23386.5 22244 21121.6 8472.7 4297.45 251595 17836.5 10641.8 68567.6 20409.5 14462.3 7989.09 17916.4 65477.5 5111.44 183028 537.8 1834.48 1983.14 3285.1 2056.81 61318.3 52774.3 3374.24 126279 3959.27 4835.48 33233.8 5813.8 47655 2175.29 1628.56 880.206 4440.59 958.957 8164.42 5797.72 1097.86 3900.14 1228.28 19871.7 18263.2 1360.42 920.475 110627 58080.5 52546.6 11845.5
internal_count=3533084 2966897 453823 566187 2513074 659573 298733 324591 1853501 550421 1235071 291574 194248 618430 172729 118845 158469 129232 104485 1211307 135158 169295 386062 106938 93984 51119 95411 359022 63878 825245 2840 11907 33017 23311 14297 335748 290400 41174 523019 44612 109152 302080 34993 262636 16126 12131 6525 58557 6523 267454 39105 7774 26011 9014 104098 97084 6539 6510 473197 258453 214744 49172
is_linear=0
shrinkage=0.05


Tree=53
num_leaves=63
num_cat=0
split_feature=0 0 0 1 1 1 1 1 0 0 1 0 8 1 12 8 1 8 8 10 1 10 10 11 8 8 10 8 10 8 8 11 10 8 8 8 8 10 11 8 8 8 11 11 10 8 8 8 8 10 12 11 8 10 10 12 10 10 8 10 0 1
split_gain=7362.36 4388.32 2288.27 1583.51 1366.69 979.394 842.601 771.002 710.947 652.786 549.616 472.875 394.543 380.01 313.492 264.035 239.651 232.362 299.174 285.831 229.251 188.079 189.96 186.465 185.913 179.4 178.877 373.386 181.791 163.794 183.213 162.587 160.401 159.247 175.127 158.373 154.471 165.735 151.947 145.296 154.731 141.973 189.142 139.992 138.319 155.531 205.532 176.657 172.278 135.757 132.928 129.002 271.168 194.748 160.389 143.728 122.898 478.544 116.395 147.299 113.765 113.722
threshold=1.5000000000000002 -2.4999999999999996 -1.0000000180025095e-35 1320.5000000000002 1590.5000000000002 1650.5000000000002 1080.5000000000002 142.50000000000003 2.5000000000000004 -1.4999999999999998 390.50000000000006 1.0000000180025095e-35 0.46895973384380346 630.50000000000011 1.0000000180025095e-35 0.29661081731319433 801.50000000000011 0.29661081731319433 0.28225387632846838 0.22545928508043292 30.500000000000004 0.23628672212362292 0.23224429786205295 -1.0962244868278501 0.29441830515861517 0.38683760166168218 0.22530259191989901 0.34756815433502203 0.22460558265447619 0.59168273210525524 0.70673567056655895 -0.72600415349006642 0.24660515785217288 0.38683760166168218 0.39515876770019537 0.4355714619159699 0.40539489686489111 0.24915748089551928 0.19183616340160373 0.3365717232227326 0.21525833755731585 0.49880145490169531 0.02640850376337767 0.59266486763954174 0.22359875589609149 0.47784335911273962 0.49985919892787939 0.59168273210525524 0.35287474095821386 0.23562281578779223 5.5000000000000009 0.33244296908378607 0.49739991128444677 0.22460558265447619 0.23465987294912341 3.5000000000000004 0.22067216038703921 0.22844710946083072 0.44098128378391271 0.23388879746198657 -3.4999999999999996 2390.5000000000005
decision_type=2 2 2 2 2 2 2 2 2 2 2 2 2 2 2 2 2 2 2 2 2 2 2 2 2 2 2 2 2 2 2 2 2 2 2 2 2 2 2 2 2 2 2 2 2 2 2 2 2 2 2 2 2 2 2 2 2 2 2 2 2 2
left_child=1 6 5 16 7 9 -1 -4 29 10 -3 21 18 -13 41 -10 -2 19 -6 -7 -11 22 26 -8 56 38 28 43 31 -5 51 -9 -26 -34 -35 60 -36 -38 -12 -40 -22 42 49 -28 45 48 -47 -48 -33 -14 58 53 -53 -16 -55 -54 -20 -58 -24 -60 -25 -19
right_child=3 2 4 8 12 17 23 11 15 20 25 13 14 -15 30 -17 -18 61 24 -21 40 -23 50 35 32 -27 27 -29 -30 -31 -32 44 33 34 36 -37 37 -39 39 -41 -42 -43 -44 -45 -46 46 47 -49 -50 -51 -52 52 55 54 -56 -57 57 -59 59 -61 -62 -63
leaf_value=-0.046200855496688301 0.048932523637347278 -0.0388473247450608 0.035574795185227888 0.010190057692491742 -0.0065002536178373595 -0.0065002536178373595 -0.038962655807100448 0.010190057692491742 0.010190057692491742 -0.038093103697040664 -0.023152154184796828 0.029585379354633314 -0.0011666536674755407 0.010190057692491742 0.010190057692491742 0.040786626304918652 0.033185864690422937 -0.0036988239170492421 0.010190057692491742 -0.019625888935413741 -0.023152154184796828 0.010088316177292228 -0.0065002536178373595 -0.046065448503997179 -0.0011038718545119022 -0.010321292324060609 -0.0065002536178373595 0.010190057692491742 -0.0065002536178373595 0.03270659090774402 0.03270659090774402 0.0045239768455297711 0.010190057692491742 -0.0011666536674755407 0.010190057692491742 -0.010321292324060609 0.010190057692491742 -0.0011666536674755407 -0.023152154184796828 -0.0065002536178373595 -0.0065002536178373595 -0.0011666536674755407 0.010190057692491742 0.010190057692491742 0.010190057692491742 0.010190057692491742 -0.0047117103271517779 0.010190057692491742 -0.0065002536178373595 0.010190057692491742 0.0099507969565264965 0.010190057692491742 -0.0011666536674755407 -0.0011666536674755407 0.010190057692491742 0.010190057692491742 -0.0065002536178373595 0.010190057692491742 -0.0065002536178373595 0.010190057692491742 -0.023152154184796828 -0.0011666536674755407
leaf_weight=5194.2871308289468 5660.0437194705009 2477.6529727987945 2421.4605674427003 10358.95506901294 13273.492871135473 6626.8416969180107 1246.7514816522598 3977.9226409718394 188.32183846086264 573.25664740055799 4532.8326404690742 3428.7034900076687 6529.9895500838757 16690.828659113497 13937.089988991618 3175.2215738892555 4236.4296172242612 44339.593469649553 1311.23284471035 1595.768445417285 501.34492391347885 10434.866342455149 4021.1236633956432 541.73964394629002 156746.46440881491 12511.091102398932 1705.8924671337008 9208.282019674778 1096.2310528680682 806.87803899124265 238.29318058490753 3626.8296804726124 3647.8976250439882 649.4880133792758 1136.6691767573357 2442.5722996629775 1325.8255710527301 1439.8385468423367 603.91444332897663 880.25826924294233 59294.31309376657 27204.713096499443 6172.346987426281 591.43566849827766 1157.5630340799689 1603.0724411569536 5932.2847786583006 1964.0755314342678 4556.6618772298098 529.54817418754101 1282.5677891597152 3521.0611297637224 7741.5838955193758 3296.7467966675758 669.00175227224827 1376.7669702321291 1369.7024741619825 1159.5223634690046 718.63564975559711 839.09794129431248 2779.2257405817509 53275.992944091558
leaf_count=98853 201243 38569 51824 152267 53964 31460 15138 21679 2847 6665 36938 79270 33229 175672 97245 77705 119006 193440 5332 7370 2386 58646 20142 9395 749486 81159 8168 52761 6053 13030 2225 16794 17055 3063 5454 22263 7337 7554 4920 7133 264409 145978 32019 2878 6570 10262 36665 14409 24788 3172 7350 24811 57916 21560 5017 8892 5650 4849 4134 5065 27718 223861
internal_value=-6.5464e-05 -0.0013071 -0.000605838 0.0267709 0.00190826 -0.00501774 -0.0309391 0.00782434 0.0162623 -0.00914208 -0.0167338 0.00690129 0.00015036 0.0101901 0.00330559 0.0364109 0.0421958 -0.00184665 -0.00108389 -0.00991824 -0.00650025 0.00407689 0.00259311 -0.0196259 -0.000493966 -0.0137748 0.00406816 0.00919057 0.00160342 0.0101901 0.00710774 0.00292007 -0.00074724 0.00606947 -0.000675052 -0.0196259 0.00943745 -0.00116665 -0.0196259 -0.00654679 -0.00650025 0.000411263 0.00470111 -0.00650025 0.000938575 -0.000333855 0.00401828 -0.000340829 -0.00538571 -0.000920892 -0.00502092 0.00671727 0.00284959 0.00944754 -0.00100156 -0.00116665 0.0101901 -0.000833872 -0.00650025 0.00766005 -0.0231522 -0.00116665
internal_weight=552378 527952 515748 24425.8 328535 187213 12204.6 75257.5 14529.4 81374.7 21005.7 72836.1 253277 20119.5 71217.1 3363.54 9896.47 105838 182060 8222.61 60368.9 52716.5 42281.7 7010.29 168787 18528.1 35420.3 11505.6 23914.6 11165.8 30780.5 22818.4 164946 8199.72 4551.82 5763.54 3902.33 2765.66 6017.01 1484.17 59795.7 40436.6 13231.9 2297.33 18840.5 17682.9 9499.43 7896.36 8183.49 7059.54 6861.43 30542.3 12639.4 17902.8 3965.75 9118.35 3840.46 2529.22 5578.86 1557.73 3320.97 97615.6
internal_count=3532713 2966615 2793248 566098 1894938 898310 173367 603130 245849 442179 168719 551306 1291808 254942 432064 80552 320249 456131 859744 38830 273460 296364 237718 74514 805780 130150 201027 63807 137220 165297 217666 131167 789949 40463 23408 59376 20345 14891 48991 12053 266795 214398 68420 11046 109488 102918 61336 51074 41582 36401 36691 215441 91619 123822 26577 66808 15831 10499 29341 9199 37113 417301
is_linear=0
shrinkage=0.05


Tree=54
num_leaves=63
num_cat=0
split_feature=0 0 0 1 1 0 1 1 0 1 9 9 1 0 9 9 10 10 9 1 9 1 0 9 11 9 1 10 12 11 9 10 9 9 10 10 12 9 12 12 10 10 10 10 9 9 10 10 9 9 10 1 10 10 10 10 10 10 9 9 10 10
split_gain=6711.29 4071.75 2023.57 1594.77 1238.16 928.108 859.175 846.305 604.644 550.868 520.195 494.526 472.642 463.63 345.359 279.899 265.353 622.357 281.601 244.321 401.572 208.904 191.783 188.056 183.413 201.073 191.535 174.876 331.802 174.137 173.229 164.505 163.063 157.932 171.26 202.905 156.685 137.29 161.078 142.115 136.64 135.375 128.577 238.076 113.331 119.823 134.517 210.11 111.115 110.824 106.071 104.644 101.621 100.392 164.106 127.231 214.573 179.252 96.2175 140.872 170.8 143.154
threshold=1.5000000000000002 -2.4999999999999996 -1.0000000180025095e-35 1040.5000000000002 770.50000000000011 2.5000000000000004 1410.5000000000002 1080.5000000000002 -1.4999999999999998 120.50000000000001 0.35119703412055975 0.30191217362880712 451.50000000000006 1.0000000180025095e-35 0.23308694362640384 0.47105844318866735 0.21842505037784579 0.21301037073135379 0.28894355893135076 2539.5000000000005 0.25606970489025122 17.500000000000004 -3.4999999999999996 0.44334584474563604 0.27157035470008856 0.29452873766422277 2414.5000000000005 0.22598334401845935 3.5000000000000004 -0.30322973430156702 0.45885890722274786 0.1970353573560715 0.32093408703804022 0.42303735017776495 0.23067473620176318 0.22612502425909045 1.5000000000000002 0.33322560787200933 2.5000000000000004 4.5000000000000009 0.23608218133449557 0.22638466209173205 0.22781910002231601 0.22965607047080996 0.53810203075408947 0.61451807618141185 0.20204577594995501 0.20455986261367801 0.31738659739494329 0.47105844318866735 0.21972625702619555 390.50000000000006 0.21420419216156009 0.23004490137100223 0.23093203455209735 0.23211316019296649 0.23346950113773349 0.23507919907569888 0.30364511907100683 0.33563746511936193 0.23574929684400561 0.23562281578779223
decision_type=2 2 2 2 2 2 2 2 2 2 2 2 2 2 2 2 2 2 2 2 2 2 2 2 2 2 2 2 2 2 2 2 2 2 2 2 2 2 2 2 2 2 2 2 2 2 2 2 2 2 2 2 2 2 2 2 2 2 2 2 2 2
left_child=1 7 6 -2 9 10 8 -1 12 -4 19 -6 -3 30 -8 -7 17 44 20 32 -18 -10 31 -23 26 -26 27 28 -20 36 -11 -9 48 -28 35 -35 52 -14 -25 -40 -13 -29 -43 -44 -16 46 -46 -48 -5 -36 -34 -15 -19 -45 -55 -56 -57 -58 -59 61 -61 -60
right_child=3 2 4 5 11 15 14 22 21 13 -12 40 37 51 16 -17 18 29 24 -21 -22 23 -24 38 25 -27 33 41 -30 -31 -32 -33 50 34 49 -37 -38 -39 39 -41 -42 42 43 53 45 -47 47 -49 -50 -51 -52 -53 -54 54 55 56 57 58 59 60 -62 -63
leaf_value=-0.045818824438048342 0.045880561833346586 -0.035711692101030278 0.037366392609060772 0.021343889175978903 0.0042629435945145495 0.041387671517092099 0.0042629435945145495 -0.018770297357017483 -0.035711692101030278 0.007736433182238287 0.0009762017430601103 -0.00025956120279875262 -0.0082967296100172651 0.037663214639925342 -0.00025956120279875262 0.0009762017430601103 -0.018770297357017483 -0.018770297357017483 -0.00025956120279875262 0.0042629435945145495 0.0042629435945145495 -0.0049607226213075678 -0.018770297357017483 -0.018367617916361736 -0.018770297357017483 -0.00025956120279875262 -0.00025956120279875262 -0.018770297357017483 -0.018770297357017483 -0.018770297357017483 -0.0085151405047700565 -0.047171765742101204 0.0029090935451366118 -0.0036321009612479398 -0.00025956120279875262 -0.018770297357017483 -0.016158205695894528 -0.018367617916361736 -0.0085151405047700565 -0.018367617916361736 0.0009762017430601103 -0.00025956120279875262 -0.018770297357017483 -0.00025956120279875262 -0.018770297357017483 -0.00025956120279875262 -0.00025956120279875262 -0.018770297357017483 0.0009762017430601103 -0.018770297357017483 0.041387671517092099 0.017541965003684195 -0.00025956120279875262 -0.018770297357017483 -0.00025956120279875262 -0.018770297357017483 -0.00025956120279875262 -0.00025956120279875262 -0.00025956120279875262 -0.018770297357017483 -0.0049545974354353178 -0.018770297357017483
leaf_weight=4991.5665361136198 7058.2016850560904 2942.6570993997157 2083.8428833577782 4206.2712587881833 83172.41158253327 3924.1322817411274 9120.4705615639687 115.42416935414076 358.77970834821463 14890.918680660427 4869.0427295602858 164263.11387686804 6418.9962175935507 1440.0819911751896 10676.298133090138 243.41075430065393 1581.0297541320324 423.37315912544727 7049.4636360630393 1835.761137586087 6944.9199261367321 42277.196687616408 5659.4118132069707 1079.3550105988979 367.57263888418674 14667.458853453398 24511.414788514376 536.36604001373053 1889.3063454478979 7478.4525379315019 1841.7764325514436 1104.1016434282064 187.29977901279926 2411.4988224208355 1602.9481983333826 1344.7099450081587 2579.2662981897593 7163.49808242172 2552.4819345101714 3363.8146521374583 56951.86439338699 2015.1185081377625 2604.2988868355751 467.77229608595371 1297.248365342617 484.3020635843277 418.67094462364912 655.21984598785639 208.0829382892698 253.28032802045345 1265.7366987410933 3556.3238316867501 1556.9525755494833 1079.6530983895063 1579.5973575636744 1641.1608785092831 2377.9493901282549 502.59722782671452 166.24504867196083 669.20462334156036 7532.2230841442943 2090.3981159180403
leaf_count=98946 254669 44604 46688 75796 533038 105721 38978 1355 4566 107302 69886 802820 40911 42011 46429 4271 6527 1783 31081 25353 28804 191310 53970 4915 1515 63424 101690 2459 9626 32618 11076 19206 3333 10881 6850 5922 12680 58898 11938 16848 290638 9154 11709 2162 6332 2344 2018 3239 3877 1141 22675 61969 6503 4731 7140 7396 10523 2100 684 3081 33452 9040
internal_value=-2.32027e-05 -0.0011965 -0.000529056 0.0259484 0.0018352 0.017542 -0.00468444 -0.0301471 -0.00926311 0.0128148 0.0107619 0.000976202 -0.0175469 0.0104587 -0.00217219 0.0379879 -0.00298594 -0.00745708 -0.00165473 0.0190063 0.00426294 -0.00650468 -0.0187703 -0.00621786 -0.00266372 -0.000259561 -0.00407155 -0.0067524 -0.000808143 -0.0157279 0.00594721 -0.0385975 0.0239974 -0.0012057 -0.00892793 -0.0153001 -0.00781724 -0.0136091 -0.0136091 -0.0087429 -0.000259561 -0.00903637 -0.00819239 -0.00945586 -0.000259561 -0.0102251 -0.0159398 -0.000580417 0.0192074 -0.000259561 0.0385263 0.017542 -0.000259561 -0.00727572 -0.00830691 -0.00687847 -0.00860593 -0.0062697 -0.00947039 -0.0108385 -0.00767074 -0.0187703
internal_weight=550602 526804 514934 23797.9 328200 16739.7 186733 11870.5 66156.8 23812.9 12572.2 304387 16525.2 21729.1 120576 4167.54 111456 25569.8 85886.2 7703.15 8525.95 49631.6 6878.94 49272.8 77360.2 15035 62325.2 32201.4 8938.77 12038 16732.7 1219.53 5867.39 30123.9 5612.44 3756.21 4559.59 13582.5 6995.65 5916.3 221215 23262.6 22726.2 20711.1 13531.7 2855.44 2371.14 1073.89 4414.35 1856.23 1453.04 4996.41 1980.33 18106.8 17639 16559.4 14979.8 13338.6 10960.7 10458.1 8201.43 2256.64
internal_count=3532606 2967025 2793548 565581 1895542 310912 898006 173477 373990 269046 200920 1626496 144413 222358 524016 109992 485038 113946 371092 131034 35331 229577 74531 225011 335761 64939 270822 144338 40707 53584 118378 20561 105681 126484 24794 16803 20966 99809 33701 28786 1093458 103631 101172 92018 60362 13933 11589 5257 79673 7991 26008 103980 8286 80309 78147 73416 66276 58880 48357 46257 36533 9724
is_linear=0
shrinkage=0.05


Tree=55
num_leaves=63
num_cat=0
split_feature=9 9 8 11 10 10 11 10 10 9 10 8 9 8 8 8 10 10 8 11 10 10 9 10 10 10 10 10 12 8 10 8 10 10 10 8 10 9 8 10 8 10 10 9 10 9 10 11 10 9 11 8 8 8 10 10 11 8 10 9 10 8
split_gain=1750.53 1060.78 1023.95 946.225 1044.51 721.85 691.835 689.609 631.662 1304 711.417 685.928 533.018 1248.52 1058.05 929.524 708.107 694.627 714.264 676.482 672.598 773.443 561.447 1710.05 663.788 1048.89 553.743 541.426 529.036 559.269 1211.19 511.971 510.177 661.71 494.489 485.997 476.603 446.402 930.788 1442.09 634.457 590.171 698.108 530.658 1109.47 873.034 484.697 444.009 442.104 1206.46 701.671 541.714 479.595 453.609 441.574 439.275 455.924 433.684 429.962 1942.99 938.383 1112.82
threshold=0.39191363751888281 0.21273195743560794 0.38402423262596136 1.2073334455490115 0.1970353573560715 0.17251890897750857 -0.24483320862054822 0.22126312553882602 0.24660515785217288 0.42126683890819555 0.24612163752317431 0.34916566312313085 0.39528006315231329 0.36279271543025976 0.38020673394203192 0.36753095686435705 0.22417488694190982 0.23683736473321917 0.36890326440334326 0.16120617836713794 0.22808807343244555 0.22742586582899096 0.48981106281280523 0.22386372834444049 0.23465987294912341 0.23359713703393939 0.22474194318056109 0.22557690739631656 4.5000000000000009 0.28225387632846838 0.22627015411853793 0.36040598154067999 0.22273061424493792 0.2233121916651726 0.22372368723154071 0.38154880702495581 0.15911962836980822 0.52515390515327465 0.26667550206184393 0.21896186470985415 0.25760774314403539 0.22192137688398364 0.22113187611103061 0.55594193935394298 0.20894466340541842 0.54747599363327037 0.21972625702619555 0.39873640239238745 0.24915748089551928 0.39730471372604376 -0.34846766293048853 0.33991539478302008 0.35679730772972112 0.35287474095821386 0.20829313248395923 0.21684378385543826 0.66384690999984752 0.3365717232227326 0.21663307398557666 0.46627688407897955 0.2134855389595032 0.32325705885887152
decision_type=2 2 2 2 2 2 2 2 2 2 2 2 2 2 2 2 2 2 2 2 2 2 2 2 2 2 2 2 2 2 2 2 2 2 2 2 2 2 2 2 2 2 2 2 2 2 2 2 2 2 2 2 2 2 2 2 2 2 2 2 2 2
left_child=1 7 5 31 -5 -2 -4 36 10 48 12 -12 13 -7 22 -15 -17 18 -18 20 21 27 54 32 25 26 -25 -20 29 30 -28 -3 37 -34 -35 -16 -1 38 39 -24 43 42 46 45 -45 47 -41 -39 49 50 -10 57 -52 -50 -14 56 -47 -51 59 60 -56 -62
right_child=2 3 6 4 -6 8 -8 -9 9 -11 11 -13 14 15 35 16 17 -19 19 -21 -22 -23 23 24 -26 -27 28 -29 -30 -31 -32 -33 33 34 -36 -37 -38 40 -40 41 -42 -43 -44 44 -46 55 -48 -49 53 51 52 -53 -54 -55 58 -57 -58 -59 -60 -61 61 -63
leaf_value=0.042039960210589339 -0.07220864689615164 0.053123409099299572 -0.086321137564761286 -0.059380670711435546 0.01377515263209091 -0.11133814249152366 -0.020806945244325761 -0.1454604954534334 -0.095613983815176565 0.081893576688389924 -0.096790535435647501 0.026398957065162421 -0.070460587320556808 0.037735760350354169 0.10048689143137951 -0.11516973820367707 0.094840183918543097 -0.093865535562201188 0.057247675111376364 0.017951697010197814 -0.047577057101704304 0.10715289664694397 -0.082927192466219893 -0.082645285403006655 -0.093982205516417616 0.10834226186316019 0.076821454997563085 -0.0492667281699826 -0.087871194422604645 -0.10597475647602268 -0.028116198114588965 0.00043891733897878367 0.10564088373455571 -0.041563452653219389 0.062408257622199363 0.025397933880877129 0.010643263187571797 -0.0086355719770348748 -0.0078364106505644342 0.081668291958118533 0.022893948352927792 -0.091974628863610963 0.11549164296793127 -0.0022810922631880544 0.062872059835343691 -0.053820609177329531 -0.048155513462463023 0.038629460387542225 -0.035845595289372534 0.069096584297479641 -0.073357721488586061 0.10209035238220232 0.046972975923059983 0.038558514397247674 -0.031429000216483351 0.032969788700055395 0.029086330162998809 -0.11119654992813194 -0.0030334560268749223 0.038484882692602078 -0.073413628862833522 0.017362069633434705
leaf_weight=1274.1015235036612 386.08501952514052 460.74019124172628 582.34416090510786 499.94478764943779 18816.170366736129 346.79230183362961 1306.3413490839303 68.494597721844912 222.73806952498853 642.61544401757419 389.00791181623936 158.58019537292421 235.64052814990282 753.7134728487581 287.71303827129304 195.90880481898785 148.69580476172268 278.90991657227278 168.95343896001577 1001.0661379415542 1744.8711162731051 158.00021688826382 1087.5766111128032 559.58007039874792 486.01417446136475 127.76100135594606 311.04721297696233 399.65276713483036 336.1332786232233 182.4519794434309 2314.9575169309974 346796.6691449713 232.5519735775888 268.7027233671397 197.54464605078101 854.07069005444646 23276.611926307902 3936.1163579747081 8508.9033433459699 103.85592711530626 2321.2132783923298 109.66126913577318 176.40801482833922 7740.5410514008254 712.64645132422447 1958.4876845143735 227.75147019140422 567.64954053796828 941.27665115334094 72.319503644481301 112.88286891579628 442.24979978241026 302.63418404385448 260.86300212331116 2606.404146630317 186.96010689437389 180.53646838665009 60.209510579705238 102767.0274902992 3388.4832242000848 375.8540758099407 3242.4676947072148
leaf_count=13300 2229 2512 3920 4993 213221 1850 7936 537 1226 4029 2108 900 1446 4446 1793 968 923 1455 1222 6577 9835 865 6241 3252 2505 539 1671 2343 2627 762 12139 2189114 1130 1717 1241 5951 195484 21811 46898 589 12983 544 963 44754 4145 10820 1473 3371 5650 590 580 2726 2006 1433 15747 1077 1100 328 596163 19735 2075 20418
internal_value=-9.78658e-06 0.00178289 -0.00445756 0.00110812 0.0118787 -0.00401375 -0.0410421 0.0118296 -0.00384385 0.0186531 -0.00429554 -0.0611321 -0.0040901 -0.0198255 -0.00353216 -0.0132601 -0.0226507 -0.0179751 -0.0121056 -0.0167111 -0.0307528 0.00965896 -0.00390866 -0.0096616 -0.0389816 -0.031983 -0.0368509 -0.0175725 -0.0286781 -0.0215648 -0.0156619 0.000508972 -0.00522087 0.0369444 0.00252767 0.0443906 0.0122743 -0.00628136 -0.014596 -0.048301 -0.00145652 0.0127027 0.0354349 -0.00515619 0.00321844 -0.0155204 -0.00737278 -0.00267109 0.00179949 0.0230861 -0.0242221 0.0755696 0.0141853 -0.0196814 -0.00223122 -0.0403886 -0.0468128 -0.0130321 -0.00208753 0.00802384 -0.00856141 0.00791504
internal_weight=548862 391193 157669 366574 19316.1 155781 1888.69 24619.2 155395 3057.79 152337 547.588 151789 5196.56 146593 4849.77 4096.06 3900.15 3621.24 3472.54 2471.48 726.606 145451 32835.1 4317.95 3831.93 3704.17 568.606 3144.59 2808.46 2626 347257 28517.1 698.799 466.247 1141.78 24550.7 27818.3 10214.2 1705.25 17604.2 617.677 508.015 15282.9 8453.19 6829.75 331.607 4503.77 2415.17 1213.03 638.255 574.779 415.517 1202.14 112616 2325.98 2139.02 132.529 112380 9613.21 6224.73 3618.32
internal_count=3532986 2619161 913825 2409840 218214 901969 11856 209321 899740 18568 881172 3008 878164 30484 847680 28634 24188 23220 21765 20842 14265 4430 839936 184352 23495 20990 20451 3565 17199 14572 13810 2191626 160857 4088 2958 7744 208784 156769 56708 9810 100061 3569 3025 87078 48899 38179 2062 25182 14539 7456 3812 3644 2586 7083 655584 12997 11920 918 654138 57975 38240 22493
is_linear=0
shrinkage=0.05


Tree=56
num_leaves=63
num_cat=0
split_feature=0 0 0 1 1 0 1 1 0 12 9 1 9 1 0 9 9 9 8 9 11 8 8 8 1 9 9 9 8 11 9 8 9 9 8 8 9 11 8 8 8 11 8 11 11 8 8 9 8 1 8 11 11 1 1 9 8 9 9 9 11 9
split_gain=6127.12 3721.3 1886.34 1562.47 1096.89 885.876 872.431 812.556 566.606 487.916 574.365 483.321 478.331 448.753 406.743 328.703 356.809 349.037 347.963 290.506 225.169 219.13 213.511 398.373 212.708 203.593 241.154 215.586 443.914 436.809 244.623 222.547 197.843 175.112 406.666 297.718 166.636 166.484 158.319 158.088 262.433 156.232 149.535 181.565 126.874 119.077 115.555 185.257 112.953 110.812 104.52 105.273 151.149 101.525 100.035 97.3343 97.2303 497.036 142.463 295.193 90.1249 89.6485
threshold=1.5000000000000002 -2.4999999999999996 -1.0000000180025095e-35 1050.5000000000002 712.50000000000011 2.5000000000000004 1080.5000000000002 1410.5000000000002 -1.4999999999999998 1.0000000180025095e-35 0.33949495851993566 80.500000000000014 0.41682600975036627 382.50000000000006 1.0000000180025095e-35 0.20178101211786273 0.31948421895504003 0.30191217362880712 0.57491090893745433 0.47105844318866735 -1.0962244868278501 0.44034637510776525 0.44098128378391271 0.43866007030010229 17.500000000000004 0.22679615020751956 0.29552344977855688 0.28810557723045355 0.49985919892787939 0.39015246927738195 0.25309312343597418 0.52896222472190868 0.48604546487331396 0.33173237740993505 0.4355714619159699 0.42793531715869909 0.31515826284885412 -1.1302148103713987 0.48019985854625707 0.29661081731319433 0.28225387632846838 -0.11468073353171347 0.46895973384380346 0.61536902189254772 -0.3205008059740066 0.52096745371818554 0.50401070713996898 0.22679615020751956 0.41798743605613714 382.50000000000006 0.59168273210525524 -0.39941892027854914 -0.99717843532562245 1710.5000000000002 682.50000000000011 0.37714664638042456 0.40256786346435552 0.39077325165271765 0.39730471372604376 0.40078683197498327 0.27841469645500189 0.59058597683906566
decision_type=2 2 2 2 2 2 2 2 2 2 2 2 2 2 2 2 2 2 2 2 2 2 2 2 2 2 2 2 2 2 2 2 2 2 2 2 2 2 2 2 2 2 2 2 2 2 2 2 2 2 2 2 2 2 2 2 2 2 2 2 2 2
left_child=1 6 7 54 11 12 -1 8 13 55 15 -4 50 -3 36 -11 17 18 25 -7 61 -19 23 33 -10 -17 27 28 -27 30 -30 45 -22 -18 35 48 46 -26 -23 44 -12 -20 43 -28 -9 52 -13 -48 -35 -16 51 -5 -32 -29 -2 -6 57 -42 -59 -60 -49 -8
right_child=3 2 4 5 9 19 20 39 24 10 40 14 -14 -15 49 16 22 21 41 -21 32 38 -24 -25 37 26 42 53 29 -31 31 -33 -34 34 -36 -37 -38 -39 -40 -41 56 -43 -44 -45 -46 -47 47 60 -50 -51 -52 -53 -54 -55 -56 -57 -58 58 59 -61 -62 -63
leaf_value=-0.045592751030944949 0.049709122182927813 -0.037987763966636424 0.042131719015227914 0.033844520364855961 2.7020564685284367e-05 0.041021074289706895 -0.041554366650750012 -0.0050465522324024776 -0.037987763966636424 0.01552715455247272 -0.0050465522324024776 0.016767837800937921 0.00025579415494129807 -0.013736905902555023 0.039041302333247214 0.01552715455247272 0.01552715455247272 0.01552715455247272 0.01552715455247272 0.00025579415494129807 -0.013736905902555023 -0.0020317873702267136 0.01552715455247272 -0.0020317873702267136 -0.013736905902555023 0.01552715455247272 -0.0020317873702267136 0.01216143952299255 0.01552715455247272 -0.0020317873702267136 0.033844520364855961 -0.0020317873702267136 -0.045929680911587854 -0.0020317873702267136 0.01552715455247272 -0.0020317873702267136 0.0024374356614104537 -0.0050465522324024776 0.01552715455247272 -0.0020317873702267136 0.010730817618324522 -0.0020317873702267136 0.01552715455247272 0.01552715455247272 -0.013736905902555023 0.01552715455247272 0.016767837800937921 0.014000157216209045 0.01552715455247272 0.016767837800937921 0.032993414015009402 0.01552715455247272 0.0026580586153159384 -0.0020317873702267136 0.037036299167692549 -0.0020317873702267136 -0.0020317873702267136 -0.0020317873702267136 0.01552715455247272 0.00025579415494129807 -0.0050465522324024776 -0.013736905902555023
leaf_weight=4758.8766971454024 4419.1281357463449 2204.5977831669152 1324.304236697033 854.64086201973259 97889.88854650408 3715.4084917586297 1149.7520155236125 4413.2137997373939 345.64243961498141 5006.5175977088511 8482.2534394487739 2529.9475231356919 2022.1302793063223 14146.265607766807 1520.1291694473475 1554.3647267445922 2811.0055700130761 562.48781084269285 812.62133597955108 244.58551240339875 5093.2910296544433 12137.387416221201 6300.9689304567873 1066.6743786334991 4594.4285432472825 5721.6187951937318 962.30407884344459 1562.2335272282362 4376.7598966509104 8311.6734928973019 223.44860070198774 803.1258448548615 476.96298070251942 362.39890724420547 901.5294932462275 1657.7327309958637 9948.4003236927092 44547.758393861353 608.84964961931109 111314.98874719441 16736.260394077748 2909.5770864337683 2616.3708716407418 299.97754872217774 4744.784592077136 1185.5263542495668 1056.3062292970717 620.26838851720095 1416.2011650502682 2857.4060660656542 856.31318516470492 8638.7797672115266 4182.3597397580743 2837.9343776702881 2433.6840906180441 52214.59526206553 20958.512896351516 4169.9074467867613 2011.8002707138658 32710.763856291771 1057.9659444987774 37.082893740385771
leaf_count=98528 173222 37169 31708 15363 472630 104164 14724 21817 4533 45495 37466 21391 25680 107593 46267 11188 20177 3878 5961 4236 53524 77322 43526 6760 22068 43131 6647 12047 32174 60594 1619 5687 5927 2533 5868 10388 71100 202878 4307 480335 98285 22514 18634 2369 22382 8140 9239 5179 9483 54348 15352 142929 28043 18847 85138 212939 117321 21926 10566 167572 8886 458
internal_value=2.36361e-05 -0.00108701 -0.000456703 0.0251776 0.00182958 0.0167678 -0.0291952 -0.00447284 -0.00893944 0.00107326 0.00302891 0.0129079 0.010178 -0.0170088 0.0109303 0.00634256 0.00537052 0.00342446 0.00589577 0.0373481 -0.0176417 -0.00203179 0.0122964 0.00639286 -0.00627303 0.00770029 0.00660922 0.00500372 0.00691285 0.00309253 0.0101294 0.00349648 -0.0137369 0.0128295 0.0048996 -0.00203179 0.00624465 -0.00599168 -0.00203179 -0.00203179 0.000255794 -0.00203179 0.0155272 -0.00203179 -0.00860077 0.009563 0.0134374 0.00549582 0.0155272 0.0167678 0.0155272 0.0155272 0.00490886 -0.00203179 0.0452146 -0.000962617 0.000255794 0.000255794 0.000255794 0.000255794 -0.00504655 -0.0374184
internal_weight=548293 525108 513592 23184.7 327280 16331.9 11516 186312 65838.7 306366 156261 20914.7 12371.9 16350.9 19590.4 71191.6 66185.1 51668.6 38359.9 3959.99 6757.09 13308.7 14516.5 8215.54 49487.8 34637.7 33083.3 29204.7 24804.5 19082.9 10771.2 6394.46 5570.25 7148.87 4337.86 3436.33 15212.9 49142.2 12746.2 120473 85069.5 3722.2 3878.65 1262.28 9158 5591.33 5264.49 2734.54 1778.6 4377.54 10349.7 9493.42 4405.81 4400.17 6852.81 150104 76587.2 55628.7 38892.5 34722.6 1678.23 1186.83
internal_count=3532175 2966091 2792930 566084 1894155 307724 173161 898775 374241 1646037 960468 248118 199324 144762 216410 507332 461837 363102 277595 108400 74633 85507 98735 55209 229479 249120 237932 210282 179388 136257 75663 43489 59451 48449 28272 22404 115795 224946 81629 524534 453136 28475 27650 9016 44199 37802 44695 23304 12016 100615 173644 158292 29662 30894 258360 685569 415670 298349 200064 178138 14065 15182
is_linear=0
shrinkage=0.05


Tree=57
num_leaves=63
num_cat=0
split_feature=0 0 0 1 1 0 1 1 1 0 1 9 1 9 9 9 9 11 1 9 8 1 10 10 9 9 9 10 9 10 9 10 9 10 10 9 5 9 9 9 0 9 10 11 10 10 11 11 9 9 8 10 9 8 9 10 8 8 10 11 1 0
split_gain=5661.23 3374.6 1606.32 1536.04 1079.46 889.553 854.08 737.713 564.333 486.035 494.4 385.623 316.074 302.428 296.31 238.574 235.286 217.309 213.951 211.109 196.75 196.197 180.919 334.341 243.186 208.008 161.937 179.251 256.141 158.626 157.79 140.649 135.759 132.021 211.969 172.375 129.354 127.34 134.637 122.556 118.077 482.005 184.937 115.047 124.882 234.898 213.877 177.244 158.057 147.025 164.027 174.345 161.441 359.295 108.76 102.946 102.436 101.254 156.455 100.13 99.0454 341.371
threshold=1.5000000000000002 -2.4999999999999996 -1.0000000180025095e-35 1040.5000000000002 390.50000000000006 2.5000000000000004 1080.5000000000002 1639.5000000000002 1890.5000000000002 -1.4999999999999998 531.50000000000011 0.3504349440336228 80.500000000000014 0.25124679505825048 0.20509092509746554 0.47105844318866735 0.30191217362880712 -1.2159600257873533 2550.5000000000005 0.48604546487331396 0.45519419014453893 50.500000000000007 0.21842505037784579 0.21301037073135379 0.22503719478845599 0.22503719478845599 0.44720508158206945 0.22612502425909045 0.48604546487331396 0.23291677981615069 0.44334584474563604 0.21927379071712497 0.45885890722274786 0.23491215705871585 0.23905507475137713 0.43506775796413427 31.500000000000004 0.51199921965599071 0.44970461726188665 0.53198191523551952 -3.4999999999999996 0.49399314820766455 0.1970353573560715 -1.0962244868278501 0.21738760173320773 0.22067216038703921 1.5971182584762575 0.077247392386198058 0.34448260068893438 0.38367605209350591 0.36279271543025976 0.23465987294912341 0.29002763330936437 0.50498071312904369 0.25124679505825048 0.19198419153690341 0.31539092957973486 0.59168273210525524 0.18649337440729144 0.58007952570915233 712.50000000000011 1.0000000180025095e-35
decision_type=2 2 2 2 2 2 2 2 2 2 2 2 2 2 2 2 2 2 2 2 2 2 2 2 2 2 2 2 2 2 2 2 2 2 2 2 2 2 2 2 2 2 2 2 2 2 2 2 2 2 2 2 2 2 2 2 2 2 2 2 2 2
left_child=1 6 7 60 12 11 -1 9 16 10 -3 18 -4 -10 -9 -7 -6 55 20 40 -5 -11 23 24 -16 -25 -24 39 29 -29 36 -22 61 -15 41 59 43 38 -27 -28 42 -35 -19 -23 47 -46 49 48 -45 52 51 -51 53 -47 -26 -8 -44 -49 -59 -36 -2 -14
right_child=3 2 4 5 8 15 17 14 13 21 -12 -13 32 33 22 -17 -18 19 -20 -21 31 30 26 25 54 37 27 28 -30 -31 -32 -33 -34 34 35 -37 -38 -39 -40 -41 -42 -43 56 44 45 46 -48 57 -50 50 -52 -53 -54 -55 -56 -57 -58 58 -60 -61 -62 -63
leaf_value=-0.044882645160684034 0.049273640296441018 -0.031913703586612573 0.04191149795342234 0.037372618177119808 0.0086091057356103371 0.040505609988401275 -0.011055100182312897 0.0044828670160974486 0.0050250638682800136 -0.030960453583972571 -0.011055100182312897 0.0044828670160974486 0.011395355798459373 -0.00083547209391686666 -0.011055100182312897 0.0044828670160974486 0.0028847727335042589 -0.011055100182312897 0.0050250638682800136 -0.044857998871122795 0.024062485294575414 -0.011055100182312897 -0.00083547209391686666 0.0050250638682800136 0.0050250638682800136 -0.011055100182312897 -0.00083547209391686666 -0.011055100182312897 -0.03911313085123394 -0.00083547209391686666 -0.011055100182312897 0.0086091057356103371 -0.005524420956449002 0.0044828670160974486 -0.00083547209391686666 0.0044828670160974486 0.0028847727335042589 -0.034865848386985927 -0.00083547209391686666 -0.03911313085123394 -0.011055100182312897 -0.03911313085123394 -0.011055100182312897 0.0028847727335042589 0.0028847727335042589 0.0028847727335042589 0.0028847727335042589 -0.011055100182312897 -0.011055100182312897 0.0028847727335042589 0.0028847727335042589 -0.011055100182312897 -0.0095622436364201369 -0.011055100182312897 -0.0011278605276694301 -0.044343952321748682 -0.050513968607423604 -0.011055100182312897 0.0028847727335042589 0.0044828670160974486 0.035949145673786854 0.038901046328128422
leaf_weight=4571.0078608430922 4405.3988792672753 3430.1517129279673 1273.6816636994481 1587.4231865052134 24902.858401600271 3629.339336078614 39.082285527139902 3673.3928899466991 24668.096445716918 753.01735224202275 16528.081631973386 4862.8559281863272 5321.2206592075527 150608.71775268763 2191.0720487535 248.81532762758434 64302.932995876297 78.964796651154757 1737.7990279607475 482.50152032822371 2554.1903654932976 3577.8453527912498 69281.496811702847 263.43788330256939 3148.2362658381462 8393.3714734464884 3696.8995186462998 1764.0909402519464 737.81384101510048 975.48005107045174 8172.016581594944 1494.565965179354 742.99021558091044 21435.353904210031 28102.81027623266 1603.6633731499314 3285.9917192235589 757.90437923371792 1639.1907196119428 145.57115110754967 4439.7251296825707 163.42308941483498 51.79076211899519 3071.5219468176365 2812.7280856892467 2175.1972417756915 1082.047005943954 4900.312836997211 712.42614831030369 2129.4588285982609 3062.9796166867018 2174.7675981298089 18627.670228496194 1173.9167548567057 10098.42811242491 897.28753405064344 652.75084970891476 800.01349575817585 635.49068408459425 2569.6634951680899 2064.0571560189128 1431.0493610911071
leaf_count=98614 180866 51835 31677 29859 199113 105928 459 16536 160090 8617 115004 70483 51811 732384 9029 4347 402936 786 24548 6246 48136 16463 294739 1100 13004 36403 17248 8051 3605 4340 38850 27672 9131 105385 136242 6937 14401 3768 7649 711 42194 633 933 13112 12507 9171 5062 21431 3288 9756 13595 9867 82460 5031 45424 12087 11882 3555 2804 14768 74545 45095
internal_value=-6.05103e-05 -0.00111653 -0.000523398 0.02445 0.00158561 0.0161862 -0.0282499 -0.00423514 0.00110889 -0.0078946 -0.0146414 0.00957133 0.0188907 -0.000204568 -0.00152372 0.0370504 0.00448287 -0.0167984 0.0176619 -0.0131301 0.0224551 -0.00561779 -0.00219173 -0.00575338 -0.000936743 -0.0110551 -0.000959914 -0.00828276 -0.0110551 -0.0107907 -0.00529046 0.0165986 0.0149737 -0.000835472 0.00163964 -0.000835472 -0.00423638 -0.0110551 -0.0110551 -0.000835472 -0.0110551 0.00448287 -0.0305847 -0.00493513 -0.00418627 -0.00270549 -0.00442552 -0.00904921 0.000252539 -0.00569614 0.000416582 -0.00739516 -0.00774521 0.0023609 -0.000835472 -0.0391131 -0.0439118 -0.0110551 0.00288477 -0.000835472 0.0450287 0.0161862
internal_weight=546796 524212 512998 22584.4 327126 16115 11213.1 185872 318358 79105.6 19958.2 12236.8 8768.94 229152 106766 3878.15 89205.8 6642.1 7373.98 5705.73 5636.18 59147.4 103093 26491.6 15437.7 11053.9 76601.4 7319.86 3477.38 2739.57 58394.4 4048.76 7495.26 204484 53874.9 32276.1 50222.4 10790.5 10032.6 3842.47 5223.23 21598.8 783.506 46936.4 43358.5 33238.8 30426 10119.8 3783.95 29344 7367.21 4304.23 21976.8 3349.11 13246.7 936.37 704.542 6335.82 1435.5 30672.5 6469.46 6752.27
internal_count=3534203 2967819 2794618 566384 1896202 310973 173201 898416 1758488 436809 166839 200698 137714 1156439 461607 110275 602049 74587 130215 62041 105667 269970 445071 116377 67457 48920 328694 33955 15996 12391 261353 75808 106037 996349 263965 157947 222503 47820 44052 17959 55795 106018 13601 208102 191639 147449 134942 44190 16400 129880 33218 19623 96662 14202 58428 12546 12815 27790 6359 151010 255411 96906
is_linear=0
shrinkage=0.05


Tree=58
num_leaves=63
num_cat=0
split_feature=0 0 1 0 1 1 0 1 0 1 1 9 0 9 9 9 9 9 1 8 9 1 9 9 9 11 10 10 9 9 1 1 9 1 9 9 9 9 9 9 9 9 9 9 10 9 9 9 9 1 11 9 9 9 9 9 1 10 0 8 9 9
split_gain=5252.45 3062.91 1523.86 1465.84 987.026 868.061 832.652 713.22 484.73 486.594 468.118 425.781 407.498 343.008 259.371 246.622 270.189 303.8 208.796 207.67 187.731 186.463 291.494 238.228 296.308 176.654 175.926 303.047 223.023 161.285 151.3 148.385 140.515 132.285 123.166 164.394 539.768 133.665 308.242 163.026 205.609 125.103 183.198 130.701 118.902 112.643 111.874 165.475 106.857 104.009 103.466 101.4 171.362 101.061 100.563 207.239 96.4353 184.581 116.781 79.6291 128.749 79.2918
threshold=1.5000000000000002 -2.4999999999999996 1040.5000000000002 -1.0000000180025095e-35 801.50000000000011 1250.5000000000002 2.5000000000000004 1758.5000000000002 -1.4999999999999998 307.50000000000006 120.50000000000001 0.41682600975036627 1.0000000180025095e-35 0.39077325165271765 0.47105844318866735 0.3879420012235642 0.39528006315231329 0.39969487488269811 17.500000000000004 0.38338065147399908 0.29452873766422277 2118.5000000000005 0.38589408993721014 0.19466029852628711 0.19466029852628711 -1.2159600257873533 0.22612502425909045 0.23628672212362292 0.40453578531742101 0.45885890722274786 682.50000000000011 2567.5000000000005 0.38589408993721014 600.50000000000011 0.3340155184268952 0.36557076871395117 0.37714664638042456 0.32093408703804022 0.32264570891857153 0.30191217362880712 0.29552344977855688 0.32579620182514196 0.32789349555969244 0.33253425359725958 0.22445815801620486 0.48604546487331396 0.28810557723045355 0.28290471434593206 0.40453578531742101 451.50000000000006 -1.842118442058563 0.26811902225017553 0.26128967106342321 0.41056445240974432 0.25309312343597418 0.23308694362640384 742.50000000000011 0.23743416368961337 2.5000000000000004 0.32536515593528753 0.42303735017776495 0.21753472089767459
decision_type=2 2 2 2 2 2 2 2 2 2 2 2 2 2 2 2 2 2 2 2 2 2 2 2 2 2 2 2 2 2 2 2 2 2 2 2 2 2 2 2 2 2 2 2 2 2 2 2 2 2 2 2 2 2 2 2 2 2 2 2 2 2
left_child=1 5 56 7 10 33 11 8 9 -3 -5 21 29 22 -8 24 -15 -18 -10 -17 -11 -4 23 -6 -9 -7 28 -28 -19 59 -22 -30 -26 -1 37 -36 -37 39 -39 40 46 -40 -43 -44 -33 -27 47 51 -20 -14 -31 52 54 57 55 61 -2 -29 -58 -12 -61 -25
right_child=2 3 6 4 13 25 14 15 18 20 12 -13 49 16 -16 19 17 26 48 -21 30 -23 -24 34 32 45 27 53 31 50 -32 44 -34 -35 35 36 -38 38 41 -41 -42 42 43 -45 -46 -47 -48 -49 -50 -51 -52 -53 -54 -55 -56 -57 58 -59 -60 60 -62 -63
leaf_value=-0.049970978227529605 0.048920572448083066 -0.040265162943126924 0.021590889762589605 0.034926542151271583 0.0102654700937396 -0.037748815589289469 0.039917043965541493 0.0102654700937396 -0.040265162943126924 -0.0050245237543316583 0.015599226591531233 0.00068171839069826096 0.033914037902655673 -0.0049675142427893955 0.00068171839069826096 -0.0049675142427893955 0.010991166905322293 0.010991166905322293 -0.0049675142427893955 -0.013538161206434446 -0.02641444725159512 0.010991166905322293 0.010991166905322293 0.0045074271434811814 -0.00057774643007216882 -0.013538161206434446 -0.0049675142427893955 0.010991166905322293 0.00068171839069826096 0.015599226591531233 -0.012606360150103482 -0.0049675142427893955 0.010991166905322293 -0.034169337473902321 -0.00057774643007216882 0.010134026881724675 -0.00057774643007216882 0.010991166905322293 -0.00057774643007216882 -0.00057774643007216882 0.010681264686451438 0.010991166905322293 -0.00057774643007216882 0.010991166905322293 0.00068171839069826096 -0.043257816099127988 -0.00057774643007216882 0.010519044538488981 -0.0091740949854011954 0.015599226591531233 -0.0091740949854011954 -0.00057774643007216882 0.010991166905322293 0.00068171839069826096 -0.00057774643007216882 0.0084359228631345536 0.023641467216777415 -0.0049675142427893955 0.049078480570392637 0.007115755287773533 -0.0091740949854011954 -0.00057774643007216882
leaf_weight=2547.6461342889816 4358.5835198499262 1613.4129192903638 5305.7780552655458 1900.1631115116179 7440.3365845568478 752.75475960969925 3486.3401133399457 2399.0102347880602 331.19010047242045 5654.5012736953795 402.93525632098317 2015.1083081811666 1670.7582216225564 5185.5301857963204 245.01382957957685 29395.057966724038 5129.4102877601981 1508.1938774809241 48847.309154331684 857.95236444473267 2364.4956739582121 4768.5252523161471 6365.5908767879009 7677.025592353195 65507.225859493017 4451.8739530406892 24884.736163280904 585.66674736887217 19108.160893026739 196.50743610411882 12340.416223786771 19719.102221861482 857.72937977313995 2786.886619001627 49277.058053679764 15355.34701673314 11170.113272819668 2215.7420222535729 4341.0208245888352 28896.886210270226 7341.2081492953002 3338.2956674173474 6964.4627163819969 2524.9781646877527 2185.4620431065559 395.91183336079121 8677.1837709769607 6257.3071441836655 15108.967886783183 3415.388221770525 1811.9272440187633 14277.294121120125 5333.048583779484 8184.3393401280046 6143.9901390224695 12070.340062633157 999.48650365136564 3015.3628067299724 827.23103372380137 14353.279549051076 873.460075519979 6840.0908865891397
leaf_count=61314 187212 30371 107755 46823 59984 10037 105607 11082 4602 33769 2489 25833 51640 24218 4286 133140 24402 7377 215791 4040 28412 67062 31883 52956 274944 46267 112937 2702 90269 1224 86584 82023 3560 50899 248655 76961 55093 12636 24683 159563 46176 19880 38337 13744 9153 5169 52777 39324 71138 57070 10573 87643 32963 37922 38174 77385 35135 13686 32480 104804 5537 42279
internal_value=-0.000100703 -0.00110787 0.0238279 -0.000548523 0.00146656 -0.0272907 0.0155992 -0.00410103 -0.00742469 -0.0135382 0.011092 0.00922505 0.00909757 0.000681718 0.0362433 -0.00120552 -0.00120552 -0.000800016 -0.00523146 -0.00496751 -0.0117451 0.0145827 0.00181061 0.00148218 0.000449628 -0.0135382 -0.00156389 -0.00410155 0.000624636 0.00500541 -0.0135382 -0.000189804 -0.000270048 -0.0417238 0.00115324 -0.000431826 0.00336614 0.00213088 0.00594124 0.00141729 0.00273639 0.00240739 0.00544768 0.0015143 -0.00360276 -0.0135382 0.0018693 0.00283509 -0.00502452 0.0155992 -0.00502452 0.00191632 0.00332264 0.000681718 0.00196458 0.00359507 0.0448692 -0.00496751 0.0351812 0.00677902 0.0059585 -0.00043018
internal_weight=544856 522850 22006.1 511915 326638 10935.1 15820.8 185277 86260.3 21972.8 24624.4 12089.4 22724.3 302013 3731.35 99017 89506 84320.4 64287.5 30253 20359.4 10074.3 212507 206142 68764 5600.54 79191 36670.1 42520.9 17638.1 14704.9 41012.7 66365 5334.53 198701 75802.5 26525.5 122899 19384.5 103514 74617.5 17168.8 12827.7 9489.44 21904.6 4847.79 67276.3 58599.1 63956.3 5086.15 2008.43 52341.8 38064.5 11785.4 32731.4 26587.5 6185.3 3601.03 1826.72 15629.7 15226.7 14517.1
internal_count=3532434 2967064 565370 2793378 1895945 173686 310543 897433 470667 179136 280160 200650 233337 1615785 109893 426766 404689 380471 291531 137180 148765 174817 1211096 1179213 289586 61473 356069 167247 188822 124627 114996 181445 278504 112213 1119229 380709 132054 738520 109280 629240 469677 96644 71961 52081 91176 51436 423501 370724 286929 108710 11797 331400 243757 54310 210794 172620 254827 16388 67615 112830 110341 95235
is_linear=0
shrinkage=0.05


Tree=59
num_leaves=63
num_cat=0
split_feature=9 8 8 10 11 10 9 10 8 10 10 11 10 8 8 8 10 9 10 8 8 10 8 9 10 10 10 8 10 9 8 8 10 10 10 8 10 11 10 10 10 10 10 8 10 10 10 10 10 9 9 10 10 10 10 10 8 9 10 10 10 10
split_gain=1299.02 945.182 874.786 996.797 860.927 815.35 744.836 1072.33 854.412 740.773 708.101 676.203 610.265 1092.27 810.2 1059.9 543.215 1203.95 687.274 615.349 542.187 526.966 487.223 428.467 1539.44 669.562 912.516 525.529 1176.59 509.895 1092.35 888.463 861.954 675.249 601.637 716.67 666.264 583.112 479.921 759.62 662.444 527.093 836.129 507.504 469.83 578.462 459.828 694.282 467.381 455.051 921.538 1019.13 887.427 829.053 667.002 592.827 590.967 953.49 1054.06 796.835 579.135 708.032
threshold=0.39191363751888281 0.38402423262596136 0.59168273210525524 0.19319908320903781 1.7689400315284731 0.19427843391895297 0.22679615020751956 0.18845019489526751 0.56198832392692577 0.19051928073167804 0.17251890897750857 -0.24483320862054822 0.19618484377861026 0.53703176975250255 0.55339130759239208 0.57117900252342235 0.24660515785217288 0.42126683890819555 0.24612163752317431 0.34916566312313085 0.58839616179466259 0.1970353573560715 0.36040598154067999 0.48981106281280523 0.22386372834444049 0.23465987294912341 0.23359713703393939 0.26667550206184393 0.22892133146524432 0.39528006315231329 0.36279271543025976 0.38020673394203192 0.24136773496866229 0.22417488694190982 0.23947858065366748 0.36753095686435705 0.23795686662197116 0.19799212366342547 0.2295363247394562 0.23131105303764346 0.22431967407464984 0.22627015411853793 0.22689916938543322 0.26263889670372015 0.22273061424493792 0.2233121916651726 0.22808807343244555 0.22742586582899096 0.22557690739631656 0.52515390515327465 0.51199921965599071 0.20600962638854983 0.20264781266450885 0.21956252306699756 0.21592911332845691 0.20932090282440188 0.252724438905716 0.55594193935394298 0.20894466340541842 0.21972625702619555 0.21392750740051272 0.21160219609737399
decision_type=2 2 2 2 2 2 2 2 2 2 2 2 2 2 2 2 2 2 2 2 2 2 2 2 2 2 2 2 2 2 2 2 2 2 2 2 2 2 2 2 2 2 2 2 2 2 2 2 2 2 2 2 2 2 2 2 2 2 2 2 2 2
left_child=2 10 3 6 5 -5 7 -1 -8 -9 -2 -3 13 -7 -15 -16 18 -18 23 -20 -11 -6 -14 29 44 26 27 38 -29 30 -12 -31 33 -32 35 -35 37 46 40 -40 -26 43 -43 -42 49 -46 47 48 -37 50 51 -25 -52 54 -54 -53 57 59 -59 -51 61 -58
right_child=1 11 -4 4 21 12 8 9 -10 20 16 -13 22 14 15 -17 17 -19 19 -21 -22 -23 -24 24 25 -27 -28 28 -30 31 32 -33 -34 34 -36 36 -38 -39 39 -41 41 42 -44 -45 45 -47 -48 -49 -50 56 52 55 53 -55 -56 -57 60 58 -60 -61 -62 -63
leaf_value=-0.254147052646785 -0.071409422563855823 -0.084824031806208094 0.011332782368885503 0.056215123092331815 -0.073573062460477387 0.10047346953459316 -0.12016896315603219 0.068691068418823761 0.015895831675513752 -0.15943224526386762 -0.10545804570479696 -0.019373361595736466 0.052679450872007511 -0.14451469341988507 0.059034930278466437 -0.053116760881148653 0.0017237574087649592 0.080295225647899038 -0.093631302769365876 0.024307332188739816 -0.024651394712694199 0.023832816726619084 0.00073192646509468177 -0.1091564133280532 -0.078770897524732236 -0.091643827381864579 0.10481762696056751 -0.077498230783069472 0.0069957994285392983 -0.0018838700327915828 -0.1097325500997038 0.042978442421915675 0.062225487248108502 0.064684282642347338 -0.13145610685355436 0.054218372094278523 -0.13472889067979943 0.019882233329213156 -0.12345998792953124 -0.0068940075721684764 0.017961498509342873 -0.08398236691244107 0.042106104849231163 0.13493851371761684 0.10165794890899955 0.004122689543185897 -0.037009818548720673 0.10457628760914145 -0.04444754591613214 -0.031280818095170783 0.11814027841372526 0.041945288703492525 -0.033874217972500724 0.014891919009412039 -0.086651687994614146 -0.0044159501997482952 0.012543802094876775 -0.0011377564719640321 0.062117279401707762 0.032689270050990218 -0.042284023180533196 0.072825701230461976
leaf_weight=84.34745966270566 381.82161873206496 566.56472646445036 21294.824600774795 660.66986308991909 141.79158288054168 144.12928032875061 144.58556813374162 88.195465492084622 555.21101659536362 156.74932817369699 329.69407851621509 1298.0372457541525 450.94800579920411 173.41813024319708 265.96825252845883 999.44346577115357 2394.9855056665838 611.18172661215067 386.15117736160755 154.33521640114486 142.40283039584756 5094.6571039576083 356513.13569632545 213.8823628872633 191.46419744938612 488.49813402444124 121.46714865788817 1351.1100745201111 592.36325809173286 111825.92638771236 189.30679244175553 1113.6122273784131 365.24546540901065 293.85197594948113 104.34077717922628 168.77206153981388 114.03082136437297 1010.1372555699199 220.16906222701073 380.0652124825865 215.01671541109681 217.77434313297272 328.54269802197814 162.5029783975333 226.54402360133827 458.25821818970144 1992.5444519892335 150.76166032813489 408.91725474223495 4163.6903604529798 93.241557007655501 792.22695704549551 2229.4763569124043 630.43117674253881 818.81246588751674 5274.060082487762 3373.2979877982289 7660.8246640879661 719.53065302036703 550.4156463034451 393.59971982985735 568.45019862055779
leaf_count=641 2274 3907 186112 4434 1201 992 990 923 3786 920 1795 7941 2487 1217 2300 7100 14519 3965 2109 902 1268 74907 2329414 1123 1164 2571 514 7440 3036 655691 943 7719 2085 1544 889 1269 577 6793 1260 2291 1526 1175 1778 826 1131 2977 11211 842 2404 24005 588 4099 12625 3573 4654 29764 18557 44768 4210 3392 2397 2912
internal_value=-7.22651e-05 -0.00391929 0.00148178 0.000907994 0.00105607 0.000762627 -0.0451199 -0.0936106 -0.012348 -0.0580884 -0.00349191 -0.0392955 0.000660292 -0.0303065 -0.0434675 -0.0295164 -0.00332311 0.0177195 -0.00374203 -0.0599714 -0.0955696 0.0211817 0.000797698 -0.0035397 -0.00862951 -0.0366058 -0.0294716 -0.033957 -0.0517544 -0.00214135 -0.0175608 -0.00144114 -0.0115001 -0.0175876 -0.0134519 -0.0104461 -0.016203 -0.0125455 -0.0137765 -0.0497852 0.00563005 0.0231883 -0.00821723 0.0685376 -0.00438826 0.0364902 -0.0245868 0.00939833 -0.0155784 -0.00540817 -0.0138797 -0.00214579 -0.0334106 -0.0372829 -0.0480747 0.00164451 -0.000521924 -0.00581953 0.00430003 -0.0238064 0.0154766 0.0212535
internal_weight=543206 156296 386910 365616 364444 359208 1171.49 471.695 699.797 387.348 154431 1864.6 358547 1582.96 1438.83 1265.41 154050 3006.17 151043 540.486 299.152 5236.45 356964 150503 32435.7 4268.97 3780.48 3659.01 1943.47 118067 5127.6 112940 4797.91 4432.66 4243.36 4139.02 3845.16 3731.13 1715.54 600.234 1115.3 923.837 546.317 377.52 28166.7 684.802 2721 728.451 577.689 27481.9 10052.1 6280.17 3771.96 3678.72 3048.29 6066.29 17429.8 13094.5 8380.36 4714.11 4335.35 3941.75
internal_count=3532427 913735 2618692 2432580 2424052 2347944 8528 3752 4776 3111 901887 11848 2343510 11609 10617 9400 899613 18484 881129 3011 2188 76108 2331901 878118 184356 23581 21010 20496 10476 693762 30352 663410 28557 26472 25529 24640 23096 22519 10020 3551 6469 5305 2953 2352 160775 4108 15726 4515 3673 156667 56426 34986 21440 20852 17279 33863 100241 76375 48978 27397 23866 21469
is_linear=0
shrinkage=0.05


Tree=60
num_leaves=63
num_cat=0
split_feature=0 0 0 2 2 0 9 2 0 9 0 9 10 8 8 9 11 11 9 2 8 12 9 8 8 8 8 9 9 9 9 9 9 10 9 8 12 12 8 10 10 8 9 9 11 8 11 9 8 9 10 11 9 9 9 8 9 9 8 8 8 9
split_gain=4890.9 2912.7 1931.75 1484.87 827.942 788.888 662.461 524.912 317.183 258.917 260.215 257.956 239.566 450.992 591.245 255.193 225.526 199.119 185.947 185.308 159.816 152.332 197.352 232.085 267.296 188.264 143.752 137.207 243.67 213.338 209.249 124.626 122.363 107.379 180.246 108.12 143.428 159.686 137.183 276.435 152.564 132.253 123.264 106.178 152.207 143.507 137.65 124.426 106.143 443.538 243.797 177.888 165.455 156.283 135.387 187.607 195.736 189.033 125.663 158.969 105.801 654.48
threshold=2.5000000000000004 -2.4999999999999996 1.0000000180025095e-35 2.5000000000000004 2.5000000000000004 -1.4999999999999998 0.33949495851993566 2.5000000000000004 1.5000000000000002 0.32264570891857153 -1.0000000180025095e-35 0.29452873766422277 0.23608218133449557 0.43958365917205816 0.46077333390712744 0.21753472089767459 -0.4301683753728866 -1.2159600257873533 0.48604546487331396 2.5000000000000004 0.27788905799388891 3.5000000000000004 0.4609022736549378 0.3996726274490357 0.37428823113441473 0.35169780254364019 0.37821100652217871 0.13645498454570773 0.15266980975866321 0.17489672452211383 0.18096351623535159 0.32506214082241064 0.34226986765861517 0.18428492546081546 0.22045283764600757 0.30217108130455023 4.5000000000000009 2.5000000000000004 0.41391229629516607 0.22781910002231601 0.21927379071712497 0.32536515593528753 0.32579620182514196 0.20178101211786273 -0.012885787524282931 0.61535769701004039 0.10322542116045953 0.20990382134914401 0.48112049698829656 0.29643437266349798 0.21613498777151111 -0.008643344044685362 0.24096949398517611 0.27550190687179571 0.28290471434593206 0.48416106402873998 0.28810557723045355 0.29170815646648413 0.50498071312904369 0.50912511348724376 0.4489418119192124 0.32789349555969244
decision_type=2 2 2 2 2 2 2 2 2 2 2 2 2 2 2 2 2 2 2 2 2 2 2 2 2 2 2 2 2 2 2 2 2 2 2 2 2 2 2 2 2 2 2 2 2 2 2 2 2 2 2 2 2 2 2 2 2 2 2 2 2 2
left_child=1 4 5 6 17 7 12 11 20 -7 19 -3 15 -14 -15 27 -17 -1 -19 31 -5 -8 23 24 25 -23 -10 -4 -29 -30 -31 -11 -25 -6 -9 36 37 -21 40 42 41 -37 -40 44 45 -32 -45 -48 60 50 -50 -52 -53 58 -55 -56 -57 -58 -54 -60 61 -18
right_child=-2 2 3 8 33 9 21 34 26 10 -12 -13 13 14 -16 16 48 18 -20 35 -22 22 -24 32 -26 -27 -28 28 29 30 43 -33 -34 -35 -36 38 -38 -39 39 -41 -42 -43 -44 46 -46 -47 47 -49 49 -51 51 52 53 54 55 56 57 -59 59 -61 -62 -63
leaf_value=-0.037530251441284197 0.042546548627102519 0.00091930966784651517 0.042546548627102519 0.00091930966784651517 -0.016755248676119296 0.00091930966784651517 -0.00069867134571135884 0.00091930966784651517 0.018247439328485018 -0.0072311097909753073 -0.00069867134571135884 -0.0072311097909753073 0.038075978145349285 0.00091930966784651517 0.041390817685272904 0.020313689804180302 0.040604638079473537 -0.0073319388395156797 -0.042986889825559454 -0.016755248676119296 0.018247439328485018 0.028972528886004441 -0.00069867134571135884 0.042546548627102519 0.042546548627102519 -0.00069867134571135884 0.03907019280174566 0.00091930966784651517 0.042546548627102519 0.00091930966784651517 0.042546548627102519 -0.001956552587275662 -0.00069867134571135884 -0.043096579764127618 -0.016755248676119296 -0.00069867134571135884 -0.016755248676119296 -0.00069867134571135884 -0.016755248676119296 -0.016755248676119296 -0.0021032437942704978 -0.016755248676119296 -0.00069867134571135884 0.03506833796584085 0.042546548627102519 0.00091930966784651517 0.00091930966784651517 0.023531920710363592 0.00091930966784651517 0.042546548627102519 0.00091930966784651517 0.00091930966784651517 0.042546548627102519 0.00091930966784651517 0.00091930966784651517 0.042546548627102519 0.00091930966784651517 0.042546548627102519 0.00091930966784651517 0.029151774687273608 0.00091930966784651517 -0.00069867134571135884
leaf_weight=763.70262290537357 6653.9319353643805 7437.3888931423426 276.0915991589427 446.07177151180804 83.944901924580336 147503.997674793 35369.136400289834 704.96151251345873 741.49431936442852 1205.7660103142262 157426.21722923964 22385.369139507413 1890.4142607450485 1428.541523385793 929.00484415516257 2292.2975789103657 1179.6139981523156 4641.2623997740448 396.03307516127825 386.81180717051029 11122.617502264678 757.98291110619903 922.80194710567594 118.56826290488243 832.21254427358508 629.99196995794773 2852.0368199069053 299.94004538655281 760.31291089951992 228.06412101909518 131.80547006055713 63460.9704721421 924.77528408914804 4747.0102895945311 11358.568688221276 444.46363542973995 1677.265952706337 1110.336850874126 230.97162092477083 3311.0909003578126 13812.813013844192 1157.8809311129153 2492.2071388885379 505.21095209941268 838.29068630933762 129.09382344782352 577.39124087244272 629.80261931568384 6289.3982928283513 481.88348681479692 1220.3955838158727 389.53669515997171 550.94056034833193 908.06581753492355 296.22185419127345 554.44168477877975 300.77184390649199 167.40117670223117 303.57935969904065 1550.7796821966767 7339.1652950756252 2250.5335435029119
leaf_count=10619 245779 33692 3872 5912 1724 750701 236183 5270 27205 4881 712606 124905 20871 13626 10191 23512 11564 49323 5449 1894 195505 7485 7328 1501 10298 6813 111612 3839 9483 2896 1693 263672 10980 106230 116517 2257 9131 5475 1130 16180 67420 5928 11884 5806 10886 1596 6629 7265 66488 5365 12191 4653 5412 9122 2937 6026 3171 1680 3166 17196 67178 21129
internal_value=-5.38688e-05 -0.000582637 -5.843e-05 0.00663631 -0.0264911 -0.00143109 0.00372462 -0.00795502 0.0208946 -0.000737899 -0.00172869 -0.00439482 0.00876687 0.0198892 0.00529608 0.00721469 0.00533914 -0.0137545 -0.0101431 -0.00389507 0.0168615 -0.000698671 0.008838 0.0156656 0.0248903 0.0112267 0.0338703 0.0183867 0.0159555 0.021024 0.0150684 -0.00248944 -0.000698671 -0.0417792 -0.0167552 -0.00758628 -0.0161977 -0.00125725 -0.00631113 -0.0127017 -0.00380889 -0.0167552 -0.000698671 0.0209798 0.0331038 0.00091931 0.0131826 0.00400204 0.00389502 0.00696677 0.005087 0.0124299 0.0168325 0.0199927 0.010441 0.0211551 0.0323229 0.00684101 0.028828 0.0221902 0.00091931 0.00979577
internal_weight=542810 536156 525524 89416.7 10632 436107 74254.5 41886.3 15162.2 394221 246717 29822.8 34699 4247.96 2357.55 30451 26075 5801 5037.3 89290.6 11568.7 39555.5 4186.33 3263.53 2220.19 1387.97 3593.53 4376 4099.91 3799.97 3039.66 64666.7 1043.34 4830.96 12063.5 24623.8 3174.41 1497.15 21449.4 6034.27 15415.2 1602.34 2723.18 2811.59 1099.19 260.899 1712.4 1207.19 23782.7 13013.4 12531.5 6242.13 5021.74 4632.2 2226.9 1318.84 1022.61 468.173 2405.3 1854.36 10769.3 3430.15
internal_count=3532932 3287153 3113808 980265 173345 2133543 640031 280384 340234 1853159 1102458 158597 359443 44688 23817 314755 260790 65391 54772 389852 201417 280588 44405 37077 24596 14298 138817 53965 50093 46254 36771 268553 12481 107954 121787 121299 16500 7369 104799 29194 75605 8185 13014 33875 14175 3289 19700 13894 237278 137407 132042 65554 53363 48710 22936 13814 10877 4851 25774 20362 99871 32693
is_linear=0
shrinkage=0.05


Tree=61
num_leaves=63
num_cat=0
split_feature=0 0 0 1 1 0 1 8 1 0 8 1 8 0 1 8 10 8 10 10 11 8 8 8 8 8 8 0 8 8 8 10 10 8 10 1 1 10 8 11 0 10 8 1 1 10 8 8 8 8 8 8 10 8 8 11 10 10 8 8 10 8
split_gain=4533.34 2762.2 1712.47 1811.73 837.471 708.235 680.308 657.18 571.578 304.831 303.957 250.908 249.82 207.032 200.76 198.245 228.667 199.441 190.03 180.217 167.53 149.493 165.758 139.904 133.649 134.187 147.575 121.694 120.346 123.032 417.949 106.028 349.838 101.955 98.4758 93.0934 92.269 89.9834 111.673 203.897 87.5551 85.9572 103.364 78.577 77.734 64.5957 300.512 60.8267 70.2791 59.0033 106.583 66.3645 71.5161 57.7178 382.68 147.306 106.34 99.8819 74.9285 71.1776 63.8072 54.3915
threshold=2.5000000000000004 -2.4999999999999996 1.0000000180025095e-35 682.50000000000011 1080.5000000000002 -1.4999999999999998 540.50000000000011 0.37821100652217871 2118.5000000000005 1.5000000000000002 0.44619597494602209 1639.5000000000002 0.21525833755731585 -3.4999999999999996 382.50000000000006 0.55339130759239208 0.23628672212362292 0.68115973472595226 0.1970353573560715 0.23795686662197116 0.72950685024261486 0.56885173916816723 0.59168273210525524 0.38154880702495581 0.38154880702495581 0.39199665188789373 0.3996726274490357 1.5000000000000002 0.46077333390712744 0.4416430145502091 0.41639634966850286 0.23992688208818438 0.24293175339698794 0.36279271543025976 0.2472183629870415 510.50000000000006 246.50000000000003 0.24660515785217288 0.48214443027973181 0.39015246927738195 3.5000000000000004 0.2070354372262955 0.54831936955451976 1011.5000000000001 590.50000000000011 0.2070354372262955 0.49595978856086737 0.49739991128444677 0.609165519475937 0.61535769701004039 0.63663336634635936 0.66708189249038707 0.15911962836980822 0.44254073500633245 0.4489418119192124 0.63997343182563793 0.22587928175926211 0.21216849982738498 0.48590500652790075 0.45235681533813482 0.2164660915732384 0.37639422714710241
decision_type=2 2 2 2 2 2 2 2 2 2 2 2 2 2 2 2 2 2 2 2 2 2 2 2 2 2 2 2 2 2 2 2 2 2 2 2 2 2 2 2 2 2 2 2 2 2 2 2 2 2 2 2 2 2 2 2 2 2 2 2 2 2
left_child=1 4 5 14 44 6 36 31 9 24 43 -2 -7 18 -4 16 23 33 -6 -18 28 -17 -23 -10 -9 -26 -27 61 29 30 -21 -5 -33 35 -34 -14 -3 38 -28 41 -13 42 -40 -8 -1 -12 -47 -41 -49 -24 -51 -52 -53 -25 60 -56 57 58 -57 -58 -55 -16
right_child=11 2 3 7 13 12 10 8 15 -11 45 40 17 -15 27 21 19 -19 -20 20 -22 22 49 53 25 26 37 -29 -30 -31 -32 32 34 -35 -36 -37 -38 -39 39 47 -42 -43 -44 -45 -46 46 -48 48 -50 50 51 52 -54 54 55 56 59 -59 -60 -61 -62 -63
leaf_value=-0.049952239973576396 0.048371020049493882 -0.04254399635083661 0.043569657209431088 -0.00070520620836597508 -0.010672248941238759 -0.0093575735743448695 -0.017192455545493718 0.023253197331976221 0.026923333504937544 0.023253197331976221 -0.00070520620836597508 0.026923333504937544 -0.010285177886996393 -0.010672248941238759 0.0063295510158413257 0.026923333504937544 0.026923333504937544 0.010029308291821271 -0.044684928839110072 -0.00070520620836597508 0.026923333504937544 -0.00070520620836597508 0.026923333504937544 -0.00070520620836597508 -0.00070520620836597508 0.023253197331976221 0.0054755089245599178 0.042574371062898887 0.026923333504937544 -0.00070520620836597508 0.026923333504937544 0.026923333504937544 -0.00070520620836597508 -0.00070520620836597508 0.017557949347216273 -0.00070520620836597508 -0.014721138315386887 0.023253197331976221 -0.00070520620836597508 0.023253197331976221 0.047736724635478851 0.023253197331976221 0.019347278831005569 -0.0093575735743448695 -0.035957465301866609 -0.00070520620836597508 -0.010672248941238759 -0.00070520620836597508 0.016930523333179334 -0.00070520620836597508 0.026923333504937544 0.026923333504937544 0.010029308291821271 -0.00070520620836597508 -0.00070520620836597508 -0.00070520620836597508 -0.00070520620836597508 -0.00070520620836597508 0.026923333504937544 0.026923333504937544 0.026923333504937544 0.023705100955767177
leaf_weight=2277.2016771454364 4422.9800015771762 1202.2816855348647 2638.8824348468333 21200.065036734566 107.72203813865781 3424.9269699938595 3200.5788629837334 380.36595432460308 325.57109397277236 5494.4425266925246 3470.5590716153383 1472.1822338793427 5322.1123745813966 5272.9342619329691 606.51455289497972 819.85707427561283 861.65363920107484 1593.2189582660794 946.93633921071887 1837.8990837596357 461.89363035187125 1049.2507956512272 693.70947336405516 9652.5743870064616 1328.899114228785 855.95938142761588 10657.734137322754 733.58349554985762 287.05140607059002 535.412089984864 930.92060095444322 1295.1579287275672 1282.8474601693451 296543.43375526369 780.3332567512989 87273.645994916558 2137.3440085425973 353.81417602300644 152.13675112277269 750.01189833879471 505.95781211182475 2298.5749224945903 859.08525101840496 19576.666517138481 1787.846328413114 7421.0657393634319 4609.7097663059831 2858.7057394087315 579.3746244981885 375.99390355497599 401.06514039263129 150.90031408891082 344.207155816257 53.196852639317513 9901.7888335026801 41.624042667448521 74.621949188411236 1137.9301178194582 480.89050186425447 569.31644640117884 834.1541451215744 1758.9817770160735
leaf_count=59806 191432 24624 102233 152732 1396 14911 31120 3446 2062 132648 16363 40052 39021 54095 11806 8790 7779 10410 19066 13851 4612 11003 7760 64964 11770 7751 101128 34046 2881 4340 8814 10084 9923 1424751 6994 363867 28649 3825 1617 8730 14625 25276 10402 116337 39153 38980 24034 31759 7541 4465 4732 2013 4102 341 86101 455 722 11210 4756 5332 7747 37306
internal_value=-7.64872e-05 -0.000577121 -7.12899e-05 0.00626191 -0.0261013 -0.0013602 -0.00756339 0.00438212 0.00735102 0.0127648 -0.00567475 0.0417483 -0.000705206 -0.0147211 0.033431 0.0028306 0.00136949 -0.000705206 -0.0349349 0.0111606 0.00661126 0.0134902 0.0100293 -0.000705206 0.0100293 0.0100293 0.0104401 0.0247865 0.00278992 1.14497e-05 0.00986173 -0.000705206 0.00965451 -0.000705206 -0.000705206 -0.00236729 -0.0292027 0.0100293 0.0100293 0.0134405 0.0269233 0.0232532 0.0100293 -0.00935757 -0.0438076 -0.000705206 -0.00440302 0.0100293 0.0100293 0.0173821 0.01089 0.0213809 0.0100293 -0.000705206 0.00267613 0.000294499 0.0121413 0.00539093 0.0236858 0.0269233 0.0269233 0.0192546
internal_weight=541256 534855 524462 88687 10392.6 435776 41618.2 82949 58390.6 26569.1 38278.6 6401.12 394157 6327.59 5737.96 31821.5 27986.5 390732 1054.66 4914.83 4053.18 3834.98 3015.13 23071.7 21074.7 20694.3 19365.4 3099.08 3591.28 3304.23 2768.82 24558.4 3358.34 389139 2063.18 92595.8 3339.63 18509.4 18155.6 7497.89 1978.14 3309.8 1011.22 22777.2 4065.05 15501.3 12030.8 4188.09 3438.08 1965.88 1272.17 896.173 495.107 22746.1 13093.5 12206.2 2304.38 1660.44 522.515 643.938 887.351 2365.5
internal_count=3532541 3286432 3112916 979849 173516 2133067 280107 794458 614725 345893 226834 246109 1852960 74557 185391 268832 225967 1838049 20462 42277 34498 42865 34075 183690 213245 209799 198029 83158 29886 27005 22665 179733 27001 1827639 16917 402888 53273 190278 186453 85325 54677 37295 12019 147457 98959 79377 63014 48030 39300 23072 15312 10847 6115 181628 116664 108576 22475 16421 5211 6054 8088 49112
is_linear=0
shrinkage=0.05


Tree=62
num_leaves=63
num_cat=0
split_feature=0 0 0 1 1 9 0 1 1 9 1 10 12 9 1 0 10 9 9 10 11 9 9 9 10 9 9 9 9 11 9 10 9 9 9 11 1 11 10 10 1 9 10 0 12 9 9 9 11 10 10 10 10 9 9 9 9 10 10 9 9 9
split_gain=4269.68 2521.51 1508.01 1790.62 852.095 741.946 601.955 711.456 282.276 271.326 267.305 241.322 222.681 366.014 203.3 201.061 185.562 184.909 172.244 190.21 199.11 190.645 217.692 157.574 164.185 155.35 145.127 141.608 409.05 137.36 132.284 181.776 179.763 226.241 160.79 171.066 189.066 157.375 132.037 155.007 191.61 131.736 122.47 116.869 114.15 102.333 172.14 101.672 101.658 183.01 166.037 147.837 217.126 99.7878 151.799 94.1887 195.338 142.066 291.468 117.349 148.398 93.6584
threshold=2.5000000000000004 -2.4999999999999996 1.0000000180025095e-35 691.50000000000011 1080.5000000000002 0.33949495851993566 -1.4999999999999998 540.50000000000011 2550.5000000000005 0.29452873766422277 1639.5000000000002 0.23307678103446963 3.5000000000000004 0.4609022736549378 339.50000000000006 -3.4999999999999996 0.1970353573560715 0.30191217362880712 0.17489672452211383 0.2004567235708237 -0.4301683753728866 0.24974367767572406 0.2393506318330765 0.22679615020751956 0.2070354372262955 0.25834909081459051 0.13645498454570773 0.31666114926338201 0.30839414894580847 1.2939892411231997 0.32364235818386083 0.23041371256113055 0.31268626451492315 0.30524310469627386 0.30191217362880712 0.36436472833156591 1410.5000000000002 1.8394493460655215 0.2248843312263489 0.23004490137100223 2328.5000000000005 0.37090700864791876 0.24293175339698794 1.5000000000000002 4.5000000000000009 0.39077325165271765 0.40693396329879766 0.3504349440336228 0.0088527142070233839 0.24059694260358813 0.2004567235708237 0.24268008023500445 0.24420594424009326 0.24096949398517611 0.21273195743560794 0.48981106281280523 0.44523863494396215 0.22662251442670825 0.22417488694190982 0.38984820246696478 0.35746914148330694 0.39528006315231329
decision_type=2 2 2 2 2 2 2 2 2 2 2 2 2 2 2 2 2 2 2 2 2 2 2 2 2 2 2 2 2 2 2 2 2 2 2 2 2 2 2 2 2 2 2 2 2 2 2 2 2 2 2 2 2 2 2 2 2 2 2 2 2 2
left_child=1 4 6 14 -1 8 7 -3 11 -9 -2 18 29 41 -4 16 -6 26 -5 -20 44 22 23 24 -22 53 -8 28 42 48 32 -32 33 34 35 36 -23 -37 -11 -40 -41 47 -13 -16 -21 -43 -47 -14 49 50 -7 -51 -53 54 -10 56 57 58 59 60 -52 -31
right_child=10 2 3 5 15 12 17 9 25 38 -12 27 13 -15 43 -17 -18 -19 19 20 21 30 -24 -25 -26 -27 -28 -29 -30 61 31 -33 -34 -35 -36 37 -38 -39 39 40 -42 45 -44 -45 -46 46 -48 -49 -50 51 55 52 -54 -55 -56 -57 -58 -59 -60 -61 -62 -63
leaf_value=-0.043501282554385255 0.048441092898265786 -0.029341760770645466 0.0444945545855433 0.025915116718213328 -0.0097399312247235647 0.025915116718213328 0.012272063543776787 -0.00060775188946063624 0.018853733047764568 -0.0097399312247235647 0.025915116718213328 0.025915116718213328 0.021869825461737352 -0.00060775188946063624 0.020159275441298283 -0.0097399312247235647 -0.043823019017508499 -0.0012720555117235 0.0011571571872309222 0.025915116718213328 0.0011571571872309222 0.041752952620707835 0.025915116718213328 0.0011571571872309222 0.025915116718213328 0.0011571571872309222 0.00096948208378128575 0.025915116718213328 -0.0012720555117235 0.025915116718213328 0.025915116718213328 0.00096948208378128575 -0.0012720555117235 0.025915116718213328 -0.0012720555117235 0.00096948208378128575 0.010861366783787936 0.025915116718213328 -0.0012720555117235 -0.0097399312247235647 -0.0012720555117235 0.025915116718213328 0.012272063543776787 0.041626966414802583 0.00096948208378128575 -0.0012720555117235 0.024378995745886367 -0.0012720555117235 -0.0012720555117235 0.025915116718213328 -0.0012720555117235 -0.0012720555117235 0.025915116718213328 0.025915116718213328 0.00096948208378128575 -0.0012720555117235 0.017465774611962446 -0.0012720555117235 0.025915116718213328 -0.0012720555117235 0.025915116718213328 0.00089421761383501471
leaf_weight=3900.9779875390232 4230.6945393988863 3265.9539250619709 2279.3292914209887 993.12994749471545 104.88528701290488 453.21526493877172 709.71524614095688 9883.4670649170876 1364.569449223578 10802.2746148929 1918.1754511129111 1730.622128341347 607.3970185611397 1304.7523444313556 2663.3741597663611 5221.2407935708761 915.99888243712485 286459.78725989163 2086.6618464384228 1730.5821831561625 535.58540992811322 629.1675652936101 989.70723818801343 829.37458750791848 721.11947737447917 9229.4274239689112 107112.14593015984 2391.0978870932013 753.8168438654393 703.66898366622627 1627.3820526394993 433.70467176660895 1524.5443313829601 1237.5424239076674 533.54555832967162 3928.5171282347292 2320.396567735821 225.23980577848852 5388.9918441660702 8997.155653025955 3005.509479790926 926.7574573084712 234.5468605030328 833.30868286639452 452.2303481195122 709.85931723378599 1496.764695758 1004.2641549091786 22370.527434622869 547.35431284084916 448.41164039820433 323.0325984004885 811.46824605576694 1020.9254411049187 1116.6077343486249 1534.5440562088042 2073.4588132817298 4985.7257861606777 934.31694079749286 986.77287698164582 821.36604003608227 616.51827286742628
leaf_count=98806 191684 53243 92165 15302 1384 2479 4918 49661 15621 68966 54548 21568 9334 12450 57943 54071 19184 1290249 30155 21078 7462 10719 13819 11051 10024 77320 558213 31068 8742 7524 20367 4682 17255 13404 6318 50770 23627 3813 33491 59990 14521 13513 2748 40218 6062 9263 18947 14463 155226 4418 3081 2364 6550 10342 11636 8606 13622 37372 6844 6971 6239 5239
internal_value=-4.23808e-06 -0.000481436 -3.18257e-06 0.0059638 -0.0251718 0.00407492 -0.00120962 -0.00694934 0.0091212 -0.00502798 0.0414193 0.0121169 -0.00039123 0.00900178 0.0328723 -0.0137118 -0.0339961 -0.000607752 0.00972413 0.00867946 0.0106484 0.0086606 0.0198068 0.00813627 0.0210077 0.00302455 0.00115716 0.0218518 0.0132097 -0.000607752 0.00590775 0.0174768 0.0036133 0.0075937 0.00436974 0.00825697 0.0174627 0.00171737 -0.00771025 -0.00467412 -0.00827588 0.0170141 0.0259151 0.0252858 0.0247862 0.0229877 0.0145856 0.00539316 -0.00127206 0.00345532 0.00132927 0.0189152 0.00594767 0.0122721 0.0122721 0.000166612 0.00376285 0.000286285 0.00956742 -0.000559757 0.0139517 0.0151969
internal_weight=539993 533844 523701 88076.2 10143.1 82300.2 435625 41343.4 38640 38077.4 6148.87 25908.5 43660.2 6049.79 5776.01 6242.12 1020.88 394282 20798.4 19805.3 17718.6 15535.8 3075.79 2086.08 1256.7 12731.5 107822 5110.08 2718.99 37610.4 12460 2061.09 10399 8874.41 7636.87 7103.32 2949.56 4153.76 28193.9 17391.7 12002.7 4745.04 1965.17 3496.68 2182.81 3133.38 2206.62 1611.66 36290.2 13919.7 12237.8 1681.86 1134.5 3502.1 2481.18 11784.6 10250.1 8176.59 3190.87 2256.55 1269.78 1320.19
internal_count=3532713 3286481 3113036 979784 173445 789458 2133252 279872 444953 226629 246232 330034 344505 77970 190326 74639 20568 1853380 265908 250606 220451 193311 42356 28537 17486 114919 563131 64126 33058 266535 150955 25049 125906 108651 95247 88929 34346 54583 176968 108002 74511 65520 24316 98161 27140 41723 28210 23797 253772 98546 85214 13332 8914 37599 27257 82735 74129 60507 23135 16291 9320 12763
is_linear=0
shrinkage=0.05


Tree=63
num_leaves=63
num_cat=0
split_feature=0 0 0 1 1 9 0 1 1 9 1 1 9 9 0 8 9 11 10 11 10 1 9 11 0 10 11 8 9 9 9 10 0 10 9 1 11 11 9 9 9 8 10 9 8 9 9 9 9 11 9 9 8 9 10 10 9 9 10 11 12 10
split_gain=4051.27 2355.04 1392.67 1648.81 826.88 642.382 524.209 629.456 484.013 274.816 247.345 236.51 224.937 248.313 202.284 197.085 196.916 177.974 203.126 176.47 182.362 159.628 229.645 147.625 145.006 140.363 166.56 144.107 135.461 239.558 134.581 196.711 124.891 121.494 120.175 105.832 105.47 101.285 97.7327 97.5621 97.1218 96.697 152.185 121.759 140.91 86.02 84.344 82.8754 149.396 147.642 78.6752 74.1621 74.0313 73.5671 71.3425 101.865 70.3491 135.65 67.9016 67.7275 67.6303 66.7882
threshold=2.5000000000000004 -2.4999999999999996 1.0000000180025095e-35 712.50000000000011 1050.5000000000002 0.39077325165271765 -1.4999999999999998 390.50000000000006 2209.5000000000005 0.29452873766422277 1620.5000000000002 339.50000000000006 0.21273195743560794 0.44720508158206945 1.5000000000000002 0.4355714619159699 0.30191217362880712 0.077247392386198058 0.23280739039182666 0.54921168088912975 0.23795686662197116 951.50000000000011 0.30441309511661535 -0.23731394112110135 1.5000000000000002 0.23628672212362292 0.77103558182716381 0.46426874399185186 0.48981106281280523 0.52515390515327465 0.30191217362880712 0.21613498777151111 -3.4999999999999996 0.23795686662197116 0.20178101211786273 1800.5000000000002 -1.2159600257873533 0.30927553772926336 0.15266980975866321 0.23308694362640384 0.38282622396945959 0.33260269463062292 0.24240486323833468 0.48604546487331396 0.23841005563735965 0.38072577118873602 0.36667506396770483 0.31077328324317938 0.30441309511661535 0.21774575859308246 0.30915527045726782 0.59058597683906566 0.36753095686435705 0.38984820246696478 0.20600962638854983 0.19875304400920871 0.15266980975866321 0.13645498454570773 0.23743416368961337 -0.76216331124305714 3.5000000000000004 0.22689916938543322
decision_type=2 2 2 2 2 2 2 2 2 2 2 2 2 2 2 2 2 2 2 2 2 2 2 2 2 2 2 2 2 2 2 2 2 2 2 2 2 2 2 2 2 2 2 2 2 2 2 2 2 2 2 2 2 2 2 2 2 2 2 2 2 2
left_child=1 4 6 11 -1 8 7 -3 14 -9 -2 -4 54 -12 17 23 -8 35 30 20 45 -11 -18 41 46 47 27 33 -24 -30 31 34 -25 37 38 59 -17 -27 -19 -33 -35 43 53 -6 -45 -20 -13 48 -14 50 -50 -31 -42 60 55 56 57 -10 61 -5 -43 -48
right_child=10 2 3 5 15 -7 16 9 12 21 13 24 25 -15 -16 36 22 18 19 -21 -22 -23 28 32 -26 26 -28 -29 29 51 -32 39 -34 40 -36 -37 -38 -39 -40 -41 52 42 -44 44 -46 -47 58 -49 49 -51 -52 -53 -54 -55 -56 -57 -58 -59 -60 -61 -62 -63
leaf_value=-0.043698519943400044 0.048142960374663764 -0.034442719673025313 0.044433132781042509 0.0078440801908399201 -0.0066950503576213962 -0.001258732150729342 0.0010712571539661113 -0.001258732150729342 0.03366012431959161 -0.017332381506709824 0.03366012431959161 0.02458670723840153 0.0013098667673974594 -0.001258732150729342 0.019844712256038476 -0.046967954025352372 -0.0066950503576213962 0.0010712571539661113 0.019844712256038476 0.019844712256038476 0.0010712571539661113 -0.0066950503576213962 -0.001258732150729342 -0.052064552249837803 0.041758529061362785 0.03366012431959161 0.03366012431959161 0.03366012431959161 -0.0066950503576213962 -0.001258732150729342 -0.001258732150729342 0.0010712571539661113 -0.0066950503576213962 0.0010712571539661113 0.0010712571539661113 0.0076787822781406324 -0.0066950503576213962 0.0010712571539661113 0.019844712256038476 0.019844712256038476 -0.001258732150729342 -0.01787979014855344 -0.0066950503576213962 -0.0066950503576213962 -0.053636839382008555 -0.001258732150729342 0.018081296146810297 -0.001258732150729342 0.0010712571539661113 0.03366012431959161 0.03366012431959161 -0.0066950503576213962 0.03366012431959161 -0.052461915628387285 0.03366012431959161 0.0010712571539661113 0.025616767625202614 0.0010712571539661113 0.03083227099648846 0.019844712256038476 -0.047766757693152383 -0.001258732150729342
leaf_weight=3631.8967552892864 4004.7798994537443 1974.3787766452879 2173.2332919696346 1183.5146680623293 418.07056065648794 24159.425293283537 107843.26295700669 10249.661887057126 141.26274444907904 4111.771093968302 1680.5951425656676 1792.774366106838 9409.2208353951573 215.13913852721453 5709.7460475564003 197.86989342048764 4865.5743413083255 159.59561258554459 856.67671267688274 2277.8731699511409 977.5373526327312 24782.811657913029 257719.40945927799 150.73779854178429 842.27132593560964 404.28958080708981 496.27786606922746 325.73699551820755 10675.434939745814 9917.1335139386356 4330.4284622259438 116.05362279340625 962.46942935138941 3401.2247186154127 2617.9053430594504 3013.0833830907941 2331.1045740805566 191.17955238744617 646.52282330393791 2272.6573477350175 70.44452366232872 458.62600038573146 232.89199630171061 139.83781368657947 322.44092200137675 77.37522666528821 446.80253016017377 11802.166370529681 399.10930585488677 467.30652048066258 118.49822940304875 3068.6567890383303 163.53220770508051 728.15523508191109 219.86485508456826 233.24813272431493 1263.9734731130302 168.78520548716187 221.94474165700376 4070.8949582986534 323.79629689827561 336.47152688354254
leaf_count=96690 190311 38540 91663 13167 5675 174682 563501 53051 1912 43022 51256 40131 88384 4127 136723 2584 22702 2020 8287 23744 9582 144999 1163383 3422 42195 3394 4941 3470 46601 42980 38311 1245 10844 27722 28054 24679 23526 1613 8553 25132 525 5000 2898 2000 5198 636 9010 84443 3080 3900 971 13406 1200 10023 2391 2594 14998 2039 4662 43764 5354 7001
internal_value=-0.000102208 -0.000558665 -0.000101175 0.00565236 -0.024719 0.00382242 -0.00125873 -0.00690417 0.00677476 -0.00551432 0.0410972 0.0313788 0.00226696 0.0261955 0.0114362 -0.0137128 -0.00125873 0.00931103 0.00594045 0.0152009 0.0031677 -0.00820932 -0.0013562 -0.0217226 0.0235752 0.00107126 0.00940409 0.00638302 -0.00125873 -0.00507098 0.00211445 0.00755751 -0.00669505 0.00388232 0.00107126 0.0151529 -0.00820932 0.024847 0.0198447 0.0186252 0.00107126 -0.0281945 -0.035015 -0.0146626 -0.0345862 0.0198447 0.0180886 0.00107126 0.0032503 0.0217678 0.00231096 -0.00125873 0.0333116 -0.0410071 0.0183313 0.0146127 0.0203642 0.00107126 0.00648656 0.0194366 -0.0302933 -0.000442437
internal_weight=538565 532665 522767 87558.9 9897.9 81745.4 435208 41118.6 57586 39144.2 5900.51 5813.5 29276.1 1895.73 28309.9 6266 394089 22600.1 14332.6 4189.46 1911.59 28894.6 286246 3737.03 3640.26 27249 5052.69 4556.41 281381 23661.2 10143.2 5812.73 1113.21 4230.67 3424.02 8267.49 2528.97 595.469 806.118 2388.71 3635.2 2623.82 1743.47 880.349 462.279 934.052 2797.99 22196.3 10394.1 984.914 517.608 12985.8 233.977 1510.58 2027.13 1807.27 1574.02 310.048 1005.22 5254.41 782.422 783.274
internal_count=3531911 3286217 3113003 980818 173214 786156 2132185 279612 611474 241072 245694 194662 247577 55383 363897 76524 1852573 227174 145564 42249 18505 188021 1289072 50414 102999 223643 42865 37924 1266370 102987 103315 65004 14266 34454 38627 81610 26110 5007 10573 26377 29447 36148 23275 12873 7198 8923 60804 180778 96335 7951 4051 56386 1725 20377 23934 21543 18949 3951 20673 56931 10354 16011
is_linear=0
shrinkage=0.05


Tree=64
num_leaves=63
num_cat=0
split_feature=0 0 0 1 1 9 0 1 10 8 9 10 10 9 11 9 10 1 10 10 12 9 8 8 9 8 9 9 9 1 0 8 8 8 10 8 9 9 9 8 10 10 9 8 8 9 9 8 10 10 9 8 10 9 1 10 8 8 9 9 8 10
split_gain=3870.75 2106.35 1225.92 1599.3 791.34 627.583 512.439 590.178 284.713 417.133 605.617 255.726 264.869 231.915 255.734 228.117 212.702 199.588 197.176 284.69 182.922 317.382 260.211 298.079 195.652 166.436 222.866 172.428 310.953 161.959 157.095 153.124 146.789 187.661 145.903 313.816 375.809 201.307 264.289 602.543 292.979 198.71 308.727 141.253 685.616 169.609 168.487 139.82 146.218 135.035 131.729 368.879 124.124 122.871 122.696 148.53 120.296 405.754 117.67 114.121 111.973 111.35
threshold=2.5000000000000004 -2.4999999999999996 1.0000000180025095e-35 682.50000000000011 1080.5000000000002 0.33949495851993566 -1.4999999999999998 531.50000000000011 0.23608218133449557 0.4416430145502091 0.29452873766422277 0.2065781503915787 0.21860953420400622 0.20178101211786273 -0.4301683753728866 0.13645498454570773 0.23724532872438434 382.50000000000006 0.20552200078964236 0.21860953420400622 3.5000000000000004 0.4609022736549378 0.3996726274490357 0.37821100652217871 0.40693396329879766 0.61535769701004039 0.17489672452211383 0.15266980975866321 0.13645498454570773 1548.5000000000002 -3.4999999999999996 0.48711356520652777 0.50273996591568004 0.41133074462413793 0.20600962638854983 0.48112049698829656 0.29643437266349798 0.22679615020751956 0.2393506318330765 0.53307303786277782 0.21613498777151111 0.22460558265447619 0.25465683639049536 0.4489418119192124 0.44254073500633245 0.32506214082241064 0.33563746511936193 0.42397160828113561 0.21942402422428134 0.21442330628633502 0.27550190687179571 0.50498071312904369 0.2070354372262955 0.48981106281280523 2280.5000000000005 0.22844710946083072 0.50912511348724376 0.49985919892787939 0.46368840336799627 0.26267747581005102 0.56416115164756786 0.22126312553882602
decision_type=2 2 2 2 2 2 2 2 2 2 2 2 2 2 2 2 2 2 2 2 2 2 2 2 2 2 2 2 2 2 2 2 2 2 2 2 2 2 2 2 2 2 2 2 2 2 2 2 2 2 2 2 2 2 2 2 2 2 2 2 2 2
left_child=1 4 6 17 -1 8 7 -3 13 -10 -11 -9 29 25 -15 -8 -12 -4 -6 -20 -7 22 23 24 -22 -5 27 28 -27 32 58 54 33 -13 -16 43 37 52 -39 40 59 42 -42 44 -36 -45 -46 -24 -49 -47 51 -43 -37 60 -14 -56 57 -44 -21 -40 -31 -54
right_child=-2 2 3 5 18 20 15 11 9 10 16 12 31 14 34 -17 -18 -19 19 30 21 -23 47 -25 -26 26 -28 -29 -30 53 -32 -33 -34 -35 35 36 -38 38 39 -41 41 50 56 45 46 49 -48 48 -50 -51 -52 -53 61 -55 55 -57 -58 -59 -60 -61 -62 -63
leaf_value=-0.042243903986661606 0.04092342266188731 -0.027965661149068861 0.04092342266188731 0.04092342266188731 -0.00066517746016909497 -0.00066517746016909497 0.020195588739500017 -0.00066517746016909497 0.035095207528743164 0.04092342266188731 0.04092342266188731 -0.032965551910720502 -0.0085586080483799395 0.019565229024051962 -0.00066517746016909497 -0.00066517746016909497 -0.00066517746016909497 0.023162574302926453 -0.038074554127186182 -0.049002848397744103 -0.00066517746016909497 -0.00066517746016909497 -0.00066517746016909497 0.04092342266188731 0.024282767251437916 0.04092342266188731 -0.00066517746016909497 0.04092342266188731 -0.00066517746016909497 -0.004816770290742383 -0.012655834716882339 -0.00066517746016909497 -0.038074554127186182 -0.00066517746016909497 -0.00066517746016909497 -0.00066517746016909497 0.04092342266188731 -0.00066517746016909497 0.028929750549428347 0.04092342266188731 -0.00066517746016909497 0.04092342266188731 0.036373042047138253 -0.00066517746016909497 0.04092342266188731 -0.00066517746016909497 -0.00066517746016909497 -0.00066517746016909497 0.04092342266188731 0.04092342266188731 -0.00066517746016909497 -0.00066517746016909497 0.04092342266188731 -0.031578977300710229 -0.012078369836916476 -0.00066517746016909497 0.04092342266188731 -0.00066517746016909497 -0.012655834716882339 -0.00066517746016909497 -0.038074554127186182 -0.00066517746016909497
leaf_weight=3603.5157213620842 5681.45107705798 2979.6833741627634 2348.4041531290859 596.60376410186291 742.05061129108071 37520.601690633222 705.8834912404418 4333.3811543993652 2281.56430971995 728.43749983049929 275.19263989664614 803.16942851990461 17127.77082554251 2870.2803753949702 3396.9292767159641 393425.84435234964 1376.9603863321245 2894.1312870709226 1202.4145135711879 534.72535214573145 721.21846591681242 1303.2196508720517 1111.3594653289765 980.53715665824711 1469.9051127042621 278.01431486569345 860.24446932040155 812.39048045314848 334.01778295729309 3706.02663911134 3527.675016913563 2469.1719951108098 1163.631982177496 855.07133442163467 2382.4881284981966 103.07357127591968 508.6883091609925 826.1569480355829 517.40219888463616 1192.0382129177451 365.53996461629868 634.34844681061804 1469.0061442069709 7357.0417522415519 1264.2006598804146 148.38155382685363 61.101241396740079 148.43286755681038 297.28944787196815 482.42572041414678 1359.0097761712968 801.60798721574247 905.45712584257126 566.20276621729136 2849.7733262628317 3932.3494696766138 881.10044752806425 652.75456198677421 54.138197030872107 2354.0608188658953 161.62644515931606 94.974321277812123
leaf_count=98903 246277 51728 102783 8714 7344 267238 4926 22887 28906 9483 3164 7122 115524 35039 42366 1847718 15035 83212 15517 12257 9474 12474 16258 15584 19022 4619 12651 11781 4659 18839 38036 12631 7266 5833 23825 1251 6360 10426 5905 15779 4612 7108 17436 74363 14979 1538 734 2012 4342 5685 15271 9458 11948 3815 14630 18976 11039 7495 1203 24894 653 1107
internal_value=-0.00012453 -0.000563213 -0.000135003 0.00528442 -0.0236913 0.00356688 -0.00121828 -0.00654189 0.00824703 0.0198229 0.00517735 -0.00485989 -0.00689972 0.00663594 0.00535972 -0.000665177 -0.000665177 0.0320526 -0.0126558 -0.0166805 -0.000535112 0.00804823 0.0156014 0.0238196 0.013281 0.0201956 0.0201956 0.0256766 0.0201956 -0.0126558 -0.0104237 -0.00444893 -0.0251707 -0.0155951 0.00389016 0.00554909 0.0110022 0.00914042 0.00710582 0.0107307 0.00630037 0.0131167 0.0212929 -0.000356479 0.00910803 -0.000665177 0.0388246 -0.000665177 0.0273219 0.0290357 0.00325888 0.0154327 0.0294947 -0.00984492 -0.00630478 -0.000665177 0.0275797 0.0210633 -0.0391297 -0.000665177 -0.00665583 0.0355716
internal_weight=537392 531711 522046 86966.6 9664.52 81724.1 435080 40947.9 38171.5 4662.15 2380.59 37968.2 33634.8 33509.3 30628.1 394132 1652.15 5242.54 6061 5318.95 43552.6 6031.96 4728.74 3171.66 2191.12 2881.27 2284.67 1424.42 612.032 7255.73 4116.54 26379.1 2821.87 1658.24 27757.8 24360.9 12665.2 12156.5 11053 10226.9 9034.83 6163.37 3368.4 11695.6 3707.79 7987.85 1325.3 1557.08 445.722 630.807 2794.97 1435.96 1103.51 4433.86 23909.9 6782.12 3002.86 2121.76 588.864 2871.46 3867.65 1000.43
internal_count=3532114 3285837 3112577 980029 173260 794034 2132548 279904 447630 56588 27682 228176 205289 391042 348618 1852644 18199 185995 74357 67013 346404 79166 66692 44080 28496 42424 33710 21059 9278 43528 51496 161761 20221 12955 313579 271213 150089 143729 129423 118997 103218 72419 40582 121124 39538 81586 15713 22612 6354 7223 31837 16566 14306 23307 149130 33606 35970 24931 13460 30799 19492 13055
is_linear=0
shrinkage=0.05


Tree=65
num_leaves=63
num_cat=0
split_feature=0 0 0 1 1 0 1 1 0 9 1 1 8 1 8 9 12 10 1 1 9 8 10 8 8 9 11 8 8 10 8 8 9 8 10 10 8 8 8 1 11 11 8 8 8 9 10 10 10 8 9 10 9 9 8 10 10 8 10 9 9 9
split_gain=3588.33 1859.48 1039.54 1224.38 821.812 799.23 551.497 501.893 354.572 282.765 273.018 270.169 269.372 249.201 221.404 176.566 175.952 288.337 172.148 165.901 157.694 149.932 149.157 204.31 168.084 133.659 132.271 120.131 307.845 120.224 118.593 122.258 123.913 151.585 121.948 467.528 258.851 118.056 114.471 97.934 93.3697 92.9477 89.8204 90.2794 187.612 257.361 150.713 108.202 95.16 589.508 344.941 209.119 303.563 198.194 196.253 294.421 225.485 257.591 191.945 188.058 302.402 186.938
threshold=2.5000000000000004 -2.4999999999999996 -1.0000000180025095e-35 540.50000000000011 1011.5000000000001 1.0000000180025095e-35 621.50000000000011 1890.5000000000002 1.5000000000000002 0.13645498454570773 80.500000000000014 2390.5000000000005 0.37821100652217871 60.500000000000007 0.4355714619159699 0.39191363751888281 3.5000000000000004 0.21420419216156009 2160.5000000000005 1548.5000000000002 0.27550190687179571 0.44254073500633245 0.20397088676691058 0.48112049698829656 0.65545433759689342 0.13645498454570773 -1.2159600257873533 0.46553532779216772 0.46077333390712744 0.23346950113773349 0.45891290903091436 0.45709051191806799 0.31436760723590856 0.44325809180736547 0.23628672212362292 0.22796162217855456 0.41896589100360876 0.4416430145502091 0.40032309293746954 268.50000000000006 -0.39941892027854914 1.3603729009628298 0.30217108130455023 0.29661081731319433 0.28225387632846838 0.49891421198844915 0.20740322023630145 0.15911962836980822 0.23491215705871585 0.31977939605712896 0.29170815646648413 0.23724532872438434 0.30598290264606481 0.27967061102390295 0.41639634966850286 0.23531123995780948 0.23683736473321917 0.36753095686435705 0.23531123995780948 0.44970461726188665 0.45420400798320776 0.40453578531742101
decision_type=2 2 2 2 2 2 2 2 2 2 2 2 2 2 2 2 2 2 2 2 2 2 2 2 2 2 2 2 2 2 2 2 2 2 2 2 2 2 2 2 2 2 2 2 2 2 2 2 2 2 2 2 2 2 2 2 2 2 2 2 2 2
left_child=1 4 6 5 -1 13 10 8 22 -9 -3 -8 -10 -4 18 40 41 -18 -6 -2 -19 -12 24 27 -5 -13 -16 28 30 -29 31 32 -24 34 35 -34 38 -37 -36 -7 -15 44 -20 -27 -11 47 -47 -46 -49 59 53 52 -52 -51 55 -54 61 -58 -56 -50 -61 -57
right_child=19 2 3 7 14 39 11 9 12 16 21 25 -14 15 26 -17 17 20 42 -21 -22 -23 23 -25 -26 43 -28 29 -30 -31 -32 -33 33 -35 36 37 -38 -39 -40 -41 -42 -43 -44 -45 45 46 -48 48 49 50 51 -53 54 -55 58 56 57 -59 -60 60 -62 -63
leaf_value=-0.043099860406823683 0.048051323172173227 -0.030239694569282057 0.036129032918710474 -0.0035905927132862149 -0.02618296725563124 0.045636199947579663 -0.0037294473669875743 0.036016390860714245 0.0032779914210209859 -0.0037294473669875743 -0.01192570159709915 0.036016390860714245 0.022498421946604522 0.021355694499349612 -0.046684852698639638 -0.0035599700387241636 0.021947407635685055 0.03184377644553954 -0.04512501346889617 0.036016390860714245 -0.00037786179647125945 -0.0035905927132862149 -0.0035905927132862149 0.0092236698059868279 0.018774772424967376 -0.0085253103001950593 -0.0037294473669875743 -0.0035905927132862149 0.022498421946604522 0.0032779914210209859 -0.0035905927132862149 0.022498421946604522 0.0032779914210209859 0.013769932879763653 0.0032779914210209859 -0.0037294473669875743 0.022498421946604522 0.022498421946604522 -0.0035905927132862149 0.02898976520217271 0.0079648705279508816 0.011343072402634517 -0.0037294473669875743 -0.00037786179647125945 0.036016390860714245 -0.00037786179647125945 0.036016390860714245 -0.00037786179647125945 0.036016390860714245 0.0043100149737238152 0.036016390860714245 -0.00037786179647125945 -0.00037786179647125945 0.036016390860714245 0.027985429864639796 0.026773618081931544 0.036016390860714245 -0.00037786179647125945 -0.00037786179647125945 -0.00037786179647125945 0.032600844197956398 0.0036196367855013734
leaf_weight=3196.6354163624346 3539.4534120708704 1664.6509560775012 693.03153413161635 5918.7597223520279 2782.498283451423 1552.6573232924566 105667.80770720541 533.92288872599602 1482.3788751503453 11839.384205155075 11401.88512494415 115.53397887945175 4391.6378653440624 1706.7300682514906 194.57885599136353 2849.766955178231 2286.1309993565083 398.72774928808212 134.24624238163233 1926.333261564374 6295.3579396568239 7536.8559367246926 1597.0404438190162 14748.550807502121 843.63342265039682 4273.2725522518158 2355.6175319477916 3535.0799855515361 1608.2980473674834 879.9131779037416 631.65063839405775 580.89132721722126 19654.634640086442 3306.6214316114783 8624.8063216283917 15692.568024173379 2564.093330539763 166.03611601516604 2489.4714928865433 2073.0234571658075 5487.2047077454627 1818.1481843367219 775.43619395792484 52968.212421789765 90.497879564762115 119.87043711543083 349.34154188632965 158081.11114385352 872.31795363873243 925.80035755038261 723.83333598822355 37208.841758225113 1493.5417922362685 1043.8613685630262 750.94447888433933 3351.486089989543 339.1109776198864 722.52323566377163 2946.7847894020379 366.47614968568087 937.95698513090611 1178.5374136567116
leaf_count=93208 184779 22865 15692 44758 43169 71334 500167 5329 31984 49437 82628 572 127015 15447 2728 22174 16421 3370 1797 61500 40155 48180 10547 115171 8463 20287 24690 25156 11984 7077 4215 4139 112777 24122 52934 92532 19640 1311 16182 76620 49832 14088 7765 223381 833 507 1522 853912 4081 6941 4436 187787 7115 7456 3897 16711 1633 3338 15495 1553 4052 5039
internal_value=-7.8695e-05 -0.000493753 -9.55545e-05 0.00155064 -0.0224867 0.0158351 -0.00312345 0.000916198 0.00411981 -0.000294906 -0.010831 -0.00214929 0.0159896 0.00897927 -0.0119257 0.00697223 -0.000377862 0.00662055 -0.0199604 0.0402232 0.0013837 -0.00912358 0.00327799 0.00327799 -0.00359059 -0.000377862 -0.00372945 0.00266935 0.00327799 -0.00359059 0.00267032 0.00312317 0.00287469 0.00327799 0.00271191 0.000273221 0.00327799 -0.00359059 0.00327799 0.036129 0.0111443 -0.000377862 -0.00372945 -0.000377862 -0.000377862 -0.00032918 0.0360164 -0.000377862 -0.000377862 0.00174683 0.000652348 -0.000177249 0.00637494 0.0211604 0.00426606 0.00972448 0.0157752 -0.000377862 -0.000377862 0.0272196 0.0138752 0.020752
internal_weight=536286 530820 521381 337753 9439.01 14362.4 183628 323391 88716.1 234675 20603.4 163025 5874.02 10736.7 6242.38 10043.7 234141 8980.22 3692.18 5465.79 6694.09 18938.7 82842 76079.7 6762.39 57357 2550.2 61331.1 56916.1 4414.99 55307.8 54676.2 54095.3 52498.2 49191.6 35513.2 13678.4 15858.6 11114.3 3625.68 7193.93 225160 909.682 57241.5 223342 211503 469.212 211034 210943 52862 50685.3 48715.6 11506.8 1969.66 10782.9 7085.2 5591.66 1061.63 3697.73 2176.75 1304.43 4530.02
internal_count=3533930 3287651 3114294 2216214 173357 251099 898080 1965115 710007 1255108 153673 744407 158999 103145 80149 87453 1249779 59946 52731 246279 43525 130808 551008 497787 53221 244240 27418 382616 350383 32233 338399 334184 330045 319498 295376 206620 88756 93843 69116 147954 65279 1189833 9562 243668 1175745 1126308 2029 1124279 1123446 269534 259848 245451 57664 14397 53228 33836 26721 4971 19392 9686 5605 21750
is_linear=0
shrinkage=0.05


Tree=66
num_leaves=63
num_cat=0
split_feature=0 0 0 1 1 9 1 0 1 1 1 8 8 8 9 9 9 9 0 10 10 9 9 10 9 9 9 8 8 0 10 9 10 10 10 12 9 9 10 10 9 9 10 1 1 9 8 0 10 8 10 10 9 0 10 9 10 9 9 9 9 1
split_gain=3329.68 1734.4 941.971 1448.77 795.148 505.994 410.534 384.995 563.68 276.763 256.177 232.6 200.285 182.479 171.461 225.804 200.713 170.669 157.8 153.125 158.825 190.019 180.433 149.313 142.675 137.652 194.065 132.635 380.219 126.265 121.852 153.144 122.031 121.186 121.245 102.042 101.81 161.881 106.093 98.8588 89.0959 135.837 125.078 87.5441 145.787 85.1698 78.825 78.5057 75.5609 154.84 75.2138 75.178 107.937 74.5779 73.0902 107.39 72.7203 69.5902 61.86 60.1085 57.5241 55.7677
threshold=2.5000000000000004 -2.4999999999999996 1.0000000180025095e-35 770.50000000000011 1080.5000000000002 0.39077325165271765 2238.5000000000005 -1.4999999999999998 531.50000000000011 1639.5000000000002 382.50000000000006 0.36753095686435705 0.21525833755731585 0.4355714619159699 0.25834909081459051 0.46368840336799627 0.2393506318330765 0.21273195743560794 1.5000000000000002 0.23628672212362292 0.24390045553445819 0.30770036578178411 0.36557076871395117 0.23465987294912341 0.37714664638042456 0.20990382134914401 0.20990382134914401 0.41639634966850286 0.43958365917205816 -3.4999999999999996 0.2275783717632294 0.43859021365642553 0.22022562474012378 0.24014183133840564 0.24660515785217288 3.5000000000000004 0.38476856052875524 0.31515826284885412 0.2257240638136864 0.23104770481586459 0.38476856052875524 0.38671813905239111 0.22314845025539401 540.50000000000011 152.50000000000003 0.30030274391174322 0.63663336634635936 1.5000000000000002 0.24059694260358813 0.38154880702495581 0.20600962638854983 0.20455986261367801 0.25124679505825048 -3.4999999999999996 0.2472183629870415 0.35600525140762335 0.25297999382019049 0.13645498454570773 0.38166438043117529 0.36372162401676184 0.44334584474563604 1071.5000000000002
decision_type=2 2 2 2 2 2 2 2 2 2 2 2 2 2 2 2 2 2 2 2 2 2 2 2 2 2 2 2 2 2 2 2 2 2 2 2 2 2 2 2 2 2 2 2 2 2 2 2 2 2 2 2 2 2 2 2 2 2 2 2 2 2
left_child=1 4 7 10 43 6 18 8 44 -2 -4 61 -9 29 16 -11 17 50 23 40 21 -21 27 36 47 -14 -13 -23 -29 -6 31 -31 -33 -25 45 -26 37 38 46 51 -16 -42 -43 -1 -3 -35 -5 -12 49 -24 57 52 -18 -45 -22 56 -56 -8 -20 -57 -32 -10
right_child=9 2 3 5 13 -7 14 12 11 15 24 26 25 -15 19 -17 39 -19 58 20 54 22 48 33 35 -27 -28 28 -30 30 60 32 -34 34 -36 -37 -38 -39 -40 -41 41 42 -44 53 -46 -47 -48 -49 -50 -51 -52 -53 -54 -55 55 59 -58 -59 -60 -61 -62 -63
leaf_value=-0.049377205336973373 0.047501523898361715 -0.047366109509972103 0.041853357639206751 0.0046308338913848262 -0.039989118245622429 -0.0011140857007968059 0.030451608080042675 -0.011002959146261681 -0.020694629154626335 0.030451608080042675 0.02208986621347718 0.0046308338913848262 0.0046308338913848262 -0.0021235666162901122 -0.0011140857007968059 -0.0011140857007968059 0.030451608080042675 -0.0011140857007968059 0.01747942150255245 0.030451608080042675 -0.0011140857007968059 -0.0011140857007968059 -0.0011140857007968059 0.01747942150255245 -0.0011140857007968059 -0.0011140857007968059 -0.0021235666162901122 0.030451608080042675 -0.0011140857007968059 -0.039989118245622429 -0.011002959146261681 -0.011002959146261681 -0.039989118245622429 0.01747942150255245 0.01747942150255245 0.020597654145950398 0.01747942150255245 -0.00097973973937612487 0.01747942150255245 -0.0011140857007968059 0.030451608080042675 0.030451608080042675 -0.0011140857007968059 -0.048563395068705474 -0.020976023658715856 -0.0011140857007968059 0.01747942150255245 0.042087221953608929 0.030451608080042675 0.030451608080042675 0.030451608080042675 0.030451608080042675 -0.0011140857007968059 -0.0272883646518726 0.030451608080042675 -0.0011140857007968059 -0.0011140857007968059 0.0075140808638150085 0.030451608080042675 0.026007713423530102 -0.039989118245622429 -0.011002959146261681
leaf_weight=1730.5133055336773 3535.5034868409857 687.94442063756287 2161.5488199759275 6902.4131649434566 567.15378356911242 23892.391425820068 120.42437377199531 3400.8799121305346 1491.4935393892229 1547.8266894686967 2151.8609620332718 1690.2045326754451 15081.341668386012 2432.9097171444446 17653.022589620203 147.43588920868933 147.71633810177445 1533.9572515562177 5239.4881766531616 558.35740479081869 814.10548959672451 886.49120295420289 231.35280592739582 2554.9100189320743 529.89015295542777 375409.75988641754 26864.518613770604 632.16866819933057 360.962038397789 685.71562953293324 1419.5193943679333 416.10328595340252 236.50071844086051 151.75546735152602 682.99783992767334 671.42378692049533 455.19419878348708 6742.9467540159822 2532.8971860408783 49.872652649879456 312.77096452564001 114.49543768912554 365.80082139372826 531.56458956934512 2194.657471396029 1656.6623043604195 581.33997965231538 637.70214612036943 317.06621092930436 295.50722869858146 204.489546880126 1300.704362757504 76.567836467176676 1067.4814646821469 338.33127501234412 57.376074247062206 84.988396011292934 1560.37741843611 244.42492347210646 222.41726907342672 137.82736893370748 7713.6947958096862
leaf_count=55854 191178 16621 102281 76215 14218 170770 1784 14888 15927 51980 45490 7569 92390 25551 137556 2583 1707 16387 128186 5706 6914 6650 1782 27085 11142 1746343 154108 6382 3105 8421 16305 5519 2895 1808 7090 18012 3690 58051 25806 547 2112 756 2310 15928 35166 16582 7995 34261 2439 2450 2343 13886 782 26869 3052 382 683 18910 5452 1740 1677 50683
internal_value=-0.0001566 -0.000548574 -0.00016771 0.0046124 -0.0220376 0.00281146 0.00556283 -0.00111409 -0.00598042 0.0395363 0.0279898 -0.00435309 -0.00111409 -0.011003 0.00131873 0.0229066 0.00972323 0.00291809 0.00988234 -0.000487278 0.00792216 0.0143888 0.00841553 0.00801013 0.0204724 -0.00111409 -0.00212357 -0.000211258 0.0171913 -0.0184308 -0.014196 -0.0268015 -0.011003 0.0155728 0.00611987 0.00605961 0.00579244 0.0050095 0.00904099 0.0244869 -0.00111409 0.0172474 -0.00109454 -0.0415676 -0.0272884 0.00463083 0.00604345 0.0266748 0.0276069 0.0111494 0.0148758 0.0278478 0.000714484 -0.0330904 -0.00111409 0.0165605 0.0304516 0.010844 0.0174794 -0.00111409 -0.011003 -0.011003
internal_weight=535020 529789 520564 86029.2 9225.29 79876.7 55984.4 434534 40642.5 5230.77 6152.43 37759.9 393892 5895.73 28239.3 1695.26 4994.11 3419.25 27745 23245.2 4799.12 3281.91 2723.55 22261.1 3990.88 390491 28554.7 1879.62 993.131 3462.82 2895.67 1338.32 652.604 5046.33 2491.42 1201.31 17214.8 16759.6 10016.7 1574.86 18446.1 793.067 480.296 3329.56 2882.6 1808.42 7483.75 2789.56 843.926 526.86 1885.29 1524.99 224.284 1599.05 1517.22 703.113 423.32 1680.8 5483.91 279.793 1557.35 9205.19
internal_count=3532954 3287213 3113976 980281 173237 769095 598325 2133695 280074 245741 211186 228287 1853621 74586 240365 54563 56346 39424 357960 184019 41285 28514 22808 224322 108905 1838733 161677 16137 9487 49035 34817 16835 8414 52565 25480 29154 171757 168067 110016 16922 142734 5178 3066 98651 51787 18390 84210 79751 6671 4232 23037 16375 2489 42797 12771 5857 3735 20694 133638 2122 17982 66610
is_linear=0
shrinkage=0.05


Tree=67
num_leaves=63
num_cat=0
split_feature=0 0 0 1 1 0 1 1 9 1 1 1 0 10 8 8 10 11 12 10 12 10 10 11 8 9 9 9 10 11 11 12 8 9 9 8 9 12 10 11 0 10 9 10 9 9 9 8 11 10 10 10 10 1 9 9 11 8 10 9 10 9
split_gain=3093.55 1611.03 916.462 1012.41 767.152 751.75 535.072 410.17 342.932 342.278 283.035 223.454 219.533 203.995 192.749 340.208 288.375 202.958 172.492 353.107 241.541 217.744 164.553 535.892 302.225 272.267 203.589 152.656 150.715 206.172 148.914 147 300.394 164.346 144.504 142.955 127.506 124.946 179.865 148.925 156.733 146.128 174.572 137.741 329.337 200.935 171.849 136.276 135.109 135.017 128.113 126.503 126.25 124.444 208.163 121.405 110.712 104.644 96.319 105.197 89.0019 201.569
threshold=2.5000000000000004 -2.4999999999999996 -1.0000000180025095e-35 862.50000000000011 901.50000000000011 1.0000000180025095e-35 142.50000000000003 2390.5000000000005 0.13645498454570773 420.50000000000006 50.500000000000007 1819.5000000000002 -3.4999999999999996 0.1970353573560715 0.47552274167537695 0.49595978856086737 0.21066060662269595 1.5971182584762575 3.5000000000000004 0.2276849374175072 1.5000000000000002 0.22530259191989901 0.23628672212362292 0.62744852900505077 0.47112825512886053 0.43506775796413427 0.47371521592140203 0.13645498454570773 0.22933929413557055 0.75675112009048473 -0.86735320091247547 1.5000000000000002 0.41713801026344305 0.41196930408477789 0.37714664638042456 0.62994056940078746 0.30984808504581457 3.5000000000000004 0.22844710946083072 0.087265260517597212 1.5000000000000002 0.20204577594995501 0.27270993590354925 0.22417488694190982 0.4151990413665772 0.49891421198844915 0.54747599363327037 0.43304879963397985 0.1854214891791344 0.18845019489526751 0.22598334401845935 0.22820222377777102 0.2248843312263489 1819.5000000000002 0.28726255893707281 0.21470168977975848 1.1812840104103091 0.29661081731319433 0.23776898533105853 0.38476856052875524 0.22530259191989901 0.4138051718473435
decision_type=2 2 2 2 2 2 2 2 2 2 2 2 2 2 2 2 2 2 2 2 2 2 2 2 2 2 2 2 2 2 2 2 2 2 2 2 2 2 2 2 2 2 2 2 2 2 2 2 2 2 2 2 2 2 2 2 2 2 2 2 2 2
left_child=1 4 6 5 -1 10 -3 14 -5 -7 -4 22 13 -6 17 -16 35 18 19 20 21 -8 28 24 25 30 -27 -9 29 37 -24 32 33 -21 -11 -17 54 38 39 41 -41 -10 -43 45 51 -44 -47 -40 49 -39 52 -45 -46 -2 55 -12 -25 -29 -58 -60 61 -50
right_child=53 2 3 8 12 9 7 27 11 34 36 -13 -14 -15 15 16 -18 -19 -20 31 -22 -23 23 56 -26 26 -28 57 -30 -31 -32 -33 -34 -35 -36 -37 -38 48 47 40 -42 42 43 44 50 46 -48 -49 60 -51 -52 -53 -54 -55 -56 -57 58 -59 59 -61 -62 -63
leaf_value=-0.043989530961312237 0.045853923318080372 -0.023563712811166329 0.038883963052637943 0.03617477396364658 -0.0078727313282898771 0.038883963052637943 -0.0078727313282898771 0.03617477396364658 0.00064268107182579518 0.022497883457590056 0.019640822753723516 0.00064268107182579518 -0.0078727313282898771 -0.043251586308472895 0.00064268107182579518 0.00064268107182579518 -0.0078727313282898771 0.00064268107182579518 -0.0078727313282898771 0.00064268107182579518 0.00064268107182579518 0.00064268107182579518 0.024027499224991089 0.020160699984383107 0.038883963052637943 0.038883963052637943 0.00064268107182579518 -0.0072161972087209526 0.00064268107182579518 0.00064268107182579518 0.00064268107182579518 -0.0078727313282898771 -0.0078727313282898771 -0.0078727313282898771 0.0047707448254051717 -0.0078727313282898771 0.0020932193061557495 0.033078874672308405 0.01288217637808578 0.00064268107182579518 0.03492846040510144 0.031123743553255354 0.0014918547330729532 0.03842280609897375 0.00064268107182579518 0.038883963052637943 0.00064268107182579518 0.038883963052637943 0.00064268107182579518 0.00064268107182579518 0.00064268107182579518 0.00064268107182579518 0.038883963052637943 0.03617477396364658 0.022497883457590056 0.00064268107182579518 0.0007424383896022683 0.00064268107182579518 0.045853923318080372 0.011278574938463463 0.02543127940871814 0.029328094517724165
leaf_weight=2649.2918055523187 3729.3009003326297 3085.3715560808778 534.58456782996655 678.05808201245964 115.02070499397814 2372.6942784655839 6385.5954144001007 113.75571884214878 960.78962758183479 3426.126404967159 1032.9529252238572 240590.78065083921 5334.7243939619511 931.17527188360691 7970.5221085511148 10738.682460514829 12530.524657156318 1569.0445308797061 29586.173932414502 7163.8799980133772 15173.028005216271 1597.603363648057 723.21023501642048 2092.496022503823 319.3061072062701 523.98602970130742 68.747740432620049 4257.5087897032499 15005.432363254949 9762.1391377653927 8222.7441294062883 20425.439175765961 5427.1612205207348 2250.1116929799318 1504.448754446581 2003.4184928014874 13990.033845473081 337.28412281349301 650.09077056497335 6171.1072496511042 348.11180340871215 1337.0849238019437 3760.4757484029979 1474.0469076540321 94.31289217621088 648.51666552200913 211.48862577229738 417.11225650645792 2550.1241122949868 8188.5112868528813 343.15481312014163 69.044074622914195 182.18518934771419 1318.6616980582476 1961.7727520205081 3425.7600358035415 133.26912339404225 53043.128048852086 651.54023959673941 220.97731411270797 802.30849672108889 768.30108905211091
leaf_count=85679 204482 36510 12508 7828 1709 114562 27310 574 7450 90277 9330 1293982 62626 23496 37369 49612 58617 8314 181195 29786 75738 6694 5403 17762 3185 3360 409 20330 107344 89723 58530 101498 22281 9575 32835 9292 96102 2725 3883 41932 8153 10980 25528 10655 574 3178 1032 3276 24002 59292 2149 517 1114 42015 16493 28476 1561 223744 6340 1571 6338 4896
internal_value=-6.84514e-05 -0.000440292 -7.6582e-05 0.00147279 -0.021377 0.0105323 -0.00292103 -0.00256753 0.000642681 0.0243444 0.00571533 0.000642681 -0.0119831 -0.0329151 -0.00420208 -0.000950578 -0.00543938 -0.00540871 -0.00591761 -0.00424777 0.000549344 -0.00787273 0.00353426 0.00859519 0.00289339 0.00122712 0.0345825 0.000642681 0.00232168 0.00432286 0.000642681 -0.0073975 -0.00284269 0.000642681 0.0168175 0.000393055 0.00477074 0.00661229 0.00945563 0.0080959 0.00232957 0.0122348 0.0146161 0.0113581 0.0217697 0.00648098 0.0282694 0.0293059 0.00286446 0.000642681 0.000642681 0.0346823 0.0384107 0.038884 0.0106038 0.00459521 0.0267302 0.000642681 0.040364 0.0458539 0.0104964 0.006879
internal_weight=533954 528906 519876 336555 9030.21 28248.4 183321 180236 308307 7303.27 20945.1 307629 6380.92 1046.2 122821 33243.1 25272.6 89578 88009 58422.8 23156.2 7983.2 67037.9 12956.3 9857.99 9538.69 592.734 57414.4 54081.6 39076.2 8945.95 35266.6 14841.2 9413.99 4930.58 12742.1 20410.5 29314.1 16667.5 15600.3 6519.22 9081.1 8120.31 6783.22 2162.74 4620.48 860.005 1067.2 12646.5 8525.8 619.653 1543.09 276.498 5047.96 6420.49 4458.71 3098.28 57300.6 1005.79 872.518 4120.73 3318.43
internal_count=3533701 3287204 3113694 2215255 173510 400583 898439 861929 1814672 237674 162909 1806844 87831 25205 617281 154890 117521 462391 454077 272882 109742 34004 512862 98121 70887 67702 3769 244648 414741 307397 63933 163140 61642 39361 123112 58904 150401 217674 120421 113262 50085 63177 55727 44747 15009 29738 4210 7159 97253 62017 3837 11172 1688 246497 54299 37806 27234 244074 9472 7911 35236 28898
is_linear=0
shrinkage=0.05


Tree=68
num_leaves=63
num_cat=0
split_feature=0 0 0 1 1 9 9 0 1 1 8 10 10 9 9 8 10 8 11 9 11 9 1 9 9 9 9 11 0 10 9 8 9 9 1 10 10 1 8 9 8 10 9 0 10 8 10 9 9 10 9 9 9 1 10 10 11 9 1 11 10 10
split_gain=2896.73 1470.02 781.261 1253.85 743.83 474.839 344.935 459.282 527.165 296.873 264.19 244.267 239.719 667.25 418.323 338.968 223.078 202.043 199.389 195.85 254.293 195.391 167.532 517.292 135.73 145.111 173.079 164.874 130.332 122.426 119.343 171.206 110.881 102.855 152.613 99.3189 441.925 151.746 207.412 181.019 97.6318 97.3356 202.951 93.9469 184.507 112.815 89.7231 88.0838 127.741 99.9444 88.2026 86.4069 107.877 85.6334 82 203.654 103.069 81.8647 80.3986 63.5649 61.7198 56.8644
threshold=2.5000000000000004 -2.4999999999999996 1.0000000180025095e-35 630.50000000000011 1071.5000000000002 0.33949495851993566 0.20990382134914401 -1.4999999999999998 590.50000000000011 1639.5000000000002 0.43958365917205816 0.23648047447204593 0.21738760173320773 0.28810557723045355 0.44334584474563604 0.33260269463062292 0.23041371256113055 0.63663336634635936 -1.0962244868278501 0.25717833638191229 0.46017353236675268 0.48604546487331396 307.50000000000006 0.22264148294925692 0.31173904240131384 0.30441309511661535 0.30191217362880712 0.21774575859308246 1.5000000000000002 0.2472183629870415 0.35600525140762335 0.34641166031360632 0.30598290264606481 0.17489672452211383 184.50000000000003 0.22612502425909045 0.22474194318056109 1819.5000000000002 0.28798596560955053 0.34873388707637792 0.21525833755731585 0.23608218133449557 0.29452873766422277 -3.4999999999999996 0.1970353573560715 0.31539092957973486 0.22516405582427981 0.29361659288406378 0.29744088649749761 0.22008286416530612 0.28894355893135076 0.15266980975866321 0.13645498454570773 1580.5000000000002 0.22137310355901721 0.22516405582427981 0.1263096630573273 0.29552344977855688 510.50000000000006 -0.80133870244026173 0.21663307398557666 0.23104770481586459
decision_type=2 2 2 2 2 2 2 2 2 2 2 2 2 2 2 2 2 2 2 2 2 2 2 2 2 2 2 2 2 2 2 2 2 2 2 2 2 2 2 2 2 2 2 2 2 2 2 2 2 2 2 2 2 2 2 2 2 2 2 2 2 2
left_child=1 4 6 22 33 10 -3 8 34 -2 11 16 15 -14 57 -9 -5 24 40 20 23 43 -4 -17 25 26 41 32 60 35 -31 -32 -27 -1 -8 36 37 38 -7 -40 -6 47 -43 44 -20 -46 -42 50 -49 -50 54 52 -19 -34 -12 -56 -57 -15 -35 -41 -24 -58
right_child=9 2 3 5 18 29 7 12 -10 -11 17 -13 13 14 -16 19 -18 51 21 -21 -22 -23 28 -25 -26 27 -28 -29 -30 30 31 -33 53 58 -36 -37 -38 -39 39 59 46 42 -44 -45 45 -47 -48 48 49 -51 -52 -53 -54 -55 55 56 61 -59 -60 -61 -62 -63
leaf_value=0.0060707617238646002 0.04716111019403639 0.0060707617238646002 0.043572803758083339 0.020799858185925908 -0.0046767160368375001 -0.00065022688622541809 -0.041838192680338587 -0.00065022688622541809 -0.0046767160368375001 0.020799858185925908 0.0060707617238646002 0.020799858185925908 0.0060707617238646002 -0.0046767160368375001 -0.0046767160368375001 -0.0046767160368375001 0.0060707617238646002 0.020799858185925908 -0.0046767160368375001 -0.0046767160368375001 -0.0046767160368375001 -0.041811824145845625 0.032080340809731739 0.0060707617238646002 -0.00065022688622541809 0.020799858185925908 -0.00065022688622541809 0.020799858185925908 0.042869429545801231 0.020799858185925908 0.020799858185925908 -0.00065022688622541809 0.030176113573487574 -0.050051307149464944 -0.019764681264792208 -0.00065022688622541809 0.020799858185925908 -0.00065022688622541809 -0.00065022688622541809 -0.00065022688622541809 -0.050910081272533714 0.020799858185925908 -0.00065022688622541809 -0.0046767160368375001 -0.0046767160368375001 -0.050354466508906959 -0.01908470563393817 0.020799858185925908 0.020799858185925908 0.0060707617238646002 -0.00065022688622541809 0.020799858185925908 0.0060707617238646002 -0.00065022688622541809 0.020799858185925908 0.0060707617238646002 0.020799858185925908 -0.00065022688622541809 -0.033625215808962446 0.020799858185925908 0.011427822303607525 0.0060707617238646002
leaf_weight=22.645662119612098 3233.1954067125916 16786.09173296392 1619.8716375874355 675.7217232035473 24.764032058417797 1188.6983803510666 737.67412607744336 21583.443399533629 35378.363167867064 1598.3391750603914 12315.563345991075 1944.5143261663616 30818.669958677143 8150.120986148715 33259.513291891664 4619.1765320524573 1148.2232444463298 252.44527983292937 72.08943709731102 37558.70676096715 6910.6392724104226 361.05792366154492 481.70188858918846 13411.122890081257 7010.260698932223 304.62428832426667 996.411447070539 1388.2260015560314 623.76932890247554 408.97254113201052 213.06936029344797 825.1970068141818 245.02970458194613 1499.2908103112131 2466.5673844330013 24532.682082030922 2084.0740348407999 10872.297399420291 265.95718579553068 307.2238569073379 489.20920986682177 680.29971285071224 434.31381191220134 3942.3913613446057 38.599085934460163 471.90831167250872 407.34500358439982 898.1271042143926 257.7468098718673 982.0033864537254 1335.6098715029657 950.15685814339668 323.09301153291017 908.90415752306581 1560.6821356890723 991.04774959385395 1232.4011324606836 222242.68526427634 1504.4101026188582 2798.7497930265963 1453.1435427628458 623.85503339674324
leaf_count=647 191287 101436 83562 7526 348 10296 18847 93994 214942 54751 158790 26433 159061 41683 143835 22843 12086 4704 773 178666 36619 5975 13382 67324 77136 3216 10710 15856 36556 4144 2019 7774 3710 52868 37317 204947 16963 66255 3339 3742 8256 9606 5356 41096 901 11474 6751 10437 3280 10217 15056 14559 4629 7632 20057 10826 14808 1017183 43889 32626 39694 7668
internal_value=-8.8691e-05 -0.000441458 -9.72288e-05 0.00428213 -0.0206656 0.00290338 -0.000956457 -0.00123925 -0.00643601 0.0384465 0.00702967 0.0196489 -0.00070958 -0.000650227 -0.000784444 -0.00332291 0.00607076 0.00607076 -0.0101886 -0.00467672 -3.97831e-05 -0.00616229 0.0309876 -0.000650227 0.00607076 0.00643305 0.00607076 0.0174093 0.023006 -0.000650227 0.0138872 0.00198253 0.00607076 -0.0407603 -0.0258531 -0.000650227 0.00319367 0.000222052 0.00860931 0.015772 -0.0315116 0.00670472 0.0207999 -0.00467672 -0.025097 -0.0417925 -0.0364878 0.00607076 0.0162305 0.00366137 0.00607076 0.0207999 0.00607076 -0.000650227 0.00607076 0.0128925 0.00607076 -0.000650227 -0.0418382 0.0202885 0.0165834 0.0181064
internal_weight=532723 527891 519057 85134.7 8833.71 80956.2 433923 417137 38582.6 4831.53 37459.3 3768.46 378554 294471 263652 84083.1 1823.94 33690.8 5807.36 62499.6 24940.9 4886.05 4178.49 18030.3 32165.1 25154.8 22308.1 2846.78 2558.61 43496.9 1447.24 1038.27 1458.56 3026.35 3204.24 42049.7 17517 15432.9 4560.63 3371.93 921.318 21311.7 1114.61 4524.99 582.597 510.507 896.554 20197 2137.88 1239.75 18059.2 1525.7 575.538 1153.93 16723.5 4407.99 2847.3 230393 3003.7 3105.97 1934.85 1856.26
internal_count=3532363 3286325 3113347 979597 172978 806403 2133750 2032314 271106 246038 454298 46045 1761208 1361762 1202701 399446 19612 408253 75574 305452 126786 60219 173194 90167 384361 307225 276811 30414 89632 352105 13937 9793 14558 97404 56164 338168 133221 116258 50003 39707 15355 266101 14962 54244 13148 12375 15007 251139 23934 13497 227205 23892 9333 11342 212149 53359 33302 1058866 96757 36368 53076 22476
is_linear=0
shrinkage=0.05


Tree=69
num_leaves=63
num_cat=0
split_feature=0 0 1 0 1 0 1 1 1 1 0 8 1 8 8 10 10 8 8 1 1 1 8 9 9 8 8 8 10 9 8 9 0 9 1 8 9 9 9 10 8 8 10 10 12 10 9 9 8 8 1 0 10 9 8 8 10 8 8 10 10 12
split_gain=2726.07 1299.16 797.399 693.257 1034.21 621.519 452.479 369.816 343.801 284.868 245.041 272.055 235.873 155.76 192.233 164.323 258.572 206.355 178.334 147.792 155.98 133.088 132.333 129.8 124.927 124.658 124.292 121.45 121.414 100.787 100.568 100.128 95.8876 94.3177 93.2254 85.0939 88.4362 140.531 125.534 84.5745 104.005 84.0862 110.713 59.9133 56.7155 256.129 54.7048 52.8869 63.391 45.9003 44.8146 44.277 163.939 130.379 39.8617 38.842 63.8297 59.217 84.7865 37.8379 129.495 34.7511
threshold=2.5000000000000004 -2.4999999999999996 1230.5000000000002 -1.0000000180025095e-35 531.50000000000011 1.0000000180025095e-35 2100.5000000000005 1890.5000000000002 184.50000000000003 1639.5000000000002 1.5000000000000002 0.37821100652217871 60.500000000000007 0.36279271543025976 0.37428823113441473 0.23041371256113055 0.21738760173320773 0.47552274167537695 0.56198832392692577 600.50000000000011 17.500000000000004 600.50000000000011 0.62994056940078746 0.39191363751888281 0.13645498454570773 0.51510196924209606 0.40256786346435552 0.29661081731319433 0.24660515785217288 0.48604546487331396 0.23841005563735965 0.55594193935394298 -3.4999999999999996 0.13645498454570773 268.50000000000006 0.38402423262596136 0.30984808504581457 0.28194808959960943 0.22679615020751956 0.20455986261367801 0.59168273210525524 0.65545433759689342 0.20397088676691058 0.23029959201812747 3.5000000000000004 0.21420419216156009 0.61451807618141185 0.36119578778743749 0.39315852522850042 0.52730908989906322 960.50000000000011 -3.4999999999999996 0.1970353573560715 0.46368840336799627 0.59168273210525524 0.28225387632846838 0.23628672212362292 0.33831831812858587 0.35031150281429296 0.23318386822938922 0.23491215705871585 3.5000000000000004
decision_type=2 2 2 2 2 2 2 2 2 2 2 2 2 2 2 2 2 2 2 2 2 2 2 2 2 2 2 2 2 2 2 2 2 2 2 2 2 2 2 2 2 2 2 2 2 2 2 2 2 2 2 2 2 2 2 2 2 2 2 2 2 2
left_child=1 2 19 6 5 12 8 10 20 -2 41 -12 -5 21 -15 16 18 -17 -16 -1 -3 -10 -20 35 -9 -18 -21 46 31 51 -31 -23 -28 -29 -7 -14 37 38 -37 40 -13 42 -6 -40 -26 -46 -8 -38 -49 -27 -41 52 -4 -54 -44 -25 -57 -58 -59 -47 -61 -35
right_child=9 3 29 4 7 34 27 24 13 -11 11 39 23 14 15 17 25 -19 22 26 -22 28 -24 55 44 49 32 33 -30 30 -32 -33 -34 61 -36 36 47 -39 43 50 -42 -43 54 -45 45 59 -48 48 -50 -51 -52 -53 53 -55 -56 56 57 58 -60 60 -62 -63
leaf_value=-0.048398588116728876 0.046761602082935824 -0.046764425583470479 -0.0066593895914490208 0.034749049541257071 0.00030636881471543856 0.044777293038504806 -0.0066593895914490208 0.020553305758364303 -0.016605866305970992 0.020553305758364303 0.0029103108582199028 0.0029103108582199028 0.027056033995083613 0.00030636881471543856 -0.0066593895914490208 -0.0066593895914490208 0.00030636881471543856 0.00030636881471543856 0.00030636881471543856 -0.041237759703701089 -0.015408694007335549 -0.0066593895914490208 -0.0066593895914490208 -0.015408694007335549 0.00030636881471543856 -0.0066593895914490208 -0.042928708867169353 0.020553305758364303 0.00030636881471543856 -0.0066593895914490208 -0.048022970759482295 0.00030636881471543856 -0.007756022746836979 0.00030636881471543856 0.027056033995083613 0.024923905637882379 0.00030636881471543856 0.027056033995083613 0.00030636881471543856 0.035311764605507133 0.020553305758364303 0.018845539954240723 0.0029103108582199028 0.027056033995083613 0.020553305758364303 0.00030636881471543856 0.00030636881471543856 0.00030636881471543856 0.023606857600636116 0.00030636881471543856 0.020553305758364303 -0.0066593895914490208 -0.048829514032750036 -0.0066593895914490208 0.020553305758364303 0.00030636881471543856 0.027056033995083613 -0.015408694007335549 0.027056033995083613 0.020553305758364303 0.00030636881471543856 -0.005588980266987887
leaf_weight=1663.2340112999082 3087.6567695783451 442.26415346749127 63.206155743449926 653.53842543996871 5914.1765493042767 1315.7491929549724 5365.7563377171755 499.03843618556857 3648.3023168221116 1564.5092884618789 1454.568713279441 240.22125970199704 404.75384512543678 4403.3926570042968 12919.20903807506 24398.85343837738 24618.098247628659 2221.3814670778811 5611.9647117853165 958.49918132461607 3800.4115033652633 18514.234393171966 1706.3668853528798 483.34515669569373 224716.04113765061 994.3939674012363 255.33780156634748 138.53267160058022 656.84495528787374 125.40779594704509 293.26897618547082 1445.0537422895432 796.53159525245428 67215.910577565432 1719.9676104038954 660.2733560167253 2432.7070115432143 1136.7331623136997 1118.2745166830719 707.6847521038726 356.61686429660767 818.67081201821566 75879.523288689554 118.18860254064202 2227.5088209062815 4859.1189711540937 311.63957199454308 323.30564488098025 606.57415033504367 1364.2421823628247 2870.2170389201492 3969.3244022838771 488.13043159246445 41.070779539644718 113.61312766000628 1782.4441948719323 179.77532941102982 129.06430872529745 141.3699191249907 451.87235348299146 1359.708416134119 2965.0906644016504
leaf_count=61235 191245 8390 646 15734 44957 71162 25921 5369 27213 54601 32090 7173 3521 22879 63595 124161 122142 10108 25645 25770 39066 98679 7867 3576 1189479 4559 7750 709 3087 1904 5267 7865 16208 284208 72005 6823 21109 11541 10937 35324 11554 8523 501278 1242 16337 31784 1560 2742 5238 6554 74365 41308 12375 961 1125 14193 1426 1028 1210 2909 8877 13977
internal_value=-0.000148577 -0.00048496 -0.0196969 -0.000164214 0.00118486 0.0148986 -0.0026423 0.000623202 -0.00474158 0.0379541 0.00359729 0.0136905 0.00897061 -0.00416417 -0.00303521 -0.00397626 -0.00219175 -0.00665939 -0.00651268 -0.0373657 -0.0186875 -0.00665939 0.000306369 0.00695984 0.000306369 0.000306369 -0.0282184 0.000306369 -0.00624578 -0.00665939 -0.0311643 -0.00665939 -0.0163267 0.000306369 0.034749 0.0107779 0.00930464 0.0154934 0.00707375 0.0205533 0.00291031 0.00291031 0.00275081 0.000306369 0.000306369 0.00632076 -0.00665939 0.00371867 0.013875 -0.00665939 0.0205533 -0.00665939 -0.0216835 -0.0386863 0.00291031 0.000306369 0.000306369 0.0191142 0.00150309 0.00141601 0.00783765 0.000306369
internal_weight=531723 527071 8654.01 518417 335675 13206.1 182742 322469 106745 4652.17 88355.3 5629.31 10170.3 102502 78237.9 73834.5 47214.3 26620.2 20237.5 3673.6 4242.68 24264.4 7318.33 9516.81 234113 26976.7 2010.37 75996.9 20616.1 4980.41 418.677 19959.3 1051.87 70319.5 3035.72 6800.81 6396.06 3033.47 1896.74 4174.74 596.838 82726 81907.3 1236.46 233614 8898.21 5677.4 3362.59 929.88 2358.64 3577.9 4561.73 592.407 529.201 75993.1 2716 2232.65 450.21 270.434 6670.7 1811.58 70181
internal_count=3532086 3286240 173424 3112816 2214631 243487 898185 1971144 571810 245846 716389 160506 100320 524354 387510 364631 230362 134269 97107 110963 47456 136844 33512 84586 1254755 133255 49728 326375 109631 62461 7171 106544 23958 298894 143167 63153 59632 30543 19002 128416 18727 555883 547360 12179 1249386 59907 27481 29089 7980 11113 109689 55290 13982 13336 502403 21433 17857 3664 2238 43570 11786 298185
is_linear=0
shrinkage=0.05


Tree=70
num_leaves=63
num_cat=0
split_feature=0 0 1 0 1 9 9 0 1 1 1 8 10 9 10 9 10 0 10 0 10 9 9 9 9 9 9 9 1 1 9 9 9 8 9 1 0 9 9 9 10 10 1 9 10 9 9 9 9 9 9 9 9 9 9 10 10 10 10 10 0 8
split_gain=2549.91 1192.18 709.711 589.084 1121.44 423.129 353.728 420.082 499.293 303.311 234.425 207.074 248.418 206.389 237.697 184.14 176.141 151.956 141.839 126.891 169.006 124.493 489.24 119.116 227.943 188.877 149.729 142.456 103.569 139.881 94.1731 93.1423 119.157 196.123 129.811 85.5259 83.601 83.5554 82.6091 80.2011 79.0513 79.0038 58.7092 86.6617 58.0803 57.8772 278.218 57.8674 52.8277 126.253 92.8789 86.7627 98.0682 90.8025 61.7449 52.7471 58.7153 47.6884 123.269 46.6137 46.2331 44.3873
threshold=2.5000000000000004 -2.4999999999999996 1080.5000000000002 1.0000000180025095e-35 770.50000000000011 0.33949495851993566 0.20990382134914401 -1.4999999999999998 540.50000000000011 1608.5000000000002 339.50000000000006 0.43958365917205816 0.23648047447204593 0.44720508158206945 0.23041371256113055 0.21753472089767459 0.1970353573560715 1.5000000000000002 0.22650390863418582 -3.4999999999999996 0.1970353573560715 0.24096949398517611 0.24645112454891208 0.32364235818386083 0.32725121080875402 0.31173904240131384 0.30441309511661535 0.30191217362880712 510.50000000000006 142.50000000000003 0.37714664638042456 0.13645498454570773 0.15266980975866321 0.63663336634635936 0.20990382134914401 1548.5000000000002 -3.4999999999999996 0.46368840336799627 0.39191363751888281 0.30598290264606481 0.23388879746198657 0.2070354372262955 1608.5000000000002 0.21273195743560794 0.21878854185342791 0.33173237740993505 0.3340155184268952 0.20178101211786273 0.29552344977855688 0.29744088649749761 0.2993187159299851 0.28726255893707281 0.28390011191368109 0.28536857664585119 0.28622974455356603 0.2295363247394562 0.21942402422428134 0.21663307398557666 0.22545928508043292 0.21097603440284732 3.5000000000000004 0.39419347047805792
decision_type=2 2 2 2 2 2 2 2 2 2 2 2 2 2 2 2 2 2 2 2 2 2 2 2 2 2 2 2 2 2 2 2 2 2 2 2 2 2 2 2 2 2 2 2 2 2 2 2 2 2 2 2 2 2 2 2 2 2 2 2 2 2
left_child=1 2 28 6 10 11 -3 8 29 -2 -5 12 14 60 -6 31 -9 30 41 20 -4 -17 -23 25 -25 26 27 48 -1 -8 57 -13 -33 34 -34 38 -30 -22 -7 -28 47 -10 -36 -44 -39 -26 -47 -21 51 -50 -51 52 -24 -54 -55 56 -32 -12 -59 -45 -11 -38
right_child=9 3 19 4 5 35 7 16 18 13 17 15 -14 -15 -16 21 -18 -19 -20 40 37 22 23 24 45 -27 39 -29 36 -31 55 32 33 -35 42 -37 61 44 -40 -41 -42 -43 43 59 -46 46 -48 -49 49 50 -52 -53 53 54 -56 -57 -58 58 -60 -61 -62 -63
leaf_value=-0.049130935499083865 0.046910347614262188 0.0061250037584858691 -0.0076489870102165007 0.041158765587534341 0.02828876664632542 0.0099797315121583074 -0.049130935499083865 -0.0046194812892207827 -0.0046194812892207827 0.02828876664632542 0.03172256343243323 0.02828876664632542 0.019712208391194634 -0.000877932261493537 0.0061250037584858691 -0.000877932261493537 -0.000877932261493537 0.037826842583025003 -0.001327488678409771 0.0061250037584858691 -0.048540647131024635 0.02828876664632542 0.0050336969559561942 0.02828876664632542 -0.000877932261493537 -0.000877932261493537 0.02828876664632542 -0.000877932261493537 -0.047204096923534021 -0.021163099965648576 -0.000877932261493537 0.0061250037584858691 0.0061250037584858691 0.02828876664632542 0.046910347614262188 -0.000877932261493537 -0.037460201951343149 -0.05109009626144162 -0.000877932261493537 0.011313020697087979 -0.001327488678409771 -0.0076489870102165007 0.02828876664632542 -0.000877932261493537 -0.0076489870102165007 0.02828876664632542 -0.000877932261493537 -0.0076489870102165007 0.02828876664632542 -0.000877932261493537 0.016974322768738608 -0.000877932261493537 0.02828876664632542 -0.000877932261493537 0.023736102636273751 -0.000877932261493537 0.029334215468051723 0.0061250037584858691 0.026004679453730459 0.02828876664632542 0.046112317572799238 -0.021163099965648576
leaf_weight=1382.9570647105575 2918.2914150981233 16719.067873852327 96.988658305257559 1647.8289015041664 643.09423414245248 3610.6436313521117 542.02674237079918 7683.3406901471317 2701.369966737926 1029.7059554029256 588.22731905244291 237.1700088493526 1855.0247702617198 188.19256223551929 1136.6989257242531 2803.4919526334852 370554.71367453039 820.9939774768427 17040.195570059121 105.39827801287174 570.04395640827715 868.67978267744184 8406.5682069957256 1043.930688675493 859.53238035738468 4230.458539981395 606.58389575779438 975.46885644644499 480.54399917274714 2181.1208790224046 247.25306962989271 316.27127050794661 2085.1428253315389 906.52874885499477 210.17750528641045 34564.09723366797 420.06406177580357 77.387268807739019 4479.633336270228 2161.342929372564 1072.2242425270379 15813.809100352228 253.77334727719426 405.2477462105453 47.244902890175581 363.45105484127998 359.13837556913495 3633.6283923387527 542.83961421810091 556.78494362346828 906.71966830268502 2520.5941758453846 485.6042042132467 269.60244654864073 299.55297947488725 446.89582309126854 308.26423111371696 449.75266548618674 1081.3425436224788 52.218016695231199 365.35378664918244 582.79076069034636
leaf_count=53488 189880 101379 1370 91780 7077 50758 14892 36415 15718 38169 14283 4510 25109 4193 11679 36238 1724577 48908 106379 699 15533 11974 100071 12308 9267 43759 6728 10330 16929 36928 4830 4532 29868 13884 3851 234228 12671 2321 50554 22434 12367 96904 3086 4626 1213 4237 4021 40978 6264 5941 10056 28924 5947 2951 3470 9298 6502 10634 24979 585 14509 15854
internal_value=-0.000116502 -0.000437031 -0.0190437 -0.000132684 0.00368339 0.00215206 -0.000877932 -0.00116422 -0.00620024 0.0373509 0.0253228 0.006125 0.018058 0.0197122 0.006125 0.006125 -0.000877932 0.0186955 -0.00461948 -0.00868823 -0.0278459 0.00330784 0.00475017 0.00332052 0.0133826 0.00211682 0.00526508 0.00328844 -0.0392756 -0.0268306 0.0136536 0.0142321 0.0120437 0.0168011 0.00998482 -0.000877932 -0.0300607 -0.0403936 0.00432754 0.015946 -0.00764899 -0.00764899 0.026136 0.0191959 -0.00764899 0.00128554 0.0136206 -0.00764899 0.00575737 0.0132648 0.00536594 0.00449927 0.00683827 0.0212026 0.00609567 0.00102426 0.0147258 0.0196238 0.0149579 0.00373769 0.0282888 -0.0218072
internal_weight=530813 526312 8469.27 517842 84606.6 79016.1 433236 416517 38278.5 4501.54 5590.56 36361.7 3634.82 1583.25 1779.79 32726.9 378238 3942.73 35555.4 5602.92 791.665 28260.3 25456.9 24588.2 2626.05 21962.1 17731.7 14963.7 2866.36 2723.15 3121.74 4466.53 4229.36 3913.09 3006.56 42654.4 1483.4 694.676 8090.28 2767.93 4811.25 18515.2 921.417 711.239 124.632 1582.12 722.589 3739.03 13988.3 2006.34 1463.5 11981.9 9461.33 1054.76 569.155 1002.41 555.517 2119.32 1531.1 457.466 1395.06 1002.85
internal_count=3533847 3287096 173423 3113673 980481 769267 2133192 2031813 270821 246751 211214 433727 43865 56871 18756 389862 1760992 119434 219001 74481 20437 324920 288682 276708 29833 246875 203116 173954 98942 51820 70526 64942 60432 55900 42016 335540 45454 19067 101312 29162 54044 112622 12148 8297 3534 17525 8258 41677 163624 22261 15997 141363 112439 12368 6421 20630 11332 49896 35613 5211 52678 28525
is_linear=0
shrinkage=0.05


Tree=71
num_leaves=63
num_cat=0
split_feature=0 0 0 1 1 0 0 1 1 1 0 10 11 11 10 10 9 0 9 1 11 9 9 9 9 9 1 12 10 10 11 9 9 10 1 12 10 10 10 0 11 10 12 10 10 5 11 9 10 10 9 10 9 10 10 10 9 9 10 10 10 9
split_gain=2356.06 1129.08 694.737 838.661 639.733 531.942 460.511 428.749 336.911 314.942 311.08 276.506 427.498 292.036 242.538 258.312 498.693 228.678 220.332 216.51 203.296 210.875 190.566 185.643 162.183 147.013 132.54 131.246 264.33 123.905 165.391 120.942 117.709 114.527 112.495 112.311 244.27 379.721 146.297 129.85 142.745 118.589 108.68 103.027 275.174 102.43 90.314 87.7788 86.6389 86.4486 80.2994 239.468 154.224 91.0397 95.9914 80.196 479.133 223.678 177.708 185.096 121.525 111.66
threshold=2.5000000000000004 -3.4999999999999996 -1.0000000180025095e-35 442.50000000000006 329.50000000000006 1.0000000180025095e-35 -1.4999999999999998 2070.5000000000005 1819.5000000000002 1608.5000000000002 1.5000000000000002 0.23608218133449557 0.49837101995944982 -0.74314039945602406 0.22933929413557055 0.22530259191989901 0.42458714544773107 -1.4999999999999998 0.37090700864791876 50.500000000000007 0.19183616340160373 0.44334584474563604 0.29170815646648413 0.55594193935394298 0.13645498454570773 0.43506775796413427 17.500000000000004 3.5000000000000004 0.21420419216156009 0.20455986261367801 0.65152674913406383 0.4768217951059342 0.29827889800071722 0.22716157883405688 780.50000000000011 3.5000000000000004 0.22892133146524432 0.2065781503915787 0.22992139309644702 -2.4999999999999996 0.14369793981313708 0.23776898533105853 4.5000000000000009 0.22503591328859332 0.21896186470985415 1.5000000000000002 1.3603729009628298 0.27550190687179571 0.24612163752317431 0.2308139503002167 0.48981106281280523 0.22612502425909045 0.48981106281280523 0.22944547981023791 0.23465987294912341 0.23491215705871585 0.43506775796413427 0.29170815646648413 0.23724532872438434 0.23628672212362292 0.24160283803939822 0.42584078013896948
decision_type=2 2 2 2 2 2 2 2 2 2 2 2 2 2 2 2 2 2 2 2 2 2 2 2 2 2 2 2 2 2 2 2 2 2 2 2 2 2 2 2 2 2 2 2 2 2 2 2 2 2 2 2 2 2 2 2 2 2 2 2 2 2
left_child=1 -1 4 5 6 19 -3 10 17 -2 11 14 13 -13 15 -5 30 18 35 -4 23 -22 -15 42 -9 -24 -8 46 -29 -12 -17 -27 -28 -32 -31 36 37 -6 -37 -40 41 -41 -20 44 -39 -34 52 -30 -38 -42 -10 -52 55 -53 -55 -26 57 60 59 61 -57 -59
right_child=9 2 3 7 8 -7 26 24 50 -11 29 12 -14 22 -16 16 -18 -19 20 -21 21 -23 25 -25 27 31 32 28 47 34 33 -33 45 -35 -36 38 48 43 39 40 49 -43 -44 -45 -46 -47 -48 -49 -50 -51 51 53 -54 54 -56 56 -58 58 -60 -61 -62 -63
leaf_value=-0.040134155814095442 0.046754815551028756 -0.038335150495628814 0.036696930741450126 0.0015011589584561493 -0.0027986040776583911 0.036696930741450126 -0.038335150495628814 0.018506891965986177 -0.00064458778000634929 0.018506891965986177 0.0015011589584561493 0.01360357304752716 0.01360357304752716 0.01360357304752716 -0.00064458778000634929 0.016294704325391037 -0.00064458778000634929 -0.0027986040776583911 -0.017790247350473389 0.0070460537480506007 -0.0027986040776583911 -0.031519419270032739 -0.00064458778000634929 -0.0027986040776583911 -0.00064458778000634929 0.016294704325391037 0.0026054697464538154 0.018506891965986177 0.018506891965986177 0.038255111240653651 0.016294704325391037 -0.00064458778000634929 -0.014419618662585953 -0.00064458778000634929 0.016294704325391037 -0.0027986040776583911 -0.0027986040776583911 -0.039390909802099902 -0.040134155814095442 -0.020559317273101192 -0.0027986040776583911 -0.0027986040776583911 -0.032645322088388475 -0.040134155814095442 -0.0027986040776583911 0.0070460537480506007 0.013111576378489026 -0.00064458778000634929 -0.038483518527014655 -0.03326172745341055 -0.003719635788786842 -0.040134155814095442 -0.003719635788786842 -0.003719635788786842 -0.040134155814095442 0.018506891965986177 0.018506891965986177 -0.00046332952610182802 -0.00064458778000634929 0.014923965375436974 -0.00064458778000634929 0.018506891965986177
leaf_weight=1783.4484968204051 2772.6549743507057 1808.3596817646176 504.6573322545737 46153.309935513884 632.63012590445578 2157.2855840399861 285.55899765342474 450.64765160903335 90837.4036469087 1534.6646299157292 817.05836428515613 1790.9823799226433 6010.1466772798449 414.24449021182954 22287.894960688427 7646.8672694247216 2484.5495911389589 59399.148555442691 4451.9856973178685 7203.9635576307774 1299.4039910249412 647.90031806007028 11298.351497376338 387.05394747294486 147368.41981551051 629.0379594899714 1734.0744703486562 1522.2522663585842 248.8157133422792 582.71796802058816 1084.880405979231 84.290703982114792 4730.6351337842643 1455.3844436481595 5349.3493383470923 6619.6480745282024 2234.782316416502 1111.940242100507 366.47730547562242 944.58601013198495 65.883514177054167 724.48565819859505 1704.9263410381973 759.52906130813062 858.21893872879446 306.42308631539345 1279.0006424374878 4083.5520345084369 211.88413883186877 764.69913548231125 5506.8998331837356 267.1221877746284 12485.371303841472 216.51041875779629 81.572279840707779 1428.7726388759911 2605.1705016717315 6557.0595230571926 34522.939715377986 3670.9065909385681 352.30434214696288 217.60445656627417
leaf_count=60162 188782 53408 12605 317439 3553 118697 4535 4869 400563 56698 24114 12522 44129 3681 140524 50853 13012 255386 44430 71565 13784 7021 70604 4647 790546 3574 10262 11063 2156 34875 8126 356 31163 11014 130694 53820 19080 8639 7762 7246 490 5845 25794 6109 6756 2058 9979 25941 1921 6205 28412 1539 51960 1094 434 10632 11466 32532 172831 18595 2498 962
internal_value=-0.000127495 -0.000429405 -0.000294117 0.00107412 -0.00271798 0.0154348 -0.01583 0.000637972 -0.00207247 0.0366969 0.00321037 0.00251807 0.00774802 0.0024697 0.0012138 0.00323736 0.0095604 -0.00445763 -0.00860029 0.00928812 -0.0150584 -0.0027986 -0.000559563 -0.0193116 -0.000644588 -0.000644588 -0.0100582 -0.000644588 0.00685273 0.0136036 0.0136036 0.0136036 -0.00862911 0.0033865 0.0162947 -0.00501413 -0.0106249 -0.0197509 -0.0027986 -0.0143095 -0.0102158 -0.0027986 -0.0219084 -0.0292864 -0.0229731 -0.0124965 -0.000644588 0.000173677 -0.0027986 -0.0271826 -0.000644588 -0.00690397 -0.000644588 -0.0378682 -0.0122756 -0.000594113 0.00137341 0.000189038 -0.000499441 0.00588371 0.0175622 0.000983695
internal_weight=529798 525491 523708 334748 188960 9865.91 8865.05 324882 180095 4307.32 108089 101340 20227.1 14216.9 81112.9 58825 12671.7 83185.2 23786 7708.62 8491.27 1947.3 12425.9 6543.97 216793 12011.7 7056.69 216342 5854.62 6749.13 10187.1 713.329 6771.13 2540.26 5932.07 15294.8 5808.98 3362.32 9485.78 2866.13 2499.65 1669.07 6156.91 2729.69 1970.16 5037.06 210488 4332.37 2446.67 830.583 96909.5 6072.1 209209 565.205 298.083 196723 49354.8 46749.6 44968.5 10445.6 1781.08 6774.66
internal_count=3532012 3286532 3226370 2214414 1011956 202867 101426 2011547 910530 245480 865517 675834 134866 90737 540968 400444 83005 478488 223102 84170 95676 20805 78215 74871 1146030 74534 48018 1141161 39160 189683 69993 3930 43483 19140 165569 127426 46058 25057 81368 27548 19786 13091 70224 21504 15395 33221 1102001 28097 21001 6695 432042 31479 1092022 3067 1528 1040062 249516 238050 224920 52089 13130 33494
is_linear=0
shrinkage=0.05


Tree=72
num_leaves=63
num_cat=1
split_feature=0 0 0 2 0 2 0 10 9 9 10 10 10 8 9 12 11 11 2 12 8 9 8 8 12 2 9 9 10 8 8 11 12 8 8 10 12 12 8 4 9 9 11 11 8 10 11 11 0 8 10 9 12 9 11 12 8 9 9 11 11 11
split_gain=2264.2 1057.15 599.482 706.599 493.443 492.64 436.843 254.081 228.486 222.873 227.747 254.861 210.642 202.976 187.672 190.413 186.809 278.328 183.214 177.313 166.824 232.241 173.308 204.753 163.489 163.162 228.505 152.802 179.614 203.407 230.57 183.164 180.252 161.916 152.178 179.262 144.29 186.688 183.716 137.957 137.464 156.16 129.925 117.663 215.223 162.658 114.622 109.744 107.857 106.664 99.1354 98.5711 96.6891 210.605 92.5181 91.5149 90.6138 90.5069 147.185 88.7918 87.6262 85.5254
threshold=2.5000000000000004 -3.4999999999999996 -1.0000000180025095e-35 2.5000000000000004 1.5000000000000002 2.5000000000000004 -2.4999999999999996 0.23628672212362292 0.13645498454570773 0.31077328324317938 0.2295363247394562 0.22530259191989901 0.22612502425909045 0.21525833755731585 0.33718366920948034 2.5000000000000004 -0.84491586685180653 0.55947309732437145 2.5000000000000004 9.5000000000000018 0.45519419014453893 0.36473333835601812 0.37011507153511053 0.32536515593528753 1.5000000000000002 1.5000000000000002 0.46368840336799627 0.30524310469627386 0.23388879746198657 0.48112049698829656 0.49222685396671301 0.44211262464523321 6.5000000000000009 0.49985919892787939 0.4416430145502091 0.23562281578779223 1.0000000180025095e-35 3.5000000000000004 0.55624774098396312 0 0.32506214082241064 0.3340155184268952 -1.842118442058563 -0.27766193449497217 0.41067200899124151 0.2283434867858887 -0.34846766293048853 -1.0962244868278501 1.0000000180025095e-35 0.33469550311565405 0.1970353573560715 0.13645498454570773 1.0000000180025095e-35 0.33949495851993566 1.2632104754447939 7.5000000000000009 0.37821100652217871 0.20178101211786273 0.18625104427337649 -1.1724491715431211 0.21774575859308246 -0.72600415349006642
decision_type=2 2 2 2 2 2 2 2 2 2 2 2 2 2 2 2 2 2 2 2 2 2 2 2 2 2 2 2 2 2 2 2 2 2 2 2 2 2 2 9 2 2 2 2 2 2 2 2 2 2 2 2 2 2 2 2 2 2 2 2 2 2
left_child=1 50 5 8 7 51 -7 9 -4 27 11 24 -13 -8 15 60 -9 20 26 39 21 46 23 -23 54 -10 -2 28 29 -5 -31 36 33 -33 -12 59 -32 -38 -39 -15 -26 61 -43 -16 45 -45 -18 -29 -25 -47 -1 -3 -27 -54 -11 -53 -51 58 -35 -36 -14 -42
right_child=18 2 3 4 -6 6 13 16 25 10 34 12 14 19 43 -17 17 -19 -20 -21 -22 22 -24 48 40 52 -28 47 -30 30 31 32 -34 57 35 -37 37 38 -40 -41 41 42 -44 44 -46 49 -48 -49 -50 56 -52 55 53 -55 -56 -57 -58 -59 -60 -61 -62 -63
leaf_value=-0.029046719060125487 0.031982411689025013 0.030890067804443994 0.030890067804443994 -0.0057397126451080999 0.027499950646555856 -0.029046719060125487 -0.029046719060125487 0.027499950646555856 -0.0009289651488121305 0.027499950646555856 -0.0057397126451080999 0.027499950646555856 0.027499950646555856 -0.019306846120474494 -0.0057397126451080999 0.027499950646555856 0.01771545882509263 0.023988244165538578 0.047900227270902318 -0.029046719060125487 0.027499950646555856 0.027499950646555856 0.027499950646555856 -0.0057397126451080999 -0.0057397126451080999 -0.0010172144719777718 0.0015445824623858669 -0.0057397126451080999 0.027499950646555856 0.027499950646555856 -0.0057397126451080999 0.025804582021968225 0.02606478126418928 -0.0057397126451080999 -0.0057397126451080999 -0.0057397126451080999 0.027499950646555856 -0.0028495107617274112 0.025904180010186462 -0.0057397126451080999 -0.0057397126451080999 0.027445759099268253 -0.0012089850048740826 0.027499950646555856 -0.0057397126451080999 0.027499950646555856 -0.0057397126451080999 0.027499950646555856 0.027499950646555856 -0.0057397126451080999 -0.045842854716390179 -0.0010172144719777718 0.0051134876417324553 0.00012460586650074994 -0.0057397126451080999 -0.02350272086991138 0.027499950646555856 -0.0057397126451080999 0.027499950646555856 0.027499950646555856 -0.0057397126451080999 0.027499950646555856
leaf_weight=155.32048156298697 1931.306514008902 188.49118342995644 598.11401260457933 1306.2448961790651 2675.6707846550271 2093.3004765044898 422.44502373598516 861.75900823716074 181394.04364366084 518.96401175670326 6795.8726851055399 885.85487273149192 140.80933389440179 1969.2042952887714 1006.4971369616687 549.89666874147952 607.14112695492804 2552.2012322507799 2052.7938184533268 437.48668311536312 383.65739209577441 361.80045822821558 957.78231601323932 939.64808240532875 814.5171260619536 20135.7663718611 179.2989878738299 61.229120871052146 454.41886836104095 1321.6650233082473 189.95879639685154 417.95283457171172 555.73602836951613 524.87932920083404 38.788049858063459 58.585595164448023 1584.6559404050931 1583.7334464043379 854.51194675639272 47431.715048866346 89.683401174843311 415.0854134503752 8028.3522402783856 772.36219899356365 483.82537393737584 178.34002620354295 1806.7967873252928 834.9170547015965 214.07031136751175 217.64086461812258 1559.162626190111 135782.47540898621 38896.948497120291 46375.96370238252 63.693361541256309 451.51004711538553 201.61435221880674 3223.5613192049786 316.09713666047901 790.68924117926508 121.14053227938712 355.03202396258712
leaf_count=3697 88824 925 7159 14165 138921 65350 2982 9010 930189 5176 58932 8430 1149 25311 8668 6457 5678 27773 152760 4272 4372 3206 8992 5664 8046 92755 4232 595 5452 15540 1265 5336 8919 6754 488 557 18904 16516 10107 280542 918 3730 66735 6772 4338 1175 16798 9148 3956 1803 56267 630640 330514 279778 678 2846 1604 35578 3745 8165 904 3856
internal_value=-0.000133446 -0.000424732 -0.00029627 0.000975033 0.00665041 -0.00254905 -0.00667214 0.00539455 4.4575e-05 0.00353113 0.000505943 0.00413746 0.013978 -0.00573971 0.00825121 0.0275 0.0130652 0.0104384 0.0365893 -0.00573971 0.00387412 0.00128044 0.0124819 0.00192295 -0.000224331 -1.98593e-05 0.0308901 0.00868198 0.00722987 0.00594877 0.00845866 0.00566539 -0.000768314 -0.00410013 -0.00573971 0.0150705 0.0133579 0.0159764 0.00723405 -0.00573971 -0.00177018 0.0017346 0.000202786 0.00220407 0.010259 0.0214408 -0.00573971 0.0275 -0.00573971 -0.000152871 -0.039611 -0.000966716 0.00154458 0.00154458 0.0254768 -0.00101721 -0.00573971 -0.00573971 0.0109576 0.0259351 -0.00573971 0.0275
internal_weight=529173 525009 523295 334518 47117.3 188777 52354.2 44441.7 287401 35756.8 22527.2 14843.3 4557.98 50260.9 3672.13 811.847 8684.86 7823.1 4163.4 49838.4 5270.9 4887.24 2473.3 1515.52 10285.3 286803 2110.61 13229.6 12333.4 11879 10572.8 9251.09 5038.23 4482.49 7683.94 888.063 4212.86 4022.9 2438.25 49400.9 9702.67 8888.15 8443.44 2860.28 1853.78 1369.96 2413.94 896.146 1153.72 597.595 1714.48 136422 105409 85272.9 582.657 136234 419.255 4064.54 840.976 829.477 261.95 444.715
internal_count=3534018 3288202 3228238 2215370 574975 1012868 378457 436054 1640395 350605 198581 130439 41300 313107 32870 8510 85449 76439 245816 310125 48666 44294 21818 12826 89139 1633236 93056 152024 142281 136829 122664 107124 60332 51413 68142 9210 46792 45527 26623 305853 83285 75239 70465 24360 15692 11354 22476 9743 9620 4582 59964 634411 703047 610292 5854 633486 3407 46077 10499 8653 2053 4774
cat_boundaries=0 1
cat_threshold=1552
is_linear=0
shrinkage=0.05


Tree=73
num_leaves=63
num_cat=0
split_feature=0 0 1 9 0 1 9 8 11 11 10 9 10 8 10 11 1 9 9 10 10 10 10 10 10 10 10 10 10 10 9 10 9 11 8 9 10 10 10 10 11 8 10 8 11 9 11 12 9 10 8 10 0 0 10 12 1 9 9 1 10 10
split_gain=2075.89 988.367 662.412 529.152 616.609 921.163 575.811 646.892 374.571 338.177 584.547 330.057 767.492 405.717 390.023 333.449 327.597 222.207 406.255 516.715 308.13 843.644 276.265 259.455 241.698 224.285 223.283 513.736 216.286 491.019 208.77 387.398 311.04 206.79 200.4 171.728 281.489 425.775 169.265 267.828 349.96 176.224 240.424 225.6 224.821 170.475 165.737 159.033 291.215 156.734 191.587 180.519 152.306 138.318 135.142 132.833 139.979 130.912 130.02 129.302 129.291 127.818
threshold=2.5000000000000004 -2.4999999999999996 831.50000000000011 0.48981106281280523 1.0000000180025095e-35 561.50000000000011 0.52515390515327465 0.25760774314403539 0.16720794141292575 0.40724173188209539 0.1970353573560715 0.55594193935394298 0.20397088676691058 0.2293389365077019 0.19974202662706378 -1.7005322575569151 2209.5000000000005 0.30915527045726782 0.53810203075408947 0.21466173976659778 0.22386372834444049 0.22098699957132342 0.20264781266450885 0.21160219609737399 0.20264781266450885 0.20863866060972217 0.21972625702619555 0.22098699957132342 0.19427843391895297 0.19198419153690341 0.37714664638042456 0.21392750740051272 0.36743076145648962 -1.7005322575569151 0.23841005563735965 0.53198191523551952 0.20829313248395923 0.20329929888248446 0.23318386822938922 0.23905507475137713 0.67698124051094066 0.48112049698829656 0.20600962638854983 0.63663336634635936 0.36436472833156591 0.29278907179832464 1.8394493460655215 4.5000000000000009 0.4609022736549378 0.21663307398557666 0.33093890547752386 0.2164660915732384 -3.4999999999999996 -1.4999999999999998 0.20552200078964236 6.5000000000000009 1410.5000000000002 0.15266980975866321 0.21273195743560794 1040.5000000000002 0.22460558265447619 0.20829313248395923
decision_type=2 2 2 2 2 2 2 2 2 2 2 2 2 2 2 2 2 2 2 2 2 2 2 2 2 2 2 2 2 2 2 2 2 2 2 2 2 2 2 2 2 2 2 2 2 2 2 2 2 2 2 2 2 2 2 2 2 2 2 2 2 2
left_child=1 2 -1 4 -3 -6 20 9 35 11 -11 18 13 28 34 -14 30 -4 19 23 21 24 -16 25 -5 61 -21 -28 29 33 32 -32 38 -13 -15 36 37 -9 41 -40 -41 -7 43 -43 55 46 -46 -33 -49 50 -18 58 -19 -12 -10 56 -44 -45 -52 -2 -58 -8
right_child=59 3 17 6 5 16 7 8 54 10 53 12 15 14 22 -17 49 52 -20 26 -22 -23 -24 -25 -26 -27 27 -29 -30 -31 31 47 -34 -35 -36 -37 -38 -39 39 40 -42 42 44 57 45 -47 -48 48 -50 -51 51 -53 -54 -55 -56 -57 60 -59 -60 -61 -62 -63
leaf_value=-0.043345386916260754 0.049506859090884994 -0.000513689069204782 -0.000513689069204782 0.035702824181605884 0.032196919798468768 -1.0828030073625101e-05 -0.0090302010349418756 0.035702824181605884 0.024094632122323382 -0.0097348524244017035 -0.016414384300582115 0.034887203504058176 -0.0097348524244017035 0.035702824181605884 -0.016414384300582115 0.035702824181605884 0.035702824181605884 -0.040781341700671596 -0.016414384300582115 -0.016414384300582115 -0.016414384300582115 0.028053158091409326 0.031572594099788936 0.035702824181605884 -0.014473835591478268 -0.016414384300582115 0.035702824181605884 -0.016414384300582115 -0.016414384300582115 0.035702824181605884 0.035702824181605884 -0.000513689069204782 0.031292444895031732 -0.016414384300582115 -0.015198297149490746 0.035702824181605884 0.035702824181605884 -0.016414384300582115 0.024320755125070946 -0.000513689069204782 0.034676003586610264 -0.000513689069204782 0.035702824181605884 -0.000513689069204782 0.001159700648025685 0.035702824181605884 0.035702824181605884 0.023509941930124637 -0.000513689069204782 -0.000513689069204782 0.014744352000473474 0.035702824181605884 -0.016414384300582115 0.035702824181605884 -0.016414384300582115 -0.000513689069204782 0.026485608505482341 0.035702824181605884 -0.00043727675938814992 0.035702824181605884 -0.000513689069204782 0.035702824181605884
leaf_weight=1927.9091671220958 1702.1042323950678 406301.01552522555 1859.7111380118877 124.94056659378111 2855.1497436668724 8310.9331290004775 159.52980844303966 187.33682431187481 205.59590960573405 368.24515171721578 80.897543663159013 211.44827089738101 111.54010883159935 401.99051005207002 206.84913395904005 1277.8973851194605 447.54671899974346 640.74356889910996 3499.9982066713274 728.53463226836175 3688.5593218272552 1428.7006585123017 301.25069591589272 477.1113308602944 8537.4413734348491 275.68422301393002 201.67806006595492 356.36591217666864 1777.7906090402976 612.39265959896147 430.67085325904191 8580.8878227323294 1491.4240901665762 2200.6180388564244 235.3430026974529 606.7123983213678 586.49530822038651 396.73424610123038 3394.2185276346281 1962.0127333728597 735.8256213888526 2550.5240966649726 916.15353177115321 277.29519550222903 3172.3279262445867 279.62520248163491 234.25503513589501 1952.4537897426635 387.52119870949537 30620.744695104659 1870.3787794299424 207.9293857999146 3611.1737225893885 1279.2703070649877 203.6860838541761 134.65364003460854 1356.3054110705853 471.88733480684459 5723.9464584067464 2308.1216703886166 347.41277613118291 120.15182736609131
leaf_count=79847 135624 2008451 21956 644 145980 106700 811 914 1029 2054 821 1621 740 2433 1031 6532 2637 21721 17735 3757 19449 7613 1692 2503 43643 1512 901 1897 9184 3040 4753 84317 18591 10700 1190 3178 2926 2136 48098 27475 12689 41312 18864 5612 50202 4658 4816 25073 3593 227907 23845 1732 49837 6980 1101 2387 17181 8947 52269 110017 4089 597
internal_value=-0.000129667 -0.000404015 -0.0177992 -0.000132884 0.000270998 0.0043214 -0.00648223 0.000435917 0.0258241 -0.00329512 0.0174915 -0.00602711 0.00197445 -0.00584301 0.021304 0.0354183 0.0032718 -0.00973485 -0.00973485 0.00451658 -0.00973485 -0.00753239 -0.00973485 0.0308477 -0.0134041 0.000890112 -0.0164144 0.0151939 -0.00973485 -0.00208228 0.00664019 0.000994964 0.00913985 -0.012248 0.0357028 0.0357028 0.0165301 -0.0083546 0.00777017 0.0149762 0.00321497 0.00533754 0.00990052 -0.000513689 0.0155275 0.00744899 0.00425079 -0.000513689 0.0125477 6.65903e-05 0.00649182 0.00465825 -0.0164144 0.0351595 -0.00973485 0.0263317 0.0292253 0.0269317 0.0033032 0.0357028 0.0192548 0.0344993
internal_weight=527914 523903 8039.54 515864 485013 78712.1 30850.8 17071.1 2186.56 14884.6 1728.41 13156.2 7337.12 5947.68 1145.43 1389.44 75856.9 6111.63 5819.05 2319.06 13779.6 10091.1 508.1 1032.48 8662.38 555.366 1286.58 558.044 4802.25 3024.46 36986.4 11351.5 25634.9 2412.07 637.334 1777.28 1170.57 584.071 24143.4 6092.06 2697.84 18051.4 9740.44 3299.71 6440.73 3686.21 3406.58 10920.9 2339.97 38870.5 8249.8 7802.25 4251.92 1360.17 409.282 2754.53 2619.87 749.183 7594.33 4010.23 1703.72 279.682
internal_count=3531544 3285903 173361 3112542 2952178 943727 160364 89015 11284 77731 9855 67876 38163 30891 6346 7272 797747 93514 29713 11978 71349 51900 2723 5423 44287 2920 6555 2798 24545 15361 489357 117736 371621 12321 3623 9154 5976 3050 353030 88262 40164 264768 158068 55871 102197 59676 55018 112983 28666 308390 80483 77846 71558 7801 2130 42521 40134 14559 76114 245641 21270 1408
is_linear=0
shrinkage=0.05


Tree=74
num_leaves=63
num_cat=0
split_feature=0 0 8 9 0 1 8 12 11 1 9 8 9 11 11 12 0 1 9 8 11 11 1 12 11 9 12 9 8 12 9 9 12 8 8 11 9 0 0 1 1 8 9 11 9 9 8 11 8 8 11 1 8 9 12 11 8 8 12 1 8 11
split_gain=1906.73 909.821 560.623 976.171 604.786 882.192 573.674 417.592 404.667 318.281 291.938 912.75 686.158 369.414 347.803 335.405 283.897 692.935 278.284 268.41 263.026 248.763 233.697 224.875 218.337 259.917 215.808 201.597 231.821 184.417 176.66 309.853 177.472 218.26 177.648 220.802 166.239 155.83 155.391 154.296 147.539 143.868 213.358 173.626 136.912 385.44 472.005 306.232 228.711 188.794 212.1 152.397 152.075 345.275 145.943 160.667 133.235 171.82 159.236 130.668 128.735 127.994
threshold=2.5000000000000004 -3.4999999999999996 0.28225387632846838 0.52515390515327465 1.0000000180025095e-35 540.50000000000011 0.25760774314403539 3.5000000000000004 0.31731873750686651 2118.5000000000005 0.55594193935394298 0.21525833755731585 0.54747599363327037 -1.1724491715431211 0.70214208960533153 1.5000000000000002 -1.4999999999999998 540.50000000000011 0.53198191523551952 0.2293389365077019 -1.7005322575569151 0.39015246927738195 1560.5000000000002 3.5000000000000004 0.62744852900505077 0.59058597683906566 1.0000000180025095e-35 0.53810203075408947 0.24668355286121371 2.5000000000000004 0.37714664638042456 0.36743076145648962 4.5000000000000009 0.37104946374893194 0.32536515593528753 -0.27766193449497217 0.21273195743560794 1.5000000000000002 -1.0000000180025095e-35 2430.5000000000005 237.50000000000003 0.38683760166168218 0.38671813905239111 0.10322542116045953 0.51199921965599071 0.50473093986511242 0.27788905799388891 0.056795023381710059 0.27788905799388891 0.27788905799388891 0.012912475969642402 2370.5000000000005 0.25760774314403539 0.51720210909843456 1.0000000180025095e-35 -0.068956233561038957 0.37011507153511053 0.32536515593528753 4.5000000000000009 1040.5000000000002 0.29441830515861517 -0.02227528020739555
decision_type=2 2 2 2 2 2 2 2 2 2 2 2 2 2 2 2 2 2 2 2 2 2 2 2 2 2 2 2 2 2 2 2 2 2 2 2 2 2 2 2 2 2 2 2 2 2 2 2 2 2 2 2 2 2 2 2 2 2 2 2 2 2
left_child=1 -1 3 7 16 -6 10 44 18 30 12 20 21 -13 -14 19 17 40 23 38 -12 26 41 -8 25 -22 39 28 -28 -16 31 37 34 -34 35 -32 -11 61 -15 -5 -4 42 -19 56 45 47 51 48 -3 52 -51 -47 53 -46 55 -50 57 -44 -58 -2 -24 -7
right_child=59 2 4 6 5 9 8 -9 -10 36 11 13 14 15 29 -17 -18 22 -20 -21 24 -23 60 -25 -26 -27 27 -29 -30 -31 32 -33 33 -35 -36 -37 -38 -39 -40 -41 -42 -43 43 -45 49 46 -48 -49 54 50 -52 -53 -54 -55 -56 -57 58 -59 -60 -61 -62 -63
leaf_value=-0.038187135441927672 0.049118519191756527 -0.038187135441927672 -0.038187135441927672 0.03491639998902276 0.032360552079267128 0.012218676537574386 0.02385768826959336 -0.038187135441927672 -0.031223057560916451 0.01426428234878329 0.03491639998902276 -0.020855020626785511 -0.038187135441927672 -0.036249820613159227 0.03491639998902276 0.03491639998902276 -0.00019487693462501553 -0.038187135441927672 0.03491639998902276 0.032689918134359071 -0.038187135441927672 0.029401337651755961 -0.031937355214582568 -0.023541887694417108 -0.038187135441927672 -0.0069564547945205031 -0.038187135441927672 -0.028116698608714498 0.0055983224402090855 -0.037265872360498796 0.03491639998902276 0.032650456419080841 0.0045338313101343968 0.03491639998902276 -0.00019487693462501553 0.0036238667307282829 -0.00019487693462501553 0.016317178467276421 0.0065794657431123074 0.0038597466680611995 -0.018900066243788278 -0.0045552721349843587 -0.0067119935043680988 -0.00019487693462501553 -0.038187135441927672 0.03491639998902276 -0.038187135441927672 0.002635134182305595 0.03491639998902276 0.03491639998902276 -0.038187135441927672 0.00720210601085872 -0.029484244760509877 0.023277655964667826 -0.025824997391442662 -0.019531282579087195 -0.00019487693462501553 -0.034879503725058769 -0.038187135441927672 0.03491639998902276 -0.00019487693462501553 0.002948512662906572
leaf_weight=1585.6683933660388 1624.6207937309518 1243.2046079598367 1104.736031868495 208.35681965202093 2673.1117379171774 5294.1255866028368 950.72427244670689 2160.7920353589579 290.11114069540054 2027.1105798445642 269.18111963476986 461.0572075964883 2040.5863746292889 313.75046931952238 88.687612675130367 1635.705350657925 371606.43546890467 474.14885642193258 656.19343660585582 734.88963590562344 536.05408029444516 620.71331177093089 326.22089953348041 338.58875916991383 191.25498670432717 3565.3822772148997 140.75965634919703 1164.1442510494962 1482.8360514910892 87.787605781108141 700.99854542780668 1323.9766911128536 1780.9919293578714 654.52257455419749 5932.6099372636527 1475.9599082395434 40323.497243445367 4285.4949483452365 646.62396534904838 1000.839146271348 2060.3132405728102 11262.452715665102 906.63351077586412 1102.7631447333843 113.97967205569148 656.94072834774852 352.60001891851425 1053.1844427734613 153.89668424427509 147.15336259454489 75.988057279959321 818.43340101093054 2733.0115156695247 432.73487654700875 521.80788348428905 170.91108439862728 295.01706163957715 1345.0337346699089 157.37347877211869 2228.2241174122319 24114.491689708084 12548.824914289638
leaf_count=59833 135857 6247 37016 825 143061 60829 4501 17405 1560 26202 2352 3795 11248 1415 383 10610 1761523 4970 3615 3097 2899 3640 2326 2437 1322 18410 873 6383 9174 698 6604 17615 21192 9391 63183 12849 312306 130126 2627 3921 41875 95115 10301 11701 597 3359 1581 4920 635 728 474 3406 13134 2300 2931 676 2977 16169 2431 110046 137472 145338
internal_value=-0.000124459 -0.000382457 -0.000267509 -0.00714232 0.000123166 0.00413208 0.000143771 -0.019079 0.0237854 0.00314333 -0.00333739 0.00293261 -0.0110004 0.0210572 -0.0338571 0.026863 -0.00064064 -0.00447951 0.0320001 0.00996752 -0.0121346 -2.12745e-05 -0.00269649 0.0114014 -0.0151438 -0.0119353 -0.00459674 -0.0122474 -0.000858547 0.0335196 0.0067464 0.00916315 0.00137116 0.0136872 -0.000194877 0.014667 0.00025082 0.00775646 -0.00743584 0.013037 -0.0269965 -0.00752175 -0.0153231 -0.0111998 -0.0140714 -0.00873349 0.00951963 -0.0193492 -0.0304243 -0.0216418 0.0227833 0.0219772 -0.0246704 -0.00059604 -0.00946538 0.0168152 -0.0183867 -0.0235459 -0.000194877 0.0349164 -0.000194877 0.00569956
internal_weight=527274 523421 521836 28058.9 493777 79021.2 17424.2 10634.6 2235.62 76348.1 15188.6 8353.9 6834.71 3792.03 2217.06 3330.97 414756 43149.2 1945.51 1695.26 4561.87 4617.65 39984.1 1289.31 4292.69 4101.44 3996.94 2787.74 1623.6 176.475 33997.5 23452.4 10545.1 2435.51 8109.57 2176.96 42350.6 22128.4 960.374 1209.2 3165.05 15543.4 4280.97 3806.82 8473.85 4970.98 1827.97 3143 2089.82 3502.87 223.141 1475.37 3279.73 546.715 846.616 324.808 2704.06 2251.67 452.391 3852.84 24440.7 17843
internal_count=3532486 3286583 3226750 154178 3072572 948696 95785 58393 12113 805635 83672 46527 37145 21544 12329 17749 2123876 362353 10553 7139 24983 24816 283462 6938 22631 21309 21176 16430 10047 1081 467127 353908 113219 30583 82636 19453 338508 336293 4042 4746 78891 143664 48549 43579 40988 23755 8346 15409 10489 17233 1202 6765 16031 2897 4242 1311 31878 26470 5408 245903 139798 206167
is_linear=0
shrinkage=0.05


Tree=75
num_leaves=63
num_cat=0
split_feature=0 0 8 10 10 10 10 9 10 8 9 0 1 1 10 10 10 10 10 10 0 9 8 10 12 8 1 11 9 9 12 10 10 11 10 9 10 11 11 10 10 10 8 10 10 10 11 0 9 10 9 10 8 8 10 10 10 10 12 8 9 10
split_gain=1799.9 846.307 508.668 922.813 577.145 740.048 522.592 508.121 1383.06 566.147 503.743 492.247 773.12 495.081 478.53 442.532 552.25 564.581 617.509 488.022 422.166 416.301 389.614 391.749 403.731 369.751 343.093 334.628 360.189 331.527 322.093 433.068 513.012 315.835 733.596 578.004 469.176 373.9 368.235 308.2 731.46 358.962 295.547 446.469 381.817 463.113 358.208 291.7 285.093 244.926 506.226 348.606 253.822 242.311 413.977 357.425 293.766 272.446 239.344 228.232 282.405 225.057
threshold=2.5000000000000004 -3.4999999999999996 0.28225387632846838 0.22386372834444049 0.21956252306699756 0.21912655979394915 0.15911962836980822 0.52515390515327465 0.21770152449607852 0.25760774314403539 0.51199921965599071 -1.0000000180025095e-35 482.50000000000006 1999.5000000000002 0.17251890897750857 0.21752139925956729 0.21574497967958453 0.21392750740051272 0.21160219609737399 0.20994300395250323 1.0000000180025095e-35 0.49891421198844915 0.25760774314403539 0.2233121916651726 2.5000000000000004 0.26667550206184393 80.500000000000014 0.21122834831476214 0.51720210909843456 0.53198191523551952 2.5000000000000004 0.23465987294912341 0.23346950113773349 0.46936176717281347 0.1970353573560715 0.55594193935394298 0.20397088676691058 -1.7005322575569151 -1.4414284229278562 0.20829313248395923 0.20329929888248446 0.21392750740051272 0.2293389365077019 0.19427843391895297 0.19974202662706378 0.20264781266450885 0.1854214891791344 1.0000000180025095e-35 0.54747599363327037 0.19198419153690341 0.61451807618141185 0.19051928073167804 0.19815926998853686 0.26667550206184393 0.2295363247394562 0.22627015411853793 0.22431967407464984 0.23280739039182666 1.0000000180025095e-35 0.23841005563735965 0.51199921965599071 0.20204577594995501
decision_type=2 2 2 2 2 2 2 2 2 2 2 2 2 2 2 2 2 2 2 2 2 2 2 2 2 2 2 2 2 2 2 2 2 2 2 2 2 2 2 2 2 2 2 2 2 2 2 2 2 2 2 2 2 2 2 2 2 2 2 2 2 2
left_child=1 -1 3 4 5 7 -4 8 25 14 -10 13 20 26 -9 16 17 18 19 33 -13 -14 -6 24 -24 -3 -8 -27 -29 39 31 32 53 35 -35 38 42 -38 61 40 -11 -41 43 49 -44 -46 47 -45 58 50 -37 -52 -51 55 -55 56 -5 -56 -40 -57 -61 -16
right_child=-2 2 6 30 22 -7 11 9 10 29 -12 12 21 -15 15 -17 -18 -19 -20 -21 -22 -23 23 -25 -26 27 -28 28 -30 -31 -32 -33 -34 34 -36 36 37 -39 48 41 -42 -43 44 46 45 -47 -48 -49 -50 52 51 -53 -54 54 57 59 -58 -59 -60 60 -62 -63
leaf_value=-0.037460783576530148 0.034575308244837587 -0.037460783576530148 0.034575308244837587 -0.037460783576530148 0.034575308244837587 -0.037460783576530148 -0.027959811826530317 -0.037460783576530148 0.034575308244837587 0.034575308244837587 -0.037460783576530148 0.0094759164378078759 0.0007712494319844274 0.0007712494319844274 -0.037460783576530148 -0.037460783576530148 0.034575308244837587 -0.037460783576530148 0.034575308244837587 -0.037460783576530148 0.034311423853462926 0.034575308244837587 0.034575308244837587 -0.037460783576530148 -0.01812126688666264 -0.0083872950280373497 -0.0040800212366217826 -0.037460783576530148 0.034575308244837587 0.034575308244837587 -0.037460783576530148 -0.037460783576530148 0.034575308244837587 -0.037460783576530148 0.034575308244837587 -0.034999056582909686 -0.037460783576530148 0.034575308244837587 0.021960760935319457 0.034575308244837587 -0.037460783576530148 -0.037460783576530148 0.034575308244837587 -0.037460783576530148 -0.037460783576530148 0.030825094271604375 0.034575308244837587 0.019098885872751714 -0.037460783576530148 -0.014592783631987497 0.022642903319856428 -0.037460783576530148 0.034575308244837587 -0.037460783576530148 0.034575308244837587 0.034575308244837587 0.034575308244837587 -0.037460783576530148 -0.025602930498082134 0.0073351576102738784 -0.037460783576530148 0.034575308244837587
leaf_weight=1531.9371875198558 3711.179965631105 869.15660482645035 998.1296599144116 93.988393068313599 730.04404317215085 431.46747287362814 1527.1245878878981 331.88037096895278 511.48051918484271 220.06116457562894 202.6399515196681 8256.3643954433501 303790.95121929236 79695.188763946295 62.385063087567687 255.15351499244571 611.40592309460044 414.10940808057785 1060.8810316501185 447.36586153041571 2157.9208571407944 679.73403918091208 879.30162563174963 258.58429372310638 546.97378997597843 2264.0574867594987 96001.821295408532 499.14982523676008 111.95924210734665 817.1437799539417 1359.1887027816847 521.25660456903279 169.72796492651105 281.86589354835451 730.45523716043681 804.5011994112283 97.504476523026824 1032.5116479275748 388.09907288849354 541.37758833169937 490.29335985612124 140.29114530794322 656.4533678824082 1425.4737333320081 213.20467750914395 314.17401938792318 203.22015859000385 231.46194408554584 1354.9080774225295 264.16112556122243 1301.668068556115 106.49777026474476 376.25968923419714 771.66990391537547 294.92861396446824 84.649434067308903 248.19666655361652 153.73833477497101 825.35982691962272 388.57697587832808 305.93350607901812 200.34942094609141
leaf_count=59822 246222 4992 10473 477 4152 2173 28914 1668 2783 1120 1151 87560 1900782 348460 513 1606 3236 2537 5575 2415 126484 3257 3815 1472 4166 11458 565359 2795 739 4510 10456 2539 664 1667 4507 4514 681 5624 1506 2685 2946 762 3799 7568 1198 1853 1187 1687 7197 1372 7115 612 1943 3564 1393 360 1154 723 4461 1928 1592 1327
internal_value=-0.000117746 -0.00036421 -0.000255061 -0.0068233 -0.00289193 -0.00554335 0.000116545 -0.00385101 -0.0187966 0.000262987 0.0345753 4.312e-05 0.00122948 -0.00206475 -0.00345163 -0.00179005 -0.000322471 -0.00262767 -0.000473499 -0.0038961 0.0146248 0.000771249 0.0202568 0.00504097 0.0156508 -0.0311149 -0.00445422 -0.0181134 -0.0374608 0.0237797 -0.0278586 -0.0174757 -0.00723234 -0.00160968 0.0249722 -0.00434158 0.00334363 0.0328424 -0.0234115 0.00663346 -0.016403 0.0306282 -0.00231363 -0.00792391 0.0200107 -0.013221 -0.0269754 -0.0346615 -0.0291803 0.0045024 -0.00338233 0.0146927 0.0317071 -0.0146435 -0.0300517 0.00213688 0.0345753 0.012075 -0.0103851 -0.0170064 -0.0271223 0.0328775
internal_weight=526247 522536 521004 27897.1 23505.3 21090.4 493107 20658.9 4458.44 16200.5 714.12 492109 314885 177224 13991.3 13659.4 13404.3 12792.9 12378.8 11317.9 10414.3 304471 2414.9 1684.86 1426.28 3744.32 97528.9 2875.17 611.109 2209.17 4391.86 3032.67 2511.41 10870.5 1012.32 9858.19 7027.09 1130.02 2831.1 1392.02 710.355 681.669 5897.08 4713.24 1183.83 527.379 1860.16 1656.94 2568.37 2853.09 2212.67 1408.17 640.421 2341.68 1220.34 1121.34 342.185 448.667 1213.46 779.16 694.51 262.734
internal_count=3531270 3285048 3225226 153937 129087 115482 3071289 113309 23918 89391 3934 3060816 2118083 942733 77368 75700 74094 70858 68321 62746 214044 1904039 13605 9453 7981 19984 594273 14992 3534 12023 24850 14394 11855 60331 6174 54157 39153 6305 15004 7513 4066 3447 32848 25998 6850 3051 10442 9255 13164 15556 12241 7727 3315 11191 5680 5511 1631 2116 5967 3880 3520 1840
is_linear=0
shrinkage=0.05


Tree=76
num_leaves=63
num_cat=0
split_feature=0 0 8 10 0 1 10 10 10 9 10 10 9 9 10 9 8 10 10 8 8 11 10 10 8 10 8 10 12 10 10 11 9 10 10 10 8 10 10 9 10 10 10 11 9 0 0 1 8 1 10 1 10 8 10 10 10 10 8 9 8 1
split_gain=1616.57 819.736 501.173 813.711 521.201 795.532 493.242 444.614 744.894 561.954 1371.62 492.161 458.954 449.9 635.995 698.307 625.813 528.907 394.888 386.548 372.489 354.878 332.098 381.61 322.312 917.075 318.982 720.214 316.696 417.564 504.89 312.693 308.678 303.816 312.826 297.269 487.208 472.075 287.257 545.416 378.205 300.582 505.961 442.19 290.31 282.361 259.047 625.679 253.069 235.987 235.897 235.52 218.962 218.934 403.551 349.134 315.591 248.371 218.85 256.778 213.944 203.539
threshold=2.5000000000000004 -3.4999999999999996 0.28225387632846838 0.22386372834444049 1.0000000180025095e-35 801.50000000000011 0.17251890897750857 0.21956252306699756 0.21912655979394915 0.52515390515327465 0.21770152449607852 0.21752139925956729 0.51199921965599071 0.53810203075408947 0.21631539613008502 0.55594193935394298 0.24668355286121371 0.20894466340541842 0.21392750740051272 0.25760774314403539 0.26667550206184393 1.0000000180025095e-35 0.2233121916651726 0.22273061424493792 0.2293389365077019 0.20455986261367801 0.26667550206184393 0.20329929888248446 2.5000000000000004 0.23465987294912341 0.23346950113773349 0.26456716656684881 0.51720210909843456 0.20204577594995501 0.1979838311672211 0.21972625702619555 0.27314317226409918 0.22165223956108096 0.20397088676691058 0.57031509280204784 0.18845019489526751 0.19198419153690341 0.19427843391895297 0.16720794141292575 0.61451807618141185 1.0000000180025095e-35 -1.4999999999999998 307.50000000000006 0.25760774314403539 2509.5000000000005 0.21574497967958453 1608.5000000000002 0.2472183629870415 0.26667550206184393 0.2295363247394562 0.22627015411853793 0.22474194318056109 0.23280739039182666 0.23841005563735965 0.51199921965599071 0.19815926998853686 390.50000000000006
decision_type=2 2 2 2 2 2 2 2 2 2 2 2 2 2 2 2 2 2 2 2 2 2 2 2 2 2 2 2 2 2 2 2 2 2 2 2 2 2 2 2 2 2 2 2 2 2 2 2 2 2 2 2 2 2 2 2 2 2 2 2 2 2
left_child=1 -1 3 6 46 61 -3 8 9 10 20 13 -12 18 15 16 -15 24 26 -9 -8 48 23 35 38 -26 -11 -28 29 30 53 -22 -33 34 -23 -21 -37 -38 40 -40 44 -42 60 45 -17 -44 47 -4 -18 -7 -20 -49 -53 55 -55 56 -5 -56 -57 -60 -43 -6
right_child=-2 2 4 28 5 49 7 19 -10 11 12 -13 -14 14 -16 17 21 -19 50 22 31 33 -24 -25 25 -27 27 -29 -30 -31 -32 32 -34 -35 -36 36 37 -39 39 -41 41 42 43 -45 -46 -47 -48 51 -50 -51 -52 52 -54 54 57 58 -58 -59 59 -61 -62 -63
leaf_value=-0.037508721906128917 0.03332597205668536 -0.037508721906128917 -0.036848382890560465 -0.037508721906128917 0.03332597205668536 0.0048075441088146834 -0.037508721906128917 0.03332597205668536 -0.037508721906128917 0.033192062662021869 0.03332597205668536 -0.037508721906128917 -0.037508721906128917 -0.037508721906128917 0.03332597205668536 -0.020874187758739046 -0.025935571660182729 0.03332597205668536 -0.037508721906128917 0.03332597205668536 -0.0090686120369840358 0.03332597205668536 -0.037508721906128917 0.03332597205668536 0.03332597205668536 -0.037508721906128917 0.03332597205668536 -0.037508721906128917 -0.037508721906128917 -0.037508721906128917 0.03332597205668536 -0.037508721906128917 0.03332597205668536 0.03332597205668536 -0.037508721906128917 -0.037059419916974104 0.03332597205668536 -0.037508721906128917 -0.037508721906128917 0.03332597205668536 -0.037508721906128917 -0.012614402823446164 -0.037508721906128917 0.026533850673311057 0.02425387268462733 0.018624428117037534 -0.00016281164407989688 -0.0074941725891277816 0.03332597205668536 -0.00016281164407989688 0.016683228960767994 -0.00016281164407989688 -0.030125766978209158 -0.037508721906128917 0.03332597205668536 0.03332597205668536 0.03332597205668536 -0.037508721906128917 0.0052405105584937195 -0.037508721906128917 0.03332597205668536 0.016039931493678865
leaf_weight=1479.3132224632427 3586.2772026974708 334.64382394589484 1423.5549070145935 130.79253356158733 1551.4127744995058 45282.380281205289 870.70871892757714 740.28293143026531 420.75618823245168 2509.5497415466234 503.09315924625844 257.93475626222789 200.20032676868141 1922.3282467965037 239.64695755951107 510.48268359526992 1084.0674398234114 529.00013637822121 390.97767293080688 113.75565345957875 2337.1049539223313 124.49380928650498 249.83847027644515 217.82580274622887 1430.6913299532607 158.15760434791446 207.71109235100448 186.57023625075817 1356.9589652279392 513.64817955903709 175.28887713514268 443.54350385908037 98.731196669861674 392.70960132218897 134.05444204807281 709.76246835384518 274.85579139925539 115.46481594629586 122.77443799562752 524.36184851266444 714.68424302805215 266.10656915046275 1408.7804682347924 368.72367453016341 1174.7880369517952 229.83379169460386 371448.18546408974 17826.084562247619 207.47088343277574 28152.646372180432 326.78417167346925 23030.336173396558 610.99676185101271 774.02086716704071 301.39031071588397 84.309526421129704 225.37844612821937 152.48978978395462 388.20068654231727 302.887317141518 415.44206489156932 3604.3427817961201
leaf_count=59890 245808 1703 46938 643 102467 520461 5059 4180 2137 13603 2739 1644 1128 10703 1316 2824 5842 2897 2223 568 11787 591 1427 1067 8342 957 1067 950 10511 2515 695 2527 671 2106 618 3905 1674 772 767 2852 3876 1387 7538 2174 6470 1707 1761375 180942 1136 215682 1673 130781 3574 3602 1424 352 1037 710 1904 1591 2297 110006
internal_value=-0.000124254 -0.000354005 -0.000248397 -0.00677085 0.000120445 0.00385354 -0.00306908 -0.00206007 -0.00443055 -0.00274248 -0.0184321 0.00167002 0.033326 0.0029813 -0.00169481 -0.00392042 -0.0213159 0.00464208 0.0184181 0.0182068 -0.0306709 -0.00107891 0.00325618 0.0128109 0.000724998 0.020646 0.026625 -0.015152 -0.0264861 -0.0166362 -0.0069123 -0.0178956 -0.0375087 0.0289883 -0.0212447 -0.00248683 -0.0124017 0.0324163 -0.00479571 0.0265561 -0.00878709 -0.0183769 -0.0102477 -0.0228839 0.0105799 -0.0340134 -0.000587646 -0.00426675 -0.016251 0.00252045 -0.0147748 -0.00314737 -0.000162812 -0.0143664 -0.0289784 0.00150118 0.033326 0.0116601 -0.0176945 -0.027603 0.0269482 0.022837
internal_weight=525870 522283 520804 27874.1 492930 78590.8 23468.7 23134 20712.3 20291.5 4453.38 15838.1 703.293 15580.2 11958.6 11719 3865.12 7853.83 3621.59 2421.79 3750.09 1942.8 1681.5 1431.66 7324.83 1588.85 2903.83 394.281 4405.37 3048.41 2534.76 2879.38 542.275 651.258 258.548 1213.84 1100.08 390.321 5735.98 647.136 5088.84 3403.57 2688.89 2007.34 1685.27 1638.61 414339 42891 1291.54 73435 717.762 41467.4 23641.3 2359.47 1227.9 1131.57 356.171 453.88 775.398 691.088 681.549 5155.76
internal_count=3531812 3286004 3226114 153888 3072226 948616 128904 127201 113608 111471 23911 87560 3867 85916 66400 65084 20996 44088 19516 13593 20044 10293 9413 7986 41191 9299 15620 2017 24984 14473 11958 14985 3198 3315 1209 6919 6351 2446 31892 3619 28273 18979 15103 11419 9294 9245 2123610 362235 6978 736143 3896 315297 134355 11263 5736 5527 1680 2134 3847 3495 3684 212473
is_linear=0
shrinkage=0.05


Tree=77
num_leaves=63
num_cat=0
split_feature=0 0 9 8 0 2 9 11 10 10 9 9 8 9 9 10 8 10 10 10 10 10 12 9 11 12 10 10 8 10 11 10 0 10 9 10 9 12 8 10 10 10 10 9 10 9 10 8 10 10 9 10 10 10 10 2 10 2 9 9 12 0
split_gain=1539.78 767.351 457.6 570.641 487.353 448.595 358.754 339.996 299.848 484.311 475.912 280.781 277.537 880.573 565.441 526.032 457.887 654.243 396.42 559.995 441.476 399.023 373.583 334.06 312.253 323.224 300.555 417.768 303.095 295.122 292.917 273.705 254.679 248.825 467.195 381.963 287.051 324.52 285.909 275.304 241.432 231.097 348.446 327.172 491.915 381.042 524.586 360.666 349.306 390.027 507.599 273.693 267.842 228.561 633.55 226.309 219.142 211.472 198.491 264.158 197.493 195.208
threshold=2.5000000000000004 -3.4999999999999996 0.21470168977975848 0.58839616179466259 -1.4999999999999998 2.5000000000000004 0.47105844318866735 2.1434698104858403 0.15911962836980822 0.16680419445037845 0.13645498454570773 0.39191363751888281 0.65545433759689342 0.18096351623535159 0.17489672452211383 0.19051928073167804 0.609165519475937 0.19875304400920871 0.20740322023630145 0.21127824485301974 0.21442330628633502 0.21912655979394915 1.0000000180025095e-35 0.16089829802513125 0.23073486238718036 1.5000000000000002 0.18649337440729144 0.18428492546081546 0.61535769701004039 0.20329929888248446 -0.52782398462295521 0.22192137688398364 1.0000000180025095e-35 0.2065781503915787 0.19466029852628711 0.20329929888248446 0.19804758578538897 1.0000000180025095e-35 0.60130232572555553 0.19875304400920871 0.17963672429323199 0.18428492546081546 0.18649337440729144 0.20764526724815371 0.19618484377861026 0.21273195743560794 0.2004567235708237 0.59168273210525524 0.1970353573560715 0.20204577594995501 0.20990382134914401 0.20204577594995501 0.19974202662706378 0.2050428315997124 0.20600962638854983 2.5000000000000004 0.20129771530628207 2.5000000000000004 0.19804758578538897 0.19466029852628711 3.5000000000000004 -2.4999999999999996
decision_type=2 2 2 2 2 2 2 2 2 2 2 2 2 2 2 2 2 2 2 2 2 2 2 2 2 2 2 2 2 2 2 2 2 2 2 2 2 2 2 2 2 2 2 2 2 2 2 2 2 2 2 2 2 2 2 2 2 2 2 2 2 2
left_child=1 -1 7 4 5 -4 -2 8 -3 10 -10 -6 13 14 24 -16 18 22 33 -20 32 -22 58 57 -11 -26 27 30 -29 -19 -24 -23 -21 34 -15 36 37 39 -35 -36 -27 -38 -43 47 -45 48 -47 -44 -46 -50 -51 52 55 -37 60 -49 -17 -14 59 -18 -55 -7
right_child=6 2 3 -5 11 61 -8 -9 9 12 -12 -13 23 16 15 56 17 29 19 20 21 31 26 -25 25 40 -28 28 -30 -31 -32 -33 -34 38 35 53 41 -39 -40 -41 -42 42 43 44 45 46 -48 51 49 50 -52 -53 -54 54 -56 -57 -58 -59 -60 -61 -62 -63
leaf_value=-0.037070967141255642 0.037796327327418423 0.034939043863602373 -0.002545032286203151 -0.037070967141255642 0.00071705844648182581 -0.028910931928948547 -0.00010455643152141788 -0.03541843230421237 0.037796327327418423 0.023606057008709283 -0.037070967141255642 -0.0019908618372275746 -0.00084487989962150456 -0.037070967141255642 -0.037070967141255642 0.037796327327418423 0.0075471603658280595 -0.037070967141255642 0.037796327327418423 -0.037070967141255642 0.037796327327418423 -0.037070967141255642 -0.037070967141255642 0.037796327327418423 -0.037070967141255642 -0.037070967141255642 0.037796327327418423 0.037796327327418423 -0.037070967141255642 0.037796327327418423 0.037384427099797647 0.037796327327418423 0.037796327327418423 -0.037070967141255642 0.037796327327418423 0.037796327327418423 0.037796327327418423 0.037796327327418423 0.037796327327418423 -0.037070967141255642 0.037796327327418423 -0.037070967141255642 -0.037070967141255642 0.03777767189903064 -0.037070967141255642 -0.037070967141255642 0.037796327327418423 -0.011749462278950367 0.037796327327418423 0.037796327327418423 -0.037070967141255642 0.037796327327418423 -0.037070967141255642 -0.037070967141255642 0.037796327327418423 0.024962149235529089 -0.027515380354434616 0.037796327327418423 0.037796327327418423 -0.037070967141255642 0.037796327327418423 -0.011210821170269543
leaf_weight=1423.5825294908136 3269.5122948610224 941.33937666472048 31387.857159333304 568.22635202668607 315502.03755527735 1848.0228860704228 208.3007261287421 474.07310706377029 154.9683516221121 830.79896590299904 976.37426467239857 137422.07283329777 1277.8743234109133 283.25827642623335 1160.3365590460598 200.30325212981552 846.86052453517914 202.95723418239504 927.36138651520014 466.87706044316292 373.25382153596729 178.5352028850466 135.52282092347741 1000.7009555883706 422.77906008344144 143.33035130705684 1851.2861072225496 83.410022830590606 236.91500964947045 90.123170953243971 1107.1128112338483 77.063953996635973 105.63234268967062 324.6540106208995 74.861725851893425 549.40916227828711 110.13390270993114 472.19831502251327 67.987341525964439 98.238295838236809 280.41910648532212 163.48106876667589 114.03791603632271 1028.6169578777626 89.824480199255049 431.36156232003123 131.69276276044548 2153.4078248739243 520.45408146362752 132.44533901102841 154.51904127374291 125.78584480844438 350.70527267921716 215.62432356923819 264.29876369796693 520.40988332312554 139.84030001051724 288.30075262207538 147.42561383545399 159.43824002146721 86.555656264536083 9911.3512760549784
leaf_count=59731 237343 10148 199143 3863 1939152 63840 8953 5716 1775 6157 8585 709700 10112 2416 9336 1788 5943 1448 7726 2631 2678 1226 897 8235 3228 1535 16016 797 2132 912 10056 572 1676 2329 440 4634 606 3816 616 606 3270 1092 899 7505 863 2730 1062 13791 4202 1220 1065 1082 2503 1577 2213 5186 1105 3471 949 1010 690 116828
internal_value=-0.000203675 -0.000424709 -0.000324388 -0.000648596 -0.00058827 -0.00566578 0.0329507 0.00645631 0.00731086 0.00614464 -0.025716 -0.000104556 0.00784615 0.00572191 -0.018245 -0.037071 0.0106512 0.0233545 0.00481991 0.0241018 -0.000904315 0.027995 0.0280729 0.0232566 0.00184387 -0.0195166 0.0363828 0.0157574 -0.0350817 -0.037071 0.0288803 -0.0264608 -0.0326412 -3.18456e-05 0.00186305 0.00441532 -0.000114772 0.0315529 -0.037071 -0.0315785 0.0131342 -0.00351011 -0.00505045 -0.00234247 0.01131 -0.00734656 -0.037071 -0.0127522 0.0129233 0.0250503 -0.0242288 -0.00708153 -0.0104155 0.0314778 0.00481131 -0.00459756 0.0255112 0.00812809 0.00347093 -0.00515394 -0.037071 -0.0139947
internal_weight=525286 521808 520385 496640 496071 43147.2 3477.81 23745.2 23271.1 22329.8 1131.34 452924 21198.4 18631.5 3177.81 1500.48 15453.7 4861.05 10592.7 2128.72 1201.36 628.853 4567.97 2566.88 1677.33 846.529 3414.25 1562.96 320.325 293.08 1242.64 255.599 572.509 8463.96 8071.32 7788.06 6672.17 645.298 392.641 173.1 423.749 6026.88 5916.74 5753.26 2488.91 1460.3 563.054 3264.35 897.243 807.418 286.964 3150.31 3024.52 1115.89 566.479 2673.82 340.144 1566.18 1153.72 1006.3 302.18 11759.4
internal_count=3532826 3286530 3226799 3032526 3028663 379811 246296 194273 188557 178409 10360 2648852 168049 146231 26419 12229 119812 40160 79652 16509 8783 4476 37800 21818 14190 8033 29898 13882 2929 2360 10953 1798 4307 63143 60198 57782 48668 4862 2945 1046 4805 43806 43200 42108 18647 11142 3792 23461 7350 6487 2285 22562 21480 9114 4480 18977 2893 13583 7902 6953 2267 180668
is_linear=0
shrinkage=0.05


Tree=78
num_leaves=63
num_cat=0
split_feature=0 0 9 10 10 10 10 0 1 8 9 10 10 10 10 8 9 9 8 10 10 8 9 10 9 11 10 11 8 10 10 10 10 10 10 10 9 10 10 10 10 10 10 11 11 9 10 10 10 10 10 10 0 10 10 10 8 10 1 10 8 8
split_gain=1414.4 719.116 449.846 1228.88 459.44 407.83 396.937 374.689 744.558 328.475 270.632 420.927 490.833 322.989 501.476 256.934 401.491 293.076 658.006 591.72 417.666 387.606 358.81 622.21 562.132 570.229 494.828 329.205 321.059 866.477 284.338 762.012 403.741 362.702 265.572 318.066 521.012 258.759 706.281 376.242 622.604 750.355 368.568 446.739 357.883 252.133 325.389 558.015 247.364 331.941 313.938 269.572 380.793 326.129 423.864 414.879 407.156 457.476 239.624 236.011 596.002 433.353
threshold=2.5000000000000004 -3.4999999999999996 0.48981106281280523 0.22386372834444049 0.17251890897750857 0.15911962836980822 0.22273061424493792 1.0000000180025095e-35 540.50000000000011 0.29441830515861517 0.50473093986511242 0.2295363247394562 0.22431967407464984 0.22627015411853793 0.22689916938543322 0.29079855978488928 0.49891421198844915 0.52515390515327465 0.26667550206184393 0.21896186470985415 0.22192137688398364 0.25760774314403539 0.55594193935394298 0.20894466340541842 0.53810203075408947 0.51786655187606823 0.21323179453611377 0.31731873750686651 0.2293389365077019 0.20455986261367801 0.21466173976659778 0.21972625702619555 0.21160219609737399 0.20863866060972217 0.17963672429323199 0.20397088676691058 0.57031509280204784 0.21912655979394915 0.21787931025028232 0.21127824485301974 0.2134855389595032 0.21613498777151111 0.22098699957132342 -0.3115279078483581 -0.94259193539619435 0.53198191523551952 0.20829313248395923 0.20329929888248446 0.20264781266450885 0.2004567235708237 0.19875304400920871 0.1970353573560715 -1.0000000180025095e-35 0.19427843391895297 0.19198419153690341 0.18845019489526751 0.19815926998853686 0.18192083388566974 2598.5000000000005 0.2164660915732384 0.27788905799388891 0.27314317226409918
decision_type=2 2 2 2 2 2 2 2 2 2 2 2 2 2 2 2 2 2 2 2 2 2 2 2 2 2 2 2 2 2 2 2 2 2 2 2 2 2 2 2 2 2 2 2 2 2 2 2 2 2 2 2 2 2 2 2 2 2 2 2 2 2
left_child=1 -1 5 4 -4 -3 9 -7 -9 15 -5 12 -12 -14 -15 17 -17 18 19 -6 -21 22 24 28 30 -26 -27 45 34 -30 32 -32 33 -19 -24 48 -37 38 39 44 -41 -42 -39 -44 -20 46 47 -23 49 50 51 53 -53 54 55 56 57 -36 -10 -43 61 -61
right_child=-2 2 3 10 6 7 -8 8 58 -11 11 -13 13 14 -16 16 -18 21 37 20 -22 27 23 -25 25 26 -28 -29 29 -31 31 -33 -34 -35 35 36 -38 42 -40 40 41 59 43 -45 -46 -47 -48 -49 -50 -51 -52 52 -54 -55 -56 -57 -58 -59 -60 60 -62 -63
leaf_value=-0.036322268781433624 0.032191488033683831 0.032191488033683831 -0.036322268781433624 -0.036322268781433624 -0.036322268781433624 -0.00056117210955338923 0.032191488033683831 0.030424584486567492 0.0043942517762496107 -0.030570591425092376 -0.036322268781433624 -0.036322268781433624 0.032191488033683831 -0.036322268781433624 0.032191488033683831 0.032191488033683831 -0.036322268781433624 0.029438138967193078 -0.036322268781433624 0.032191488033683831 -0.036322268781433624 0.032191488033683831 0.032191488033683831 0.032191488033683831 -0.028880334895599782 0.032191488033683831 -0.036322268781433624 -0.028889396437498965 0.032191488033683831 -0.036322268781433624 -0.036322268781433624 0.032191488033683831 0.032191488033683831 -0.036322268781433624 -0.036322268781433624 -0.036322268781433624 0.032191488033683831 -0.036322268781433624 0.032191488033683831 -0.036322268781433624 0.032191488033683831 -0.036322268781433624 -0.036322268781433624 0.032191488033683831 0.023281298901376681 0.032191488033683831 0.032191488033683831 -0.036322268781433624 -0.036322268781433624 0.032191488033683831 -0.036322268781433624 -0.036322268781433624 0.032191488033683831 -0.036322268781433624 0.028437731921763555 -0.036322268781433624 -0.030142474575478962 0.032191488033683831 -0.00056117210955338923 -0.036322268781433624 -0.036322268781433624 0.032191488033683831
leaf_weight=1385.5199543340132 3357.2917484971695 959.94444485101849 327.27512400224805 2401.4126494424418 940.09217805694789 410305.92588554323 641.36391571722925 2436.652960434556 50239.697609827854 994.6821754258126 183.40484183095396 514.07794962916523 366.63170646969229 201.69303078204393 345.96070057526231 582.2305840793997 86.902590418234468 328.29361807834357 286.20108864177018 483.11822578217834 105.20651171170175 200.91360244248062 420.2577855642885 678.94736655987799 3460.769891731441 375.12950685247779 80.057876577600837 285.93271713424474 1426.5941029414535 153.96539023704827 755.54686541296542 429.5290373666212 619.39852601848543 328.09323628619313 187.39744053781033 123.58616828173399 520.72184195648879 724.93667946755886 633.27637025248259 1060.4300418337807 889.84635678771883 248.04543097317219 210.41591015271842 387.10198527760804 1405.0748090296984 651.48001667577773 620.86543304659426 457.14580744318664 215.53189741261303 357.72228835523129 268.00646463409066 149.94881552830338 285.34549863357097 704.63397218752652 702.47531849518418 704.25268017314374 562.98982180655003 503.31307285279036 24842.819611363113 105.65057983249426 199.2372675575316 201.15396358445287
leaf_count=60099 246112 10619 1678 13567 5536 2103643 3546 142191 609327 5227 983 2889 2203 1164 1943 3262 556 1759 1746 2795 557 1054 2422 3690 18536 2229 593 1562 8321 942 4290 2384 3362 1766 880 784 2850 4135 3409 5892 4710 1158 1420 2161 7000 3565 3194 2690 1139 1866 1748 922 1853 3834 3794 3866 3065 2868 188784 526 1094 812
internal_value=-0.000153183 -0.00036157 -0.00026566 -0.00609791 -0.00226964 0.000105253 -0.00144008 4.11455e-05 0.00322916 -0.00240517 -0.0319146 -0.0146731 0.00426073 0.0212894 -0.00869742 -0.00128818 0.0292559 -0.00212564 -0.0100624 -0.0363223 0.0140885 0.00165157 -0.00135608 0.00571951 -0.0101942 -0.0219603 0.0306005 0.0211067 0.000892333 0.0208267 0.00853054 -0.00910049 0.0249023 -0.00830753 -0.00463198 -0.00767741 0.0252168 -0.00293566 0.00224078 -0.0055986 -0.0171644 0.00305636 -0.022607 0.00792314 0.0128944 0.0285233 0.00952893 -0.0150662 -0.0122479 -0.00897678 -0.0130633 -0.00828778 0.028695 -0.0130789 -0.00485585 -0.0168094 0.00138939 0.0270971 0.00234619 -0.0336485 -0.00201608 0.0321915
internal_weight=524612 521255 519869 31084.3 27071.1 488785 26743.8 487825 77519.2 26102.4 4013.18 1611.77 1097.69 914.285 547.654 25107.8 669.133 24438.6 7879.79 1528.42 588.325 16558.8 14342.5 7965.69 6376.82 3915.96 455.187 2216.34 7286.74 1580.56 2460.86 1185.08 1275.79 656.387 5706.18 5285.93 644.308 6351.37 5028.92 4395.64 2704.36 1643.93 1322.45 597.518 1691.28 1930.4 1278.92 658.059 4641.62 4426.09 4068.36 3800.36 435.294 3365.06 2660.43 1957.95 1253.7 690.711 75082.5 754.087 506.042 306.805
internal_count=3532572 3286460 3226361 171797 149048 3054564 147370 3043945 940302 143824 22749 9182 6293 5310 3107 138597 3818 134779 42951 8888 3352 91828 79763 44844 34919 21358 2822 12065 41154 9263 13561 6674 6887 3525 31891 29469 3634 34063 26347 22938 14192 8300 7716 3581 8746 10503 6938 3744 25835 24696 22830 21082 2775 18307 14473 10679 6813 3748 798111 3590 2432 1338
is_linear=0
shrinkage=0.05


Tree=79
num_leaves=63
num_cat=0
split_feature=0 0 9 8 10 0 1 1 10 11 11 12 0 1 10 8 11 8 10 9 9 10 11 12 0 8 9 11 10 10 10 8 8 10 9 12 9 8 11 0 9 1 1 10 1 0 10 8 8 10 10 10 10 8 8 8 8 10 10 8 8 8
split_gain=1338.2 662.808 420.871 569.302 450.773 438.312 668.336 364.149 324.223 306.605 298.454 228.215 249.408 443.643 341.361 224.304 442.865 289.714 200.572 196.718 1263.81 425.185 227.237 396.576 233.384 196.659 332.935 176.536 204.878 174.25 358.795 283.031 198.581 187.105 157.831 147.534 143.914 369.109 140.627 137.638 132.442 132.335 121.508 111.441 111.097 110.176 100.165 119.837 179.202 214.931 197.996 94.6706 358.108 221.579 281.16 428.975 254.834 202.998 355.79 354.703 460.728 185.695
threshold=2.5000000000000004 -3.4999999999999996 0.21470168977975848 0.58839616179466259 0.17251890897750857 -1.4999999999999998 531.50000000000011 1639.5000000000002 0.25001473724842077 2.1434698104858403 1.7689400315284731 1.5000000000000002 -1.0000000180025095e-35 142.50000000000003 0.23318386822938922 0.48214443027973181 0.34000450372695928 0.49985919892787939 0.22126312553882602 0.18096351623535159 0.17489672452211383 0.19051928073167804 0.58007952570915233 1.5000000000000002 1.0000000180025095e-35 0.45592802762985235 0.3553824126720429 0.65152674913406383 0.23757448047399524 0.22650390863418582 0.22612502425909045 0.51728740334510814 0.28798596560955053 0.2004567235708237 0.17489672452211383 6.5000000000000009 0.39077325165271765 0.3365717232227326 -1.3175668120384214 3.5000000000000004 0.31077328324317938 2360.5000000000005 30.500000000000004 0.23018494248390201 184.50000000000003 -1.0000000180025095e-35 0.19051928073167804 0.27314317226409918 0.29441830515861517 0.2295363247394562 0.21912655979394915 0.21842505037784579 0.21927379071712497 0.51923570036888134 0.48711356520652777 0.49595978856086737 0.5077456831932069 0.2283434867858887 0.22530259191989901 0.43059198558330541 0.36406168341636663 0.32325705885887152
decision_type=2 2 2 2 2 2 2 2 2 2 2 2 2 2 2 2 2 2 2 2 2 2 2 2 2 2 2 2 2 2 2 2 2 2 2 2 2 2 2 2 2 2 2 2 2 2 2 2 2 2 2 2 2 2 2 2 2 2 2 2 2 2
left_child=1 -1 9 4 -4 6 44 -2 10 18 11 38 42 -14 15 -15 -17 -18 19 20 22 -22 -3 24 -24 26 27 -16 -29 30 35 32 -31 -12 45 -8 -28 -38 43 -9 -10 -25 -13 -7 -6 -11 -40 -48 49 50 -49 -50 -53 54 57 -56 -57 58 -54 60 61 -60
right_child=7 2 3 -5 5 8 29 39 40 34 33 12 13 14 25 16 17 -19 -20 -21 21 -23 23 41 -26 -27 36 28 -30 31 -32 -33 -34 -35 -36 -37 37 -39 46 -41 -42 -43 -44 -45 -46 -47 47 48 51 -51 -52 52 53 -55 55 56 -58 -59 59 -61 -62 -63
leaf_value=-0.035445713543859614 0.044431463803777133 0.0096018701117892447 -0.035445713543859614 -0.035445713543859614 -0.035445713543859614 0.0096018701117892447 -0.0057613458936611886 0.0096018701117892447 -0.0015202038314524758 -0.035445713543859614 -0.0057613458936611886 -0.028361455421791033 0.028871848675125968 -0.0011605864596276418 -0.0015202038314524758 0.0096018701117892447 0.0096018701117892447 -0.0015202038314524758 -0.035445713543859614 0.0096018701117892447 -0.035445713543859614 0.0096018701117892447 -0.035445713543859614 0.0096018701117892447 0.0096018701117892447 0.0096018701117892447 0.0096018701117892447 -0.0015202038314524758 0.0096018701117892447 -0.035445713543859614 -0.035445713543859614 -0.035445713543859614 -0.0015202038314524758 0.0096018701117892447 -0.035445713543859614 -0.028717533964891337 0.0096018701117892447 -0.0015202038314524758 0.0096018701117892447 0.043955568719617165 0.0096018701117892447 -0.035445713543859614 -0.0015202038314524758 -0.0015202038314524758 -0.021100301326235138 0.0096018701117892447 -0.0057613458936611886 0.0096018701117892447 -0.0034683427497242108 0.0096018701117892447 -0.0015202038314524758 0.0096018701117892447 -0.0017465787857406077 -0.0057613458936611886 0.0096018701117892447 -0.0015202038314524758 0.0096018701117892447 -0.0015202038314524758 -0.0015202038314524758 0.0096018701117892447 -0.0015202038314524758 0.0096018701117892447
leaf_weight=1337.879658122547 2077.6006781794131 4255.4973064437509 315.59766741842031 572.11415717191994 849.94074762333184 1381.0783405061811 19373.343372222036 884.89269865863025 379.39687184710056 113.17657605744898 219.67974996380508 361.63748074322939 1551.0216717217118 66278.468775928952 10320.360084570944 13380.779548036866 2602.591342465952 9369.4173004357144 117.03986284788698 15244.402893233113 1172.2306254273281 332.55375846941024 550.96116298437119 1107.8943229699507 238.20537246204913 3908.5392118915915 8997.0503487847745 1180.4656541710719 1547.6106329802424 341.99224126711488 571.24443523585796 230.06240088120103 18760.268622623757 4588.6894161077216 242.58875846490264 698.95697252079844 3151.7713889172301 6037.4669643053785 929.10314479470253 290.63948056008667 5532.9640489928424 121.0655777528882 63608.980702161789 619.32168912608176 2066.1269019199535 125.28754515293986 9773.8563585542142 2200.1247734799981 45801.671918308362 1546.2998725175858 2415.9732085485011 4171.3596496758983 31287.219232195057 4273.3326131282374 4357.0960579020903 4680.7712466251105 2657.8096134942025 112477.45060567837 1747.4918033406138 7705.0388017576188 7622.1143101844937 3510.0803683949634
leaf_count=60065 191415 34539 1638 3840 32690 6827 139263 40035 2190 664 2140 5585 55350 481604 81252 116714 28166 94424 822 119109 9278 2858 3112 13965 3274 38229 69182 11165 17108 3692 4305 1516 140307 52139 2640 9421 21166 39905 4212 14576 33188 1682 284837 3566 47739 2430 41761 9236 234113 6553 10237 21035 147334 23930 25605 26760 15545 538235 7670 39686 34674 15527
internal_value=-0.000111483 -0.000311161 -0.000220623 -0.00053119 -0.000469902 -0.000426204 -0.00525668 0.0318525 3.20118e-05 0.00629991 -0.000125003 -0.000263877 0.00103017 0.00230154 0.00197624 0.000369425 0.00436914 -0.0015202 0.00712182 0.00748492 0.000855849 -0.0354457 0.00960187 -0.00730645 -0.0349558 0.00616566 0.00421412 -0.0015202 0.00960187 -0.00357062 -0.00692783 -0.0015202 -0.0015202 0.00960187 -0.0331685 -0.00576135 0.00859112 0.00318468 -0.0012626 0.00960187 0.00960187 0.00960187 -0.0015202 0.00960187 -0.0283615 0.00533951 -0.00137151 -0.00143836 -0.00120856 0.00720534 -0.0015202 -0.00143374 -0.000928613 -0.00128031 -0.000891651 0.00659844 -0.0015202 -0.00142471 0.00161226 0.00671729 0.000538242 0.00960187
internal_weight=524166 520913 519575 495954 495382 495066 42891.9 3253.13 452174 23620.9 446262 441453 192296 128326 126775 91631.3 25352.8 11972 23139.9 23022.8 7778.41 1504.78 6273.62 2018.13 789.167 35143.3 31234.7 13048.4 2728.08 39975.9 20643.5 19332.3 19102.3 4808.37 481.053 20072.3 18186.3 9189.24 249157 1175.53 5912.36 1228.96 63970.6 2000.4 2916.07 238.464 247157 246228 236454 6162.4 4616.1 230291 184490 180318 176045 11695.7 7338.58 164349 51871.9 20584.7 12879.7 5257.57
internal_count=3531725 3285699 3225634 3031261 3027421 3025783 378933 246026 2646850 194373 2611472 2557193 1344687 1054265 998915 720908 239304 122590 188639 187817 68708 12136 56572 22033 6386 278007 239778 109525 28273 298504 152989 145515 143999 54279 5734 148684 130253 61071 1212506 54611 35378 15647 290422 10393 80429 3094 1202113 1197901 1156140 26026 19473 1130114 896001 874966 851036 67910 42305 783126 244891 97557 57871 23197
is_linear=0
shrinkage=0.05


Tree=80
num_leaves=63
num_cat=0
split_feature=0 0 9 8 10 9 9 10 10 10 9 10 8 10 10 9 10 10 10 10 10 8 10 9 8 10 10 10 10 8 10 10 11 10 8 8 0 9 10 10 8 9 8 1 10 10 11 9 9 11 11 10 8 10 9 8 10 10 10 10 0 11
split_gain=1262.92 604.039 404.913 1106.42 882.942 1340.6 651.826 1325.8 760.161 1266.14 1079.14 692.089 556.337 816.378 625.549 531.047 623.955 711.689 482.323 555.867 864.512 683.783 460.482 455.256 925.858 1306.61 441.01 859.208 956.764 652.341 592.257 805.865 722.242 477.836 457.37 419.646 406.637 400.978 612.515 608.116 397.983 397.468 392.292 383.368 377.924 875.155 624.644 487.636 376.666 445.842 373.049 354.237 353.716 346.031 324.075 683.922 608.795 457.602 411.534 709.817 369.804 321.642
threshold=2.5000000000000004 -3.4999999999999996 0.44334584474563604 0.31977939605712896 0.24089600890874865 0.44523863494396215 0.44720508158206945 0.22503591328859332 0.22192137688398364 0.22098699957132342 0.45174847543239599 0.2203495651483536 0.28225387632846838 0.20600962638854983 0.21719129383563998 0.52515390515327465 0.21770152449607852 0.21912655979394915 0.21956252306699756 0.21912655979394915 0.21878854185342791 0.30652734637260443 0.17251890897750857 0.46627688407897955 0.32325705885887152 0.2134855389595032 0.23067473620176318 0.23143360018730166 0.23211316019296649 0.27314317226409918 0.22612502425909045 0.2248843312263489 0.10889730975031854 0.22638466209173205 0.32754349708557134 0.25760774314403539 1.5000000000000002 0.48981106281280523 0.20932090282440188 0.21127824485301974 0.25760774314403539 0.51199921965599071 0.31977939605712896 750.50000000000011 0.2341650724411011 0.23479837924242022 0.2042951434850693 0.44970461726188665 0.51720210909843456 0.23721992224454883 0.056795023381710059 0.23004490137100223 0.33469550311565405 0.22372368723154071 0.55594193935394298 0.24668355286121371 0.20894466340541842 0.20204577594995501 0.2170238792896271 0.21972625702619555 -1.0000000180025095e-35 0.22422833740711215
decision_type=2 2 2 2 2 2 2 2 2 2 2 2 2 2 2 2 2 2 2 2 2 2 2 2 2 2 2 2 2 2 2 2 2 2 2 2 2 2 2 2 2 2 2 2 2 2 2 2 2 2 2 2 2 2 2 2 2 2 2 2 2 2
left_child=1 -1 3 -3 5 -4 7 -7 9 10 -8 12 15 -14 23 16 -12 41 19 20 21 -16 -17 24 -15 52 30 -28 -29 -30 31 34 -33 -32 48 -13 -5 -25 -39 -40 54 -18 -20 -38 47 -46 -47 -31 49 -10 -6 -35 -26 -51 55 -24 -56 -57 60 -60 -59 -42
right_child=-2 2 4 36 50 6 8 -9 26 -11 11 35 13 14 18 22 17 -19 42 -21 -22 -23 40 37 25 -27 27 28 29 44 33 32 -34 51 -36 -37 43 38 39 -41 61 -43 -44 -45 45 46 -48 -49 -50 53 -52 -53 -54 -55 56 57 -58 58 59 -61 -62 -63
leaf_value=-0.034437237624806959 0.031480918736200729 0.031480918736200729 -0.034437237624806959 8.0713666412865613e-06 0.031480918736200729 -0.026637250945384452 -0.034437237624806959 0.031480918736200729 -0.028347314603216225 0.031480918736200729 -0.029027963525982487 0.031480918736200729 -0.034437237624806959 -0.034437237624806959 -0.034437237624806959 -0.034437237624806959 0.031480918736200729 -0.033736628840825587 0.031480918736200729 -0.034437237624806959 0.031480918736200729 0.020047576760251724 -0.032909150419578502 0.031480918736200729 -0.034437237624806959 0.031480918736200729 0.031480918736200729 -0.034437237624806959 -0.034437237624806959 -0.034437237624806959 -0.034437237624806959 0.031480918736200729 -0.020543452821117223 -0.013605341853732168 0.031480918736200729 -0.034437237624806959 0.031480918736200729 0.031480918736200729 -0.034437237624806959 0.0098540262780099537 0.029479225311186248 -0.034437237624806959 -0.021757417923327076 0.0066721602671603155 -0.034437237624806959 -0.0068034947027759453 0.031480918736200729 0.030490134554638771 0.02664240868069952 0.025606555692071903 -0.0086954617806046016 -0.034437237624806959 0.031480918736200729 -0.024463945524266128 0.00017916865743108887 -0.034437237624806959 0.031480918736200729 -0.012416219064591127 -0.034437237624806959 0.031480918736200729 0.029465661995697445 -0.022329953881971648
leaf_weight=1289.4722497109324 3149.5000323811546 785.88158966880292 2210.4945724150166 434553.76771445014 871.48632153589278 1028.4457399165258 1145.1816865084693 1256.8311274135485 4686.2765847817063 2497.4350309073925 3663.2408183002844 94.903341692872345 360.43698376044631 435.76328888162971 1575.8392384406179 314.08099443465471 519.2531591290608 530.54264358337969 1080.4757852097973 765.53673366270959 954.75760760996491 792.36308560334146 2164.3191952500492 3508.9198327464983 887.2331337062642 922.61041916720569 1126.9339204225689 820.42618436180055 815.88412385713309 159.20510311238468 874.23957210965455 1495.6456885188818 792.32716375682503 6653.3455802379176 242.62938450463116 1606.0963969640434 986.95969567541033 705.05413007829338 360.5291628614068 1654.9097077976912 1859.0199916400015 199.89972256403416 390.44491530954838 10092.650470920838 557.16389739420265 1803.5886039547622 623.929991976358 1953.762267999351 445.38461883179843 790.93094123434275 588.48190491646528 1004.6273250440136 76.960953332483768 610.51462697796524 7249.6527709774673 607.2574461530894 670.97512064035982 725.80519890040159 362.52911827899516 151.1313689770177 1919.226275219582 356.31740011647344
leaf_count=59904 246398 5152 12156 2526081 4839 5993 6222 6989 24958 14051 19804 465 2038 2356 8648 1649 2829 2980 6499 4100 5316 4727 12136 20087 4877 5193 5837 4553 4688 835 4772 8155 4262 36946 1321 8809 78219 3536 2012 8887 10202 1164 1924 215454 2970 10223 3424 10179 2905 4152 3381 5490 534 3376 41125 3367 3638 4484 2161 760 9706 1908
internal_value=-8.05254e-05 -0.00027166 -0.000186699 0.000376232 -0.00365189 -0.00444608 -0.00317958 0.0230711 -0.00408113 0.000123597 -0.00211795 -0.000547709 0.000934702 0.00849868 0.0106769 -0.00420627 -0.0186225 0.0118779 -0.00237977 -0.0112133 -0.00154343 -0.0179434 0.000118451 0.0191639 0.000270249 0.0176147 -0.0108708 -0.00102456 -0.00792069 0.000279807 -0.0152693 -0.00636807 0.0192831 -0.0247232 -0.0150313 -0.031699 0.000249253 0.026207 0.0106871 -0.00517233 0.00146765 0.0314809 0.0221644 0.00970779 0.00701433 -0.0044406 0.0103694 0.0231895 -0.017701 -0.0209491 0.0314809 -0.0182737 -0.0298494 0.00379235 -0.00168006 -0.010518 0.0049375 0.00235569 0.0100187 -0.0308955 0.0179728 0.0211399
internal_weight=523379 520230 518941 446419 72521.3 71061.3 68850.8 2285.28 66565.5 41108.7 38611.3 37466.1 35765.1 14471.8 14111.4 21293.3 4912.94 1249.7 5559.42 4088.5 3322.96 2368.2 16380.3 8551.98 2322.57 1886.8 25456.8 7860.89 6733.96 5913.53 17595.9 9063.71 2287.97 8532.21 6775.74 1701 445633 6229.41 2720.49 2015.44 16066.2 719.153 1470.92 11079.6 5097.65 2984.68 2427.52 2112.97 6533.11 6087.72 1459.97 7657.97 964.194 1401.45 13850.9 5930.27 7920.63 3765.95 3158.69 513.66 2645.03 2215.34
internal_count=3531806 3285408 3225504 2824906 400598 392378 380222 12982 367240 228194 214143 207921 198647 80734 78696 117913 26777 6973 31214 22791 18691 13375 91136 47482 12960 10604 139046 42709 36872 32319 96337 49129 12417 47208 36712 9274 2819754 34522 14435 10899 89487 3993 8423 293673 27631 16617 13647 11014 35391 32486 8220 42436 5411 7528 77377 32614 44763 20478 17111 2921 14190 12110
is_linear=0
shrinkage=0.05


Tree=81
num_leaves=63
num_cat=0
split_feature=0 0 8 8 11 10 0 1 1 11 10 9 9 9 10 8 10 11 8 9 12 8 8 10 8 8 9 9 8 9 12 8 9 8 11 10 0 12 1 9 10 10 10 9 10 9 10 10 8 8 8 10 10 8 9 8 8 9 9 9 8 10
split_gain=1157.66 545.693 413.594 758.537 452.446 423.487 398.144 671.022 379.945 301.75 370.047 260.624 407.287 560.843 650.147 406.025 477.982 320.706 380.853 939.156 322.78 283.177 779.914 251.771 313.37 411.458 258.618 312.955 248.934 239.776 237.97 229.592 219.214 274.07 198.797 343.052 194.58 190.859 335.108 189.632 194.243 184.498 593.211 236.53 456.543 257.767 231.62 186.046 178.041 176.027 493.059 228.566 787.073 457.936 264.678 177.838 442.2 174.061 171.431 171.111 246.754 167.917
threshold=2.5000000000000004 -3.4999999999999996 0.59168273210525524 0.58839616179466259 1.9176578521728518 0.17251890897750857 -1.4999999999999998 411.50000000000006 1608.5000000000002 1.2345460057258608 0.22081561386585238 0.34226986765861517 0.36119578778743749 0.37714664638042456 0.24660515785217288 0.41067200899124151 0.24660515785217288 -0.46460749208927149 0.49985919892787939 0.28810557723045355 3.5000000000000004 0.38402423262596136 0.37821100652217871 0.2170238792896271 0.28225387632846838 0.33260269463062292 0.52515390515327465 0.53810203075408947 0.36040598154067999 0.29170815646648413 3.5000000000000004 0.58457565307617199 0.55594193935394298 0.21525833755731585 -0.036752667278051369 0.1970353573560715 1.0000000180025095e-35 1.0000000180025095e-35 1909.5000000000002 0.26938365399837499 0.2004567235708237 0.2283434867858887 0.22703950107097629 0.31515826284885412 0.22401636093854907 0.29002763330936437 0.25001473724842077 0.20964179933071139 0.41713801026344305 0.30878235399723059 0.31799848377704626 0.2276849374175072 0.22179302573204043 0.3365717232227326 0.44523863494396215 0.36279271543025976 0.37428823113441473 0.38367605209350591 0.34165079891681677 0.44720508158206945 0.32167787849903112 0.2276849374175072
decision_type=2 2 2 2 2 2 2 2 2 2 2 2 2 2 2 2 2 2 2 2 2 2 2 2 2 2 2 2 2 2 2 2 2 2 2 2 2 2 2 2 2 2 2 2 2 2 2 2 2 2 2 2 2 2 2 2 2 2 2 2 2 2
left_child=1 -1 3 5 37 -3 7 -7 -2 11 39 17 -13 15 21 16 -14 30 19 -19 41 22 23 24 26 -26 -15 -28 -27 -22 -8 -20 -29 -34 35 -5 -6 38 -4 40 -11 42 43 44 45 -21 58 -47 -17 -25 -51 52 -52 -54 55 -53 57 -57 -43 -9 61 -61
right_child=8 2 4 34 36 6 9 59 -10 10 -12 12 13 14 -16 48 -18 18 31 20 29 -23 -24 49 25 28 27 32 -30 -31 -32 -33 33 -35 -36 -37 -38 -39 -40 -41 -42 46 -44 -45 -46 47 -48 -49 -50 50 51 54 53 -55 -56 56 -58 -59 -60 60 -62 -63
leaf_value=-0.033246422841100333 0.044365835494038768 -0.033246422841100333 -0.033246422841100333 -0.033246422841100333 -0.033246422841100333 -0.033246422841100333 0.0083978919299701991 -0.0035341522470450012 0.0083978919299701991 -0.0035341522470450012 0.0083978919299701991 -0.0035341522470450012 0.0083978919299701991 -0.0035341522470450012 0.0083978919299701991 -0.0035341522470450012 -0.0035341522470450012 0.0083978919299701991 -0.003437887583376294 -0.0035341522470450012 -0.0035341522470450012 -0.0035341522470450012 0.0083978919299701991 -0.0035341522470450012 0.0083978919299701991 -0.0035341522470450012 0.0083978919299701991 -0.0035341522470450012 0.0083978919299701991 0.0083978919299701991 -0.0017809272232471888 0.0083978919299701991 -0.0035341522470450012 0.0083978919299701991 -0.033246422841100333 0.0083978919299701991 0.0083978919299701991 0.0083978919299701991 0.0020793941693739901 -0.0035341522470450012 0.0083978919299701991 -0.0035341522470450012 0.0083978919299701991 -0.0035341522470450012 -0.0035341522470450012 -0.0035341522470450012 0.0083978919299701991 0.0083978919299701991 0.0083978919299701991 0.0083978919299701991 -0.0035341522470450012 -0.0035341522470450012 -0.0035341522470450012 0.0083978919299701991 0.0083978919299701991 -0.0035341522470450012 -0.0035341522470450012 0.0083978919299701991 0.0083978919299701991 -0.0038520155767769269 -0.033246422841100333 -0.026143217264414327
leaf_weight=1249.5289600212127 1898.4460094152018 317.08732829988003 244.41843229159713 181.19075390696526 490.92538263276219 1971.8156215166673 19239.611953575164 35354.17683973629 1156.7042426504195 639.75554172042757 10716.816291663796 45241.098905153573 25641.520262888633 3277.5260906144977 4937.8528672913089 3712.8894085949287 2437.6501515572891 13780.46787631046 56311.035030788742 883.9815920824185 866.87933247629553 14672.490146548487 8548.4563143095002 22667.437100059353 7669.764454533346 2327.9984803702682 3264.152734907344 3478.4529996449128 1481.79209415894 12610.937054234557 6741.6002446869388 1311.4708909941837 3731.6674284618348 3282.0627686828375 1063.4589151721448 326.13413718622178 143.10621940717101 13548.858106998727 4942.7983128502965 3481.1652325894684 2667.9778034975752 47476.562697917223 4098.5251838872209 14649.292275125161 3917.8182917684317 875.40338711626828 1259.4255694895983 11263.543605051003 1450.6375722801313 7282.5190583448857 9515.9536130744964 31392.698682989925 4799.8484927453101 11015.702534387819 1627.6343192318454 394.54310035146773 4643.5229121809825 12532.036242910661 843.49667739495635 3980.0738472249359 534.39698723144829 1071.637320981361
leaf_count=59940 189414 1679 1672 1332 3588 63627 110125 262564 56893 6025 103564 244463 142426 15707 26660 19368 13006 95019 364696 5286 7851 78263 49323 110909 38938 11939 16055 16864 8903 113641 55066 10088 18577 16609 8050 2383 4028 119239 32992 32847 26698 265793 23889 79945 21867 4981 7465 64795 7857 36990 48533 160463 24738 58728 8712 2047 25035 65106 4316 39542 5080 10139
internal_value=-7.66965e-05 -0.000256999 -0.000177485 -0.000455499 0.00699083 -0.000345847 -0.000303022 -0.00490676 0.0306065 0.000131498 0.00656823 -0.000126272 -0.00122755 -0.000106248 -0.00131647 0.00581113 0.00827868 0.0012271 0.000437016 0.0021298 0.000118433 -0.00197701 -0.000772525 -0.00179796 0.00237223 0.00839789 -0.00193507 0.00354848 -0.00353415 0.00730843 0.00640111 -0.00286867 -0.00186859 0.00553657 -0.0332464 -0.00175746 -0.0332464 0.00839789 -0.00119279 -0.00353415 0.00839789 -0.00101812 0.00172317 -0.0014651 0.00301465 0.00839789 -0.00299137 0.00839789 -0.00353415 -0.00292109 -0.00113263 -0.00236221 0.00163048 0.00839789 -0.00353415 -0.00353415 0.00220005 0.0078767 -0.00353415 -0.00353415 -0.0122844 -0.00858497
internal_weight=523138 520083 518834 499464 19370.1 497893 497576 42912.1 3055.15 454664 17505.7 437158 241028 195787 162544 33242.7 28079.2 196130 170149 112526 98745.9 157606 142934 134385 28513.4 11479.6 17033.9 13756.3 3809.79 13477.8 25981.2 57622.5 10492.2 7013.73 1570.78 507.325 634.032 18736.1 5187.22 6788.9 3307.73 85268 35688.6 31590 16940.7 13022.9 49579.5 12138.9 5163.53 105872 83204.5 75921.9 25331.5 15815.6 50590.4 48962.8 17570.1 12926.6 48320.1 40940.3 5586.11 5051.71
internal_count=3532338 3286031 3226091 3064572 161519 3052807 3051128 380952 246307 2670176 169134 2501042 1266219 1021756 839099 182657 155432 1234823 1069632 694848 599829 812439 734176 684853 143592 59780 83812 68105 20842 121492 165191 374784 52050 35186 11765 3715 7616 153903 34664 65570 32723 478337 200763 176874 96929 75062 277574 69776 27225 541261 430352 393362 131999 83466 261363 252651 92188 67153 270109 317325 54761 49681
is_linear=0
shrinkage=0.05


Tree=82
num_leaves=63
num_cat=0
split_feature=0 0 8 10 8 8 9 10 10 10 8 10 10 8 10 10 8 10 10 8 8 8 9 8 8 8 9 9 10 10 8 10 8 9 8 10 10 9 10 10 8 8 10 10 9 9 11 10 9 10 10 9 10 10 8 10 10 10 8 10 10 10
split_gain=1080.47 534.592 401.732 1139.38 783.107 724.519 1524.4 1342.16 1186.97 917.005 527.049 1998.65 975.919 488.501 811.607 1092.2 821.094 478.368 555.592 485.923 881.128 594.75 505.843 504.147 697.018 482.839 636.299 711.003 589.243 994.669 624.298 1119.32 1117.35 945.006 949.76 938.173 709.857 744.4 1234.27 1175.15 707.507 841.821 891.573 916.54 644.609 1214.17 639.12 635.19 828.691 862.168 629.389 581.064 789.384 766.142 742.25 523.913 573.988 595.739 505.335 496.753 808.253 484.588
threshold=2.5000000000000004 -3.4999999999999996 0.46077333390712744 0.23531123995780948 0.50401070713996898 0.46632041037082678 0.31738659739494329 0.23117136210203174 0.23291677981615069 0.23428770154714587 0.45807589590549475 0.23067473620176318 0.24420594424009326 0.473398968577385 0.23795686662197116 0.24110610783100131 0.46735753118991857 0.23170979321002963 0.23117136210203174 0.47552274167537695 0.49337488412857061 0.5077456831932069 0.29552344977855688 0.4896292537450791 0.48483438789844518 0.46895973384380346 0.30839414894580847 0.31354968249797827 0.23093203455209735 0.23029959201812747 0.48416106402873998 0.22919906675815585 0.49595978856086737 0.26938365399837499 0.51510196924209606 0.22992139309644702 0.21487829089164737 0.29170815646648413 0.22627015411853793 0.22401636093854907 0.48112049698829656 0.47209540009498602 0.21972625702619555 0.22372368723154071 0.29452873766422277 0.29643437266349798 0.58007952570915233 0.22689916938543322 0.27046510577201849 0.20264781266450885 0.21896186470985415 0.25124679505825048 0.20455986261367801 0.22047543525695804 0.52730908989906322 0.21842505037784579 0.21554413437843326 0.2170238792896271 0.541222244501114 0.22137310355901721 0.21956252306699756 0.20600962638854983
decision_type=2 2 2 2 2 2 2 2 2 2 2 2 2 2 2 2 2 2 2 2 2 2 2 2 2 2 2 2 2 2 2 2 2 2 2 2 2 2 2 2 2 2 2 2 2 2 2 2 2 2 2 2 2 2 2 2 2 2 2 2 2 2
left_child=1 -1 10 5 13 7 17 -4 -9 -10 -3 -12 -13 14 -5 -16 -17 18 25 22 23 -22 -19 24 -21 -7 28 -28 29 30 31 36 44 34 35 -34 -27 -38 39 40 41 -39 50 -44 -32 -46 51 48 -35 -50 -43 54 -53 55 -36 56 58 -58 61 60 -56 -54
right_child=-2 2 3 4 -6 6 -8 8 9 -11 11 12 -14 -15 15 16 -18 19 -20 20 21 -23 -24 -25 -26 26 27 -29 -30 -31 32 -33 33 47 46 -37 37 38 -40 -41 -42 42 43 -45 45 -47 -48 -49 49 -51 -52 52 53 -55 59 -57 57 -59 -60 -61 -62 -63
leaf_value=-0.033384246952431515 0.030050885128389028 -0.00085793871785722867 0.024975055196157697 0.030050885128389028 -0.033384246952431515 -0.016890247823939514 -0.033384246952431515 -0.033384246952431515 0.030050885128389028 -0.033384246952431515 -0.033384246952431515 0.030050885128389028 -0.033384246952431515 0.030050885128389028 -0.033384246952431515 0.030050885128389028 -0.033384246952431515 -0.033384246952431515 0.030050885128389028 0.014476632509030876 -0.033384246952431515 0.018931806567371017 0.003787829679470181 0.030050885128389028 -0.033384246952431515 -0.033384246952431515 0.030050885128389028 -0.022785934028545056 -0.033384246952431515 0.030050885128389028 0.020618228168348532 -0.033384246952431515 0.030050885128389028 -0.033384246952431515 -0.033384246952431515 -0.033384246952431515 -0.033384246952431515 0.030050885128389028 0.030050885128389028 -0.033384246952431515 0.030050885128389028 -0.0087917982413947618 -0.033384246952431515 0.030050885128389028 -0.033384246952431515 0.017842402068328746 -0.0067523160667559319 0.030050885128389028 0.030050885128389028 -0.009557188732101719 0.030050885128389028 -0.033384246952431515 0.030050885128389028 -0.027958658143482869 0.0078997982091478704 0.030050885128389028 -0.033384246952431515 0.010111862153911128 -0.033384246952431515 0.030050885128389028 -0.030873518882963004 0.0057999198090530023
leaf_weight=1213.2444311287254 2958.3941022995859 347393.4475355316 7334.7484217472374 1169.7348540155217 145.02789038978517 3683.1371969813481 881.75363803934306 1132.3503089863807 941.18823109380901 482.13149513676763 3774.0564604979008 2290.7958147739992 293.10167994722724 3242.3571713427082 1258.5045492462814 703.48934162594378 361.37617523688823 954.7021796554327 1017.0296885548159 2141.7873664423823 1400.640930455178 547.99086493533105 915.47246315982193 484.62069080583751 551.93295452464372 951.53181625716388 2161.7868819003925 662.51652310602367 764.98025452625006 1618.7205899497494 11286.743337018415 1395.5444852849469 4331.95665746741 1575.0993870049715 708.62469623796642 299.80371192842722 1387.1351401936263 752.00709694530815 2451.2181702349335 2372.8839983986691 1587.1160955810919 1459.910959597677 2418.6932817930356 224.484404806979 1151.9290564469993 2271.3727931389585 18389.642307495698 810.6302120052278 517.99407201167196 19420.342921814881 634.36308995541185 1578.6314525417984 646.89508753828704 2088.1170509010553 37131.219138833694 721.81676979269832 1099.1754768257961 938.94904660899192 150.315184853971 2245.7926355283707 1393.5765238851309 5884.4125503003597
leaf_count=60018 245852 2040054 47310 8797 1510 23133 5114 6887 5962 2923 22600 14752 1863 24894 9334 5021 2538 5891 6532 14558 8370 3761 6366 3529 3610 5856 13400 4206 4905 10768 79362 9098 29896 9176 4274 1669 9163 5114 16055 14662 11670 9398 16110 1757 8147 15967 168522 5341 3799 126456 4116 9428 3973 13767 254870 4821 6659 6188 1045 15031 8668 37666
internal_value=-7.51701e-05 -0.000246687 -0.000169097 0.00186958 0.0217856 0.00100192 0.00012667 0.0141035 -0.0170954 0.0172166 -0.00111905 -0.0153838 0.0188703 0.0249255 0.0100403 -0.00835817 0.0292944 0.000610009 0.00124688 -0.012148 -0.00418547 -0.0306494 -0.0333842 0.012044 0.000885635 0.00096961 0.00145525 0.0249349 0.00095519 0.00121652 0.00071072 -0.00866149 0.00198896 9.50572e-05 0.00270281 0.0246557 -0.00392756 -0.000773592 0.00327442 -0.00501409 0.00521582 -0.00337649 -0.0116511 -0.0309538 0.0148543 -0.00414999 0.00130917 -0.00897042 -0.0106171 -0.00763068 0.0127139 0.00402502 -0.0051512 -0.000559259 0.00692496 0.00550277 0.00171746 -0.0215032 0.00880273 0.00782998 0.00649647 0.0114963
internal_weight=522759 519801 518587 164836 6880.49 157955 148065 9890.42 2555.67 1423.32 353751 6357.95 2583.9 6735.46 3493.1 2323.37 1064.87 147183 140186 6997.15 5126.97 1948.63 1870.17 3178.34 2693.72 139169 135486 2824.3 132662 131897 130278 15634.9 114643 99933 77608.9 4631.76 14239.3 13287.8 11900.7 9449.46 7076.57 5489.46 4737.45 2643.18 14710 3423.3 72977.2 22324.1 21513.4 19938.3 2094.27 54587.5 13108.3 11529.7 41479.2 9441.56 8719.75 2038.12 6681.62 40770.6 38524.8 6531.31
internal_count=3532182 3286330 3226312 1147043 52094 1094949 1031867 63082 15772 8885 2079269 39215 16615 50584 25690 16893 7559 1026753 980668 46085 33828 12131 12257 21697 18168 974136 951003 17606 933397 928492 917724 102999 814725 711249 566477 31565 93901 88045 78882 62827 48165 36495 31381 17867 103476 24114 534912 144772 139431 130255 13514 366390 83547 74119 282843 60352 55531 12847 42684 278569 263538 41639
is_linear=0
shrinkage=0.05


Tree=83
num_leaves=63
num_cat=0
split_feature=8 8 9 9 8 10 10 9 8 10 10 8 9 10 9 10 10 10 10 10 10 11 9 8 9 8 10 10 10 11 9 10 10 10 9 9 9 8 9 10 8 10 9 9 9 10 10 8 10 10 10 9 10 9 9 11 11 12 10 8 8 12
split_gain=426.338 1127.75 1820.38 764.496 707.21 707.866 916.992 689.236 834.005 1644.04 648.53 1282.35 1191.43 1246.55 1072.02 857.208 660.293 1576.85 988.365 1043.21 674.875 623.222 624.144 592.218 1333.61 762.129 583.704 544.559 999.635 691.774 525.62 1397.32 752.253 640.455 800.57 601.646 622.289 516.099 976.703 504.876 499.409 499.35 478.168 1300.94 489.779 934.518 1763.9 810.798 1243.52 1057.37 1661.21 933.465 829.733 703.486 884.889 535.892 534.86 528.82 498.778 473.315 778.239 472.798
threshold=0.46077333390712744 0.46333402395248419 0.31738659739494329 0.30915527045726782 0.48112049698829656 0.22359875589609149 0.22150158137083056 0.31173904240131384 0.46632041037082678 0.21787931025028232 0.23546514660120013 0.50401070713996898 0.27046510577201849 0.23905507475137713 0.29361659288406378 0.23928361386060717 0.23224429786205295 0.23307678103446963 0.23198642581701281 0.23170979321002963 0.23131105303764346 -0.053122514858841889 0.2767369151115418 0.46632041037082678 0.3180192261934281 0.47112825512886053 0.22137310355901721 0.23455427587032321 0.23465987294912341 -0.1803411319851875 0.31738659739494329 0.22232254594564441 0.22150158137083056 0.22503591328859332 0.31268626451492315 0.32579620182514196 0.32850436866283422 0.46426874399185186 0.32176336646080023 0.2257240638136864 0.47918760776519781 0.17251890897750857 0.29452873766422277 0.29552344977855688 0.30284313857555395 0.24390045553445819 0.24566171318292621 0.45807589590549475 0.23067473620176318 0.22232254594564441 0.21896186470985415 0.30441309511661535 0.23757448047399524 0.31738659739494329 0.31077328324317938 -0.28643779456615442 0.62744852900505077 3.5000000000000004 0.24612163752317431 0.50273996591568004 0.5077456831932069 1.0000000180025095e-35
decision_type=2 2 2 2 2 2 2 2 2 2 2 2 2 2 2 2 2 2 2 2 2 2 2 2 2 2 2 2 2 2 2 2 2 2 2 2 2 2 2 2 2 2 2 2 2 2 2 2 2 2 2 2 2 2 2 2 2 2 2 2 2 2
left_child=41 30 3 10 5 6 7 26 -9 -10 16 12 -12 -14 21 -13 18 -18 19 20 -3 22 -15 24 -4 -25 -5 29 -29 -19 31 32 -2 -33 -35 -32 -37 38 -26 -7 -21 -1 -43 -44 45 -45 -47 51 49 50 56 58 55 54 -51 -50 -49 -58 -46 -31 -61 -23
right_child=1 2 23 4 -6 39 -8 8 9 -11 11 15 13 14 -16 -17 17 27 -20 40 -22 61 -24 25 37 -27 -28 28 -30 59 35 33 -34 34 -36 36 -38 -39 -40 -41 -42 42 43 44 47 46 -48 48 52 53 -52 -53 -54 -55 -56 -57 57 -59 -60 60 -62 -63
leaf_value=-0.062926132531578652 0.0088406389748635888 0.00097635280556984715 -0.092582073814059376 0.064261719741825041 -0.15209749987238536 -0.067959821914563789 0.078816326795904168 0.05003818674552421 0.012153147768898385 -0.093344025503392117 0.077141558593846526 -0.19951689968331698 0.033340471501336032 -0.091418432565255447 -0.1065825350298476 0.056601631988311245 -0.054614438303086738 -0.026610261912425826 0.065183016216857459 -0.094531159062917924 0.051755323904617782 -0.079464431084777493 0.052277636806051256 -0.092415601977870757 -0.20501758425266303 0.068672749110263623 -0.094131329496411648 -0.081615675294233692 0.0029425509761086127 0.031851477329502088 0.074625351688626912 0.076418271682846414 -0.13320111177656063 0.020784243181719762 -0.1232361540776768 -0.05219452813373579 0.085366619448447631 0.072149996810496553 0.068868781908956511 0.064709340486344455 -0.013804630743182143 0.11989511822798844 -0.18590145702812855 0.057059958357005808 -0.042439516099176032 -0.10044619959900772 0.04610675286419795 -0.023255183118728068 -0.024132543161521913 -0.13796643816806617 0.082732536091788739 -0.00078466591978859483 -0.12382264223197169 -0.10933736662090532 -0.030226399319789227 0.044755722232096146 -0.24056525953861094 -0.023889796895589597 -0.16335912996869065 -0.085300716381780828 0.064642363419920176 -0.0044577062855041634
leaf_weight=325.51693702954799 157.30074423830956 138735.70806093793 346.00743419677019 941.79715455090627 57.989879824221134 335.97410160675645 734.87035788595676 836.54233438614756 1939.6619132887572 455.08996433578432 822.08475604699925 109.04456706577912 2773.3765366361476 85.833508299663663 295.02920186612755 45.934010994620621 1818.0880501721986 936.73924811370671 599.4184300666675 412.42128754965961 656.42970223585144 312.06972518563271 584.73738755472004 821.08702676463872 54.662384710274637 79.908375843893737 61.123642560094595 520.25763076450676 1060.6454132487997 2280.0341219250113 883.00546351447701 514.53606793982908 227.36139043793082 3512.3441862682812 98.231316329911351 226.49339310172945 127.73751398269087 318.6517760832794 77.552057630382478 90.241961722262204 357.78703453950584 80.684140686877072 94.19995631556958 1008.6176989399828 372.78204556182027 347.70109082013369 498.36973338248208 854.84453195892274 382.1591047453694 213.50222518108785 414.04950884869322 348481.42582541611 96.749798062257469 488.60549684427679 1720.1718898531981 1073.7622736436315 59.110884251073003 53.436353234574199 110.05708887428045 230.18421521503478 137.40483923954889 639.13503003958613
leaf_count=2246 974 1074803 1911 6681 278 2001 5714 5805 13443 3259 7103 1062 23300 647 2411 605 12460 6202 4673 2620 4857 1916 3957 4928 606 996 264 2772 6950 16922 6013 3713 1438 26036 628 1578 919 2977 585 844 2972 599 596 7478 2374 2195 3596 5311 2795 1222 3419 2201579 630 3096 10912 7454 604 517 892 1437 1152 6678
internal_value=-0.000146688 0.00194394 0.00116491 0.00171545 0.0201106 0.0219893 0.0272948 0.0183365 0.00709124 -0.00792575 0.00106143 0.0176587 0.0216556 0.0119157 -0.0190844 -0.12373 0.000424678 -0.0145811 0.00116923 0.000895008 0.00121585 -0.00311113 0.0337757 -0.0503177 -0.0188824 -0.0780685 0.0545242 -0.000482242 -0.0249186 0.0102995 0.023705 0.015778 -0.0752434 0.0242819 0.0168329 0.0525628 -0.00248859 0.0377565 -0.045055 -0.0397843 -0.0570976 -0.00112151 -0.00106488 -0.00109261 -0.00104321 0.0245771 -0.0141681 -0.00117738 -0.0204811 -0.0358704 -0.000959018 -0.000881026 0.0172183 -0.055772 -0.0421874 0.0266694 -0.036828 -0.138806 -0.0702823 0.0233634 -0.0292287 -0.0291234
internal_weight=522986 166311 160564 158866 5453.29 5395.3 4969.09 4234.22 3231.29 2394.75 153412 5667.24 5512.27 4690.18 1916.8 154.979 147745 6983.35 140762 140162 139392 1621.78 670.571 1697.87 796.874 900.995 1002.92 5165.27 1580.9 3584.36 5747.01 4509.77 384.662 4125.11 3610.58 1237.24 354.231 450.866 132.214 426.216 770.208 356676 356350 356270 356175 1854.69 846.071 354321 5356.39 3803.72 1381.44 348964 1552.67 2422.28 1933.67 1455.92 967.392 112.547 482.839 2647.62 367.589 951.205
internal_count=3534605 1277090 1235791 1223788 38289 38011 35166 29452 22507 16702 1185499 47679 46012 38909 15609 1667 1137820 47895 1089925 1085252 1079660 13198 4604 12003 6079 5924 6945 35435 9722 25713 41299 32789 2412 30377 26664 8510 2497 4168 1191 2845 5592 2257515 2255269 2254670 2254074 13269 5791 2240805 35960 25081 9851 2204845 10879 15230 12134 10249 6432 1121 3266 19511 2589 8594
is_linear=0
shrinkage=0.05


Tree=84
num_leaves=63
num_cat=0
split_feature=0 0 1 1 8 8 8 11 10 8 11 0 1 8 8 10 8 8 10 10 10 8 8 10 8 8 10 10 10 10 8 8 8 8 8 8 10 10 10 10 8 10 8 10 10 10 10 10 11 10 8 10 11 8 10 8 8 8 8 12 8 11
split_gain=1023.05 511.718 562.958 384.522 313.918 420.185 507.547 607.438 457.543 337.004 321.999 284.705 296.138 255.889 304.962 253.176 461.591 377.329 298.475 250.812 374.478 250.728 231.628 434.708 249.645 349.129 319.578 582.684 694.602 282.627 363.733 582.186 234.963 425.089 211.849 273.59 258.302 277.29 221.495 353.072 208.135 175.772 264.612 259.206 258.995 166.397 156.495 154.603 141.895 140.88 138.173 137.742 135.61 135.256 161.279 132.555 131.515 120.551 991.665 134.077 180.226 115.868
threshold=2.5000000000000004 -2.4999999999999996 831.50000000000011 1710.5000000000002 0.46077333390712744 0.49595978856086737 0.53307303786277782 0.31731873750686651 0.21442330628633502 0.45418073236942297 1.1085497140884402 -1.4999999999999998 621.50000000000011 0.59168273210525524 0.62994056940078746 0.21787931025028232 0.51923570036888134 0.5077456831932069 0.22192137688398364 0.2257240638136864 0.24390045553445819 0.541222244501114 0.44254073500633245 0.23531123995780948 0.43958365917205816 0.4369830340147019 0.23574929684400561 0.22598334401845935 0.22474194318056109 0.23683736473321917 0.40898340940475469 0.32536515593528753 0.39804874360561376 0.36279271543025976 0.43304879963397985 0.41713801026344305 0.21392750740051272 0.21066060662269595 0.22098699957132342 0.22137310355901721 0.39685180783271795 0.21534436941146853 0.5226179063320161 0.20329929888248446 0.21487829089164737 0.21770152449607852 0.20264781266450885 0.24786309152841571 0.86488777399063121 0.23724532872438434 0.39515876770019537 0.24786309152841571 -1.0962244868278501 0.40434686839580541 0.2233121916651726 0.43628826737403875 0.52730908989906322 0.40434686839580541 0.39315852522850042 5.5000000000000009 0.30652734637260443 -1.4414284229278562
decision_type=2 2 2 2 2 2 2 2 2 2 2 2 2 2 2 2 2 2 2 2 2 2 2 2 2 2 2 2 2 2 2 2 2 2 2 2 2 2 2 2 2 2 2 2 2 2 2 2 2 2 2 2 2 2 2 2 2 2 2 2 2 2
left_child=1 2 -1 -2 9 8 15 -8 -6 10 11 12 -3 21 -15 41 17 18 -17 -11 -21 -9 24 -24 25 26 27 28 34 -28 31 -31 33 51 35 36 37 61 -38 -40 -41 42 44 -44 46 -12 -7 49 -5 -35 -49 -33 -4 -42 -55 57 -18 58 59 -29 -61 -13
right_child=3 4 52 48 5 6 7 13 -10 19 45 22 -14 14 -16 16 56 -19 -20 20 -22 -23 23 -25 -26 -27 29 55 -30 30 -32 32 -34 47 -36 -37 38 -39 39 40 53 -43 43 -45 -46 -47 -48 50 -50 -51 -52 -53 -54 54 -56 -57 -58 -59 -60 60 -62 -63
leaf_value=-0.0403783948634307 0.042884477510074563 -0.025481063858285802 -0.025783991876803004 0.0043350794100992223 -0.0062243405910302804 0.0043350794100992223 0.0043350794100992223 0.0043350794100992223 0.0043350794100992223 -0.0062243405910302804 -0.0062243405910302804 0.0043350794100992223 -0.0045865591392785154 0.0043350794100992223 -0.0062243405910302804 0.0043350794100992223 -0.0062243405910302804 0.0043350794100992223 -0.0062243405910302804 0.0043350794100992223 -0.0062243405910302804 -0.0062243405910302804 0.0043350794100992223 -0.0045865591392785154 -0.0045865591392785154 0.0043350794100992223 0.0043350794100992223 -0.0045865591392785154 0.0043350794100992223 0.0043350794100992223 0.0043350794100992223 -0.0045865591392785154 -0.0045865591392785154 -0.0045865591392785154 -0.0045865591392785154 0.0043350794100992223 -0.0045865591392785154 0.0043350794100992223 0.0043350794100992223 -0.0045865591392785154 0.0043350794100992223 -0.0062243405910302804 -0.0062243405910302804 0.0043350794100992223 0.0043350794100992223 0.0043350794100992223 -0.0062243405910302804 -0.0045865591392785154 0.037859596283186775 0.0043350794100992223 0.0043350794100992223 0.0043350794100992223 -0.0062243405910302804 -0.0045865591392785154 0.0043350794100992223 0.0043350794100992223 0.0043350794100992223 -0.0045865591392785154 0.0043350794100992223 -0.0045865591392785154 0.0043350794100992223 -0.0043068874365827124
leaf_weight=1531.455162753351 1886.1164681492373 1839.5597879868001 885.2527284976095 670.006197466515 6161.7111247396097 348.78762968629599 34754.640374392271 2414.6006823899224 54492.874118771404 5190.3622613763437 1287.949624909088 1148.7746632695198 21572.280362583697 3941.8427639529109 4119.4972177101299 2642.9616980422288 3717.3871897570789 5555.8929654899985 7051.604199484922 8400.2431454816833 679.45142490230501 11721.67155880481 15814.315982270055 5810.7395453779027 7331.2335643125698 5469.1759438086301 7720.2302125012502 51499.515899335966 10473.715228910558 4788.4067442445084 17640.570973378606 12074.123372151516 9376.5990379191935 974.42859537433833 2490.0062917005271 7178.1744345333427 28985.474562025629 7363.356394902803 2691.5583880497143 15717.547216048464 1641.8062180513516 6760.8896045377478 575.9287773007527 4950.3898918917403 684.73014854174107 12029.109488326125 10808.075324005447 3480.7595720496029 314.65037972293794 18587.429536445066 514.86026142258197 2381.6290500415489 4789.7354834917933 1325.2598112076521 1197.3907823311165 709.10023419372737 1739.8843586249277 29913.156931171194 7796.3533929008991 477.34182107076049 2260.3294208692387 13868.907886391506
leaf_count=79828 196990 39507 19883 32317 39362 2340 228757 20308 363200 30773 9740 7066 144512 35832 42085 19067 24217 40570 44615 52100 4175 94662 97785 34510 41588 33008 43137 256781 56358 25521 105374 61502 51600 4915 13350 40043 148799 37598 14153 79831 9097 42131 3613 32893 4016 105278 67724 18969 16691 101781 2829 12248 73806 6837 6794 3964 12815 160276 42944 2995 19359 67764
internal_value=-9.25125e-05 -0.000257076 -0.0134871 0.0296684 -7.08894e-05 0.00174537 -0.000250008 0.00288267 0.00433508 -0.000914582 -0.000575909 -0.000919828 -0.00622434 -0.00425692 0.00326299 -0.00422917 3.54163e-05 0.00433508 -0.00558259 -0.00622434 0.00272527 -0.00622434 -0.000503657 0.00433508 -0.000892797 -0.000545709 -0.000920188 -0.00204059 0.000737828 0.00177806 0.000165974 -0.00204341 -0.00435448 -0.000647011 -0.00160889 -0.000628291 -0.00168797 0.0027974 -0.00363502 0.000570787 -0.00344199 -0.00622434 -0.000825121 0.00433508 -0.00540737 0.00433508 -0.00622434 0.00378925 0.00433508 0.00433508 -0.00458656 -0.00458656 -0.00622434 0.00433508 -0.00458656 -0.00458656 -0.00622434 -0.00458656 -0.00229391 -0.00458656 0.00433508 -0.0027135
internal_weight=522222 519351 7206.44 2870.77 512145 162443 101789 56952.3 60654.6 349701 335431 322114 23411.8 22197.6 8061.34 44836.5 20707.7 15250.5 9694.57 14270.1 9079.69 14136.3 298702 21625.1 277077 269746 264277 186738 94082 77539 69818.8 52178.2 47389.8 38013.2 83608.3 81118.3 73940.1 22381 51559 22573.6 19882 24128.8 17367.9 5526.32 11841.6 13317.1 11156.9 23557.5 984.657 19561.9 3995.62 14455.8 5674.99 4164.46 2522.65 92655.8 5457.27 91946.7 62033.5 54237.2 2737.67 15017.7
internal_count=3532583 3286585 173517 245998 3113068 1118207 715645 421644 402562 1994861 1907813 1792795 184019 192887 77917 294001 141284 104252 63682 87048 56275 114970 1608776 132295 1476481 1434893 1401885 974009 487690 427876 384739 279365 253844 202244 431332 417982 377939 112428 265511 116712 102559 152717 110586 36506 74080 115018 70064 128494 49008 106696 21798 73750 93689 22728 13631 486319 37032 482355 322079 279135 22354 74830
is_linear=0
shrinkage=0.05


Tree=85
num_leaves=63
num_cat=0
split_feature=0 0 0 2 8 8 8 8 9 8 10 8 8 8 8 8 8 8 8 8 10 9 10 8 9 8 8 8 8 8 11 8 9 9 8 9 8 10 9 11 12 8 9 9 8 8 9 8 8 8 10 10 9 10 8 11 10 0 11 8 9 12
split_gain=949.905 493.581 380.65 694.209 250.453 241.345 264.233 1164.83 258.568 406.057 299.811 1488.04 466.253 269.922 1227.44 246.336 547.055 762.12 428.071 1001.44 415.938 353.83 274.796 274.731 275.067 398.15 842.651 301.496 309.036 299.989 477.463 181.324 158.216 227.589 125.581 104.458 115.411 107.486 106.281 102.746 76.0064 70.6219 139.759 69.6937 147.146 68.6614 66.166 486.755 118.914 66.016 50.455 48.807 68.7936 47.9351 46.9205 42.0435 41.3496 35.1238 53.7623 64.6528 65.8166 50.5994
threshold=3.5000000000000004 -3.4999999999999996 1.5000000000000002 2.5000000000000004 0.56885173916816723 0.36279271543025976 0.38402423262596136 0.39199665188789373 0.36119578778743749 0.40799815952777868 0.23318386822938922 0.41218523681163793 0.4355714619159699 0.45519419014453893 0.46077333390712744 0.3415034711360932 0.45709051191806799 0.41391229629516607 0.46632041037082678 0.46895973384380346 0.24390045553445819 0.40453578531742101 0.23117136210203174 0.609165519475937 0.30690142512321478 0.48214443027973181 0.49595978856086737 0.5077456831932069 0.51196408271789562 0.53307303786277782 -1.0000000180025095e-35 0.37821100652217871 0.18625104427337649 0.17489672452211383 0.59582415223121654 0.38166438043117529 0.37821100652217871 0.22868927568197253 0.40332494676113134 0.58007952570915233 6.5000000000000009 0.59168273210525524 0.18625104427337649 0.31354968249797827 0.47112825512886053 0.36890326440334326 0.34813758730888372 0.41896589100360876 0.42247545719146734 0.68115973472595226 0.2170238792896271 0.21442330628633502 0.29452873766422277 0.2170238792896271 0.473398968577385 -0.64161020517349232 0.23757448047399524 2.5000000000000004 0.39015246927738195 0.45519419014453893 0.22264148294925692 3.5000000000000004
decision_type=2 2 2 2 2 2 2 2 2 2 2 2 2 2 2 2 2 2 2 2 2 2 2 2 2 2 2 2 2 2 2 2 2 2 2 2 2 2 2 2 2 2 2 2 2 2 2 2 2 2 2 2 2 2 2 2 2 2 2 2 2 2
left_child=1 4 5 15 -1 -3 20 -8 9 -9 11 -11 -13 -14 -15 -4 17 -12 22 -20 21 -7 -16 24 25 -21 51 -28 -29 -30 34 40 33 39 -31 41 37 -37 45 -25 -5 55 49 -26 -45 -39 47 -19 -49 -43 -38 52 -27 -23 -46 -17 -47 58 -33 -60 -61 -62
right_child=-2 2 3 31 -6 6 7 8 -10 10 16 12 13 14 18 35 -18 46 19 23 -22 53 -24 32 43 26 27 28 29 30 -32 57 -34 -35 -36 36 50 38 -40 -41 -42 42 -44 44 54 56 -48 48 -50 -51 -52 -53 -54 -55 -56 -57 -58 -59 59 60 61 -63
leaf_value=-0.041966908642021815 0.048688664405485013 -0.0022657282794050449 -0.0022657282794050449 0.0071329985276515186 -0.00034053530502767683 0.0071329985276515186 -0.012972607412639933 -0.0093434474297926975 0.002132946463070612 -0.041966908642021815 0.0071329985276515186 -0.0066854344041781186 0.002132946463070612 -0.019174519652569402 0.0071329985276515186 0.038546328978464411 0.0071329985276515186 -0.020011239414723908 -0.023035485353625072 -0.0085729491340715992 -0.00034053530502767683 0.0071329985276515186 -0.00034053530502767683 0.0071329985276515186 0.0071329985276515186 0.0071329985276515186 -0.0083172312244472104 0.0071329985276515186 -0.0065814986898561677 0.0071329985276515186 -0.00034053530502767683 0.042202245238295168 0.0071329985276515186 -0.00034053530502767683 -0.00034053530502767683 0.0071329985276515186 0.0071329985276515186 0.0071329985276515186 0.046070195159418036 -0.00034053530502767683 0.048688664405485013 0.0071329985276515186 0.0484486763154518 -0.041966908642021815 0.0071329985276515186 0.048688664405485013 0.0071329985276515186 0.0071329985276515186 -0.00034053530502767683 0.045388573630334217 0.048688664405485013 0.0071329985276515186 -0.00034053530502767683 -0.00034053530502767683 -0.00034053530502767683 0.0071329985276515186 0.0071329985276515186 0.046168396753801196 0.040399683491658754 0.042337984152767551 0.039503389086297157 0.0071329985276515186
leaf_weight=1064.2342472020537 995.05441083805636 123150.84709349275 1719.0753498952836 585.90385863697156 79.797031693160534 29635.125069904141 17157.302693255246 11727.600231411867 32771.647849210538 1862.3500929670408 8057.585212584585 26317.034522843547 27533.397652752697 8471.0657639466226 6980.9538142457604 258.89655997417867 14248.970771400258 4633.7413180246949 4693.9588210266083 14384.633431760594 6368.0430372329429 1737.6507510328665 1310.4611221151426 4105.0620373142883 3102.5484151327983 570.22758166771382 15701.42941056937 5378.0561678465456 21544.845271374099 14332.246654542163 27173.122069086879 752.61603466887027 3362.5804179525003 2814.0358355017379 1732.026927835308 480.72651545051485 58.555892579257488 177.68286424130201 373.84886541590095 2089.3614337565377 101.58956593554467 241.43336213752627 337.82812631223351 461.43351683206856 271.60856950003654 130.01161185372621 1761.7807272421196 4217.4834324549884 33180.565565708093 115.47238476853818 313.57391072297469 15345.297495456412 2325.1319072274491 5064.0029862057418 187.79766079317778 6885.901683865115 34.080541368573904 580.44116309843957 405.74217679630965 165.19778116513044 120.50436195172369 376.57581382803619
leaf_count=58082 98131 655267 25489 33570 1945 162386 95702 63793 177152 10051 43970 144944 159540 47803 41352 7376 92649 25758 26431 86110 34963 10242 7503 31602 18028 3343 94042 32615 131202 85493 178151 45501 25419 20699 11098 8707 1205 3162 6671 18826 8764 6551 9632 2560 1484 2844 9391 23833 192196 3784 6828 99275 14785 27668 992 162179 613 69027 25569 10080 7031 23626
internal_value=-9.26958e-05 -0.000185934 -0.000113725 0.00795518 -0.0329775 -0.000340535 0.000279128 -0.000278184 0.000396896 -0.000230225 0.000154046 -0.000340535 -0.000340535 0.000430018 -0.000340535 0.00213295 0.00213295 0.000486529 0.000394696 -0.000334908 0.00213295 0.007133 0.007133 0.000455251 -0.00026307 -0.000340535 0.000301378 -0.000340535 -0.000340535 -0.000340535 0.00064024 0.0289233 0.007133 0.000487052 0.007133 0.007133 0.0200334 0.0124489 0.0276819 0.007133 0.007133 0.007133 0.0252726 0.007133 -0.000340535 0.00749232 -0.000340535 -0.000340535 -0.000340535 0.007133 0.044318 0.007133 -0.000340535 -0.000340535 -0.000340535 0.007133 0.039387 0.0354075 0.0319533 0.0246984 0.0150327 0.007133
internal_weight=522118 521123 519979 14215.7 1144.03 505763 382612 339807 322650 289878 278151 212051 210188 183871 156338 11127.1 66100.1 51851.2 147867 139575 42804.8 36436.8 8291.41 134881 122510 118487 104102 85861.7 70160.3 64782.2 43237.4 3088.57 12371 9008.46 16064.3 9408.01 1568.48 1196.35 715.624 6194.42 687.493 7839.53 694.734 4023.39 920.84 341.775 43793.6 42031.8 37398 356.906 372.13 18240.7 2895.36 6801.65 459.406 7144.8 164.092 2401.08 1820.64 1068.02 662.278 497.08
internal_count=3534685 3436554 3376527 468209 60027 2908318 2253051 2017792 1922090 1744938 1681145 1293348 1283297 1138353 978813 245041 387797 295148 931010 882155 235259 200296 48855 855724 759178 736114 650004 532601 438559 405944 274742 223168 96546 71127 96591 219552 30030 21997 13290 50428 42334 189522 19967 23064 5036 6619 251178 241787 216029 10335 8033 117403 18128 37910 2476 169555 3457 180834 111807 66306 40737 30657
is_linear=0
shrinkage=0.05


Tree=86
num_leaves=63
num_cat=0
split_feature=0 0 1 9 11 10 10 9 8 0 1 10 1 10 9 8 10 9 12 10 10 9 10 12 11 10 10 10 10 11 9 10 12 10 11 8 0 10 8 10 8 8 8 10 8 8 0 9 10 10 8 10 8 8 11 11 0 9 10 10 9 10
split_gain=891.773 443.852 575.664 342.065 376.826 313.019 284.39 449.286 288.354 353.792 681.136 342.393 314.933 271.926 356.959 593.802 642.278 633.176 415.632 381.388 685.852 286.807 359.062 456.052 279.661 253.088 423.03 222.608 302.816 281.614 277.471 221.27 196.863 187.533 240.974 282.081 182.772 182.166 179.276 174.117 201.918 256.027 194.731 173.518 202.023 197.815 171.38 166.279 391.405 160.328 239.619 152.898 151.179 641.65 230.682 219.201 210.773 190.318 139.816 145.314 223.533 191.64
threshold=3.5000000000000004 -2.4999999999999996 801.50000000000011 0.21470168977975848 1.7689400315284731 0.20204577594995501 0.1970353573560715 0.59058597683906566 0.28225387632846838 1.0000000180025095e-35 531.50000000000011 0.19875304400920871 1880.5000000000002 0.15911962836980822 0.18625104427337649 0.609165519475937 0.19198419153690341 0.19804758578538897 3.5000000000000004 0.20740322023630145 0.21127824485301974 0.17489672452211383 0.16680419445037845 1.0000000180025095e-35 0.66384690999984752 0.21442330628633502 0.21912655979394915 0.21842505037784579 0.21663307398557666 0.62744852900505077 0.25606970489025122 0.18428492546081546 6.5000000000000009 0.22244768589735034 0.0088527142070233839 0.37639422714710241 -1.0000000180025095e-35 0.21392750740051272 0.55339130759239208 0.2065781503915787 0.56416115164756786 0.55953550338745128 0.55624774098396312 0.22137310355901721 0.53703176975250255 0.55339130759239208 -1.0000000180025095e-35 0.44334584474563604 0.23093203455209735 0.21487829089164737 0.33093890547752386 0.20789130032062533 0.59582415223121654 0.59168273210525524 -0.84491586685180653 -0.080112393945455537 1.5000000000000002 0.21273195743560794 0.24420594424009326 0.23254007846117022 0.30770036578178411 0.22081561386585238
decision_type=2 2 2 2 2 2 2 2 2 2 2 2 2 2 2 2 2 2 2 2 2 2 2 2 2 2 2 2 2 2 2 2 2 2 2 2 2 2 2 2 2 2 2 2 2 2 2 2 2 2 2 2 2 2 2 2 2 2 2 2 2 2
left_child=1 2 -1 13 6 -6 -5 8 11 27 -11 -8 33 -3 21 19 17 18 -17 31 -21 22 -15 -24 -25 -22 -27 28 29 39 -29 -16 36 43 35 -35 -26 -14 -39 42 41 49 44 -12 -10 -46 -9 -32 -49 50 -41 -52 53 54 -33 57 -54 -55 59 61 -61 -7
right_child=-2 3 -4 4 5 58 7 46 9 10 12 -13 37 14 15 16 -18 -19 -20 20 25 -23 23 24 32 26 -28 30 -30 -31 47 52 -34 34 -36 -37 -38 38 -40 40 -42 -43 -44 -45 45 -47 -48 48 -50 -51 51 -53 56 55 -56 -57 -58 -59 -60 60 -62 -63
leaf_value=-0.041278661428975981 0.048407048995071505 0.032569326997428615 -0.0054622632442720039 -0.0054622632442720039 -0.0054622632442720039 0.0082475774619992608 0.025975719509493168 -0.0054622632442720039 -0.0054622632442720039 0.031417369454477373 0.010926071818397467 -0.0054622632442720039 0.0093244044722845167 -0.0054622632442720039 0.048407048995071505 -0.0054622632442720039 0.048407048995071505 0.048407048995071505 0.047320759460353294 0.048407048995071505 -0.0054622632442720039 -0.0054622632442720039 -0.0054622632442720039 0.037177260979065506 -0.0054622632442720039 0.048407048995071505 -0.0054622632442720039 -0.0054622632442720039 -0.0054622632442720039 -0.0054622632442720039 4.6415247219368168e-05 0.048407048995071505 0.048407048995071505 4.6415247219368168e-05 4.6415247219368168e-05 0.020085650068876765 0.021167719826639422 4.6415247219368168e-05 0.048407048995071505 4.6415247219368168e-05 -0.0054622632442720039 0.0093244044722845167 0.0093244044722845167 0.0354579417061818 0.0093244044722845167 -0.0054622632442720039 0.048407048995071505 -0.0054622632442720039 4.6415247219368168e-05 4.6415247219368168e-05 0.0077009212025228096 -0.0054622632442720039 -0.0054622632442720039 -0.0054622632442720039 -0.0054622632442720039 0.046902345179566318 0.048407048995071505 0.048407048995071505 0.048407048995071505 0.048407048995071505 -0.0054622632442720039 0.03095823069879014
leaf_weight=1397.8339545223862 947.95692007848993 922.94127489300445 5668.4414027454332 8930.1061484427191 333.7700937432237 1759.4806915088557 867.76500168722123 76.495555698871613 2808.3851686753333 2083.5977784069255 7011.8402399825864 21178.928742947523 5289.5271378429607 1197.485867202282 102.53032474964857 1694.8172241454013 835.41722789313644 541.26166294887662 405.30160007951781 934.18628488713875 576.41522852471098 2892.3760360097513 1306.9587443321943 1837.0076314783655 412.26496675238013 367.45215606782585 252.76762939989567 7299.9629472177476 15901.931080577895 9644.8152816500515 267956.33928498439 102.12072717398405 83.500367139000446 2170.3940260736272 9981.6081738774665 3880.6066867932677 681.52866706997156 41578.76437327452 175.17613489180803 4013.6897881794721 1582.2522630207241 901.796550815925 4805.2715015634894 802.76390001317486 1882.7801807690412 346.73573854379356 288.77881241496652 20095.784067060798 7238.4725002255291 11043.139178482816 2318.6424409411848 22836.003229018301 4284.1312452284619 201.19260439649224 2412.5759469135664 957.7145919194445 180.79380777897313 83.077475793659687 191.83630839269608 153.82753469049931 825.76293074991554 1969.055231618695
leaf_count=77535 97991 11791 96147 53969 3667 25761 4899 469 14163 144085 125256 114661 52977 12482 590 13304 7551 5387 5862 9135 4511 25235 8725 16168 2069 3247 2071 37105 78557 50789 1307762 793 1348 26998 170851 65639 11564 340743 2061 18808 8015 4525 23963 14386 9644 1761 1788 95074 33793 54501 11695 112499 28742 1093 19925 8796 7393 434 2599 2465 11527 24893
internal_value=-1.89453e-05 -0.000107224 -0.0125522 6.40587e-05 -0.000217084 0.0131262 -0.000361103 -0.000170433 -0.000213418 5.84628e-05 0.0032476 -0.00546226 0.00241921 0.00598768 0.00488823 0.00979856 0.0276957 0.014156 0.00118587 0.00384479 0.0227145 -0.00324519 0.00625938 0.014112 0.0249902 -0.00266781 0.0266876 -0.000552891 -0.00293317 -0.000967095 4.64152e-05 -0.000987663 0.00595845 0.00709983 0.00400382 0.0119222 -0.000490789 4.64152e-05 4.64152e-05 4.64152e-05 -0.00070296 4.64152e-05 0.00667359 0.0134503 -0.00118077 0.0093244 0.048407 4.64152e-05 -0.00397329 -0.000411443 -0.00369927 -0.00546226 -0.00196974 0.00581954 -0.00546226 0.0354687 -0.00546226 -0.00308084 0.0175321 0.0157448 -0.00139171 0.0202463
internal_weight=521506 520558 7066.28 513492 490226 5233.73 484992 476062 475697 453650 72974.3 22046.7 70890.7 23265.8 22342.9 13931.8 3476.8 2641.38 2100.12 10455 2130.82 8411.12 5518.75 4321.26 3014.3 1196.64 620.22 380676 78085.4 62183.5 302591 8324.14 1177.29 23847.2 16032.6 6051 1093.79 47043.5 41753.9 52538.7 42695.5 41113.3 9843.17 7814.6 5037.9 2229.52 365.274 295291 27334.3 40211.5 29168.3 25154.6 8221.61 3756.68 2514.7 1241.98 4464.93 284.27 4899.96 4708.13 979.59 3728.54
internal_count=3532237 3434246 173682 3260564 3052348 70912 2981436 2927467 2925210 2805650 942996 119560 798911 208216 196425 118834 32104 24553 19166 86730 18964 77591 52356 39874 31149 9829 5318 1862654 388920 310363 1473734 67766 14981 403130 263488 92637 13633 395781 342804 259574 210043 202028 49531 139642 25568 11405 2257 1436629 128867 197503 143002 124194 67176 31041 20718 10323 36135 1527 67245 64646 13992 50654
is_linear=0
shrinkage=0.05


Tree=87
num_leaves=63
num_cat=0
split_feature=0 0 9 10 0 1 10 10 10 12 10 10 10 9 10 10 9 10 10 10 10 10 10 10 10 11 10 10 10 10 9 10 9 10 10 9 9 10 10 9 10 10 10 9 10 11 10 9 10 11 10 10 9 9 11 10 9 10 10 11 10 11
split_gain=846.719 416.754 317.747 991.434 444.62 698.66 428.203 317.122 287.866 277.39 358.466 240.087 390.411 238.34 236.784 239.284 236.072 402.607 452.11 372.795 526.541 226.889 271.739 224.846 226.7 340.134 278.618 298.962 633.067 748.162 257.322 765.564 496.397 492.6 414.291 1216.01 389.538 494.627 421.291 319.958 456.437 319.771 428.058 284.685 255.911 335.644 303.554 469.059 384.23 342.573 313.75 479.793 434.941 305.275 261.238 255.42 476.126 285.613 247.982 237.199 227.118 222.558
threshold=3.5000000000000004 -3.4999999999999996 0.48981106281280523 0.22386372834444049 1.5000000000000002 831.50000000000011 0.22273061424493792 0.17251890897750857 0.2170238792896271 7.5000000000000009 0.17963672429323199 0.2233121916651726 0.22372368723154071 0.49891421198844915 0.15911962836980822 0.16680419445037845 0.50473093986511242 0.2295363247394562 0.22431967407464984 0.22627015411853793 0.22689916938543322 0.23628672212362292 0.25297999382019049 0.22255443781614306 0.22098699957132342 -0.20826857537031171 0.22067216038703921 0.21956252306699756 0.21912655979394915 0.21878854185342791 0.55594193935394298 0.20894466340541842 0.54747599363327037 0.21684378385543826 0.21268417686223987 0.51199921965599071 0.52515390515327465 0.21160219609737399 0.21127824485301974 0.49891421198844915 0.21392750740051272 0.21066060662269595 0.20894466340541842 0.53810203075408947 0.21194376796483996 -0.80133870244026173 0.20600962638854983 0.51720210909843456 0.20264781266450885 0.17363094538450244 0.20932090282440188 0.21127824485301974 0.49891421198844915 0.50473093986511242 -0.33904466032981867 0.20740322023630145 0.49891421198844915 0.2065781503915787 0.21770152449607852 0.68987902998924266 0.18192083388566974 -1.0962244868278501
decision_type=2 2 2 2 2 2 2 2 2 2 2 2 2 2 2 2 2 2 2 2 2 2 2 2 2 2 2 2 2 2 2 2 2 2 2 2 2 2 2 2 2 2 2 2 2 2 2 2 2 2 2 2 2 2 2 2 2 2 2 2 2 2
left_child=1 -1 4 6 14 -6 7 -4 -7 10 61 -8 13 -13 -3 -16 -5 18 -18 -20 -21 -10 -17 24 26 -26 27 28 29 30 32 60 34 59 36 39 44 38 41 40 -36 42 -38 -39 46 -46 48 50 -12 -49 55 53 -53 -52 -55 56 -48 -58 -41 -34 -32 -9
right_child=-2 2 3 16 5 8 11 9 21 -11 23 12 -14 -15 15 22 17 -19 19 20 -22 -23 -24 -25 25 -27 -28 -29 -30 -31 31 -33 33 -35 35 -37 37 43 -40 58 -42 -43 -44 -45 45 -47 47 49 -50 -51 51 52 -54 54 -56 -57 57 -59 -60 -61 -62 -63
leaf_value=-0.031134301318227989 0.048261317523692289 0.017581363706616601 -0.031134301318227989 -0.031134301318227989 0.040471870426576323 0.017581363706616601 0.048261317523692289 0.048261317523692289 -2.3307880327878752e-05 -0.031134301318227989 0.048261317523692289 0.048261317523692289 0.048261317523692289 -0.031134301318227989 -0.0230049636469194 -0.00010437123735117251 -0.031134301318227989 -0.031134301318227989 0.048261317523692289 -0.031134301318227989 0.038662768101014613 0.016826781513037885 0.016826781513037885 -0.031134301318227989 -0.010215098722451047 0.048170354758324319 -0.031134301318227989 0.030352337301379692 -0.031134301318227989 0.048261317523692289 -0.031134301318227989 0.048261317523692289 -0.031134301318227989 0.048261317523692289 0.048261317523692289 -0.031134301318227989 0.013709064688581138 0.048261317523692289 -0.031134301318227989 0.013767652791097085 -0.02666442505834582 0.048261317523692289 -0.031134301318227989 -0.020008909917269467 0.048261317523692289 -0.031134301318227989 0.048261317523692289 -0.031134301318227989 -0.031134301318227989 0.048261317523692289 -0.031134301318227989 0.048261317523692289 -0.031134301318227989 -0.031134301318227989 0.048261317523692289 0.048261317523692289 0.033361838376036033 -0.031134301318227989 0.048261317523692289 0.030378153955732613 0.0020639423951867154 0.0038073600146733607
leaf_weight=1082.0925824446604 903.72855139616877 845.90625602938235 306.96636463142931 2365.5052404263988 1579.0342152086087 3279.2026587137952 218.75154347997159 90.756450091488659 6339.2853666376323 360.56845694500953 124.7521566580981 71.36029901355505 194.17629248835146 166.36036373302341 1134.3549313759431 471024.12292312272 185.33227773755789 512.36150018405169 369.29349100030959 199.18977404944599 355.12886587716639 1997.2092371559702 2149.2800867855549 128.70842996239662 454.57877064310014 550.99881967529655 329.36210034415126 703.8033378245309 408.04801242332906 190.79726506397128 237.02831146866083 681.12148852972314 1753.2408281555399 80.27200738992542 259.32272177096456 2903.5124777955934 2755.147363467142 450.895761186257 132.47293478995562 871.39837239123881 759.53146953135729 392.7750190878287 356.84899891074747 163.02544022910297 70.073532570153475 492.4260950088501 122.2037194147706 524.24482268840075 282.61793084442616 107.58853363245726 347.79024174623191 315.5680349143222 77.669887445867062 89.003291919827461 119.20864748209715 505.40132139530033 172.7366035906598 175.6403613705188 422.59067639894783 163.26007814891636 6470.6673022862524 281.86406828090549
leaf_count=60138 98101 8178 1807 13671 151409 92907 1092 664 157858 4544 702 513 1080 1000 9306 2716253 1109 2928 2331 1193 2058 50708 11802 833 2790 2926 1759 4275 2073 1191 1206 3901 10158 503 1403 16691 14992 2411 623 4411 4245 2219 1943 795 450 2793 560 2681 1567 560 1937 1733 387 668 510 2721 782 877 2180 1027 36947 1525
internal_value=-6.7179e-05 -0.000151223 -8.65857e-05 -0.00501002 0.000224185 0.00927733 -0.00155336 -0.00254955 0.00503363 -0.00185205 -0.00118807 0.0384828 0.00907163 -0.0311343 -2.72343e-05 -7.83192e-05 -0.0282723 -0.0115251 0.00720255 0.0235264 -0.00371147 9.63983e-05 -2.33079e-05 -0.00191032 -0.00145365 0.0217929 -0.00242803 -0.00172408 -0.00270781 -0.00125398 -0.00229895 0.00533733 -0.0060628 -0.0292666 -0.00249525 -0.0133957 0.00481587 0.0150061 0.00785044 0.0138521 -0.00710332 0.0122009 0.00676467 0.0482613 -0.00746771 -0.0311343 -0.00142867 0.00519742 -0.0311343 -0.0311343 0.0174688 -0.00300035 0.0392419 -0.0311343 0.0293701 0.0373597 0.00819622 -0.0264402 0.0303445 -0.0311343 0.000145142 0.0474277
internal_weight=521158 520254 519172 30823.9 488348 13194.7 26837.1 26186.5 11615.7 25879.5 25519 650.648 431.897 237.721 475154 474308 3986.81 1621.31 1108.94 923.612 554.319 8336.49 473173 25146.3 25017.6 1005.58 24012 23682.7 22978.9 22570.8 22380 7388.82 14991.2 1996.77 12994.4 5216.36 7778.09 4251.17 3637.24 2312.84 1018.85 3504.77 3112 613.921 3526.93 562.5 2964.43 2557.06 407.37 631.833 1925.22 949.24 393.238 556.002 208.212 975.982 470.581 348.377 1293.99 1916.5 6707.7 372.621
internal_count=3532605 3434504 3374366 175945 3198421 452882 152655 148970 301473 147163 142619 3685 2593 1513 2745539 2737361 23290 9619 6691 5582 3251 208566 2728055 140430 139597 5716 133881 132122 127847 125774 124583 42054 82529 11688 70841 28930 41911 22983 19777 12239 5648 19154 16935 3206 18928 3243 15685 13416 2269 3241 10175 5235 2120 3115 1178 4940 2219 1659 6591 11185 38153 2189
is_linear=0
shrinkage=0.05


Tree=88
num_leaves=63
num_cat=0
split_feature=0 0 9 10 10 0 1 10 8 10 10 10 9 10 10 10 10 8 9 10 10 10 9 10 12 10 11 12 10 9 10 8 10 8 10 0 10 10 10 9 10 10 8 10 10 10 9 9 10 10 8 8 10 10 11 10 0 9 8 10 10 10
split_gain=792.427 404.116 306.298 861.64 380.369 358.917 682.552 307.775 291.39 259.317 256.559 360.725 245.605 395.516 396.674 425.598 435.924 265.985 236.07 503.63 933.334 283.227 269.144 224.338 212.821 246.589 274.394 305.624 215.519 205.082 639.777 614.6 666.589 328.421 727.889 299.592 289.812 520.78 465.32 459.779 684.731 561.862 383.531 341.759 330.908 273.901 407.362 272.112 629.55 266.977 620.548 332.246 284.02 468.532 321.275 270.16 262.409 255.02 691.838 643.712 260.044 355.689
threshold=3.5000000000000004 -3.4999999999999996 0.48981106281280523 0.22386372834444049 0.22273061424493792 1.5000000000000002 801.50000000000011 0.17251890897750857 0.29441830515861517 0.2170238792896271 0.2233121916651726 0.22372368723154071 0.50473093986511242 0.2295363247394562 0.22431967407464984 0.22627015411853793 0.22689916938543322 0.26263889670372015 0.23499774187803271 0.22892133146524432 0.23465987294912341 0.22255443781614306 0.49891421198844915 0.15911962836980822 7.5000000000000009 0.17963672429323199 -0.82285931706428517 2.5000000000000004 0.18192083388566974 0.55594193935394298 0.20894466340541842 0.24668355286121371 0.21684378385543826 0.2293389365077019 0.20455986261367801 -1.4999999999999998 0.22098699957132342 0.21613498777151111 0.21574497967958453 0.51199921965599071 0.21912655979394915 0.2164660915732384 0.27788905799388891 0.21508511900901797 0.21787931025028232 0.21912655979394915 0.53810203075408947 0.57031509280204784 0.20397088676691058 0.18845019489526751 0.19815926998853686 0.21525833755731585 0.19198419153690341 0.19427843391895297 0.15529955178499225 0.2004567235708237 1.0000000180025095e-35 0.52515390515327465 0.28225387632846838 0.21442330628633502 0.21160219609737399 0.21127824485301974
decision_type=2 2 2 2 2 2 2 2 2 2 2 2 2 2 2 2 2 2 2 2 2 2 2 2 2 2 2 2 2 2 2 2 2 2 2 2 2 2 2 2 2 2 2 2 2 2 2 2 2 2 2 2 2 2 2 2 2 2 2 2 2 2
left_child=1 18 5 4 7 23 -7 -4 21 -8 -6 22 19 14 -14 -16 -17 -18 -1 -5 -21 24 -12 -3 25 26 -9 -28 -27 31 33 32 -30 47 -35 -33 37 38 43 40 41 -39 -43 57 -44 -34 -47 -31 49 50 -49 -52 -51 -54 56 -56 -55 58 59 -37 61 -59
right_child=-2 2 3 12 10 6 9 8 -10 -11 11 -13 13 -15 15 16 17 -19 -20 20 -22 -23 -24 -25 -26 28 27 -29 29 30 -32 35 45 34 -36 36 -38 39 -40 -41 -42 42 44 -45 -46 46 -48 48 -50 52 51 -53 53 54 55 -57 -58 60 -60 -61 -62 -63
leaf_value=1.2271764574177714e-05 0.047856702007614195 0.016379532212342379 -0.031069174505572773 -0.040928330085457293 0.047856702007614195 0.040887659129989401 0.016379532212342379 0.047856702007614195 -0.028578151787915715 1.2271764574177714e-05 0.047856702007614195 0.047856702007614195 -0.031069174505572773 -0.031069174505572773 0.047856702007614195 -0.031069174505572773 0.047856702007614195 -0.02844205760329388 -0.040928330085457293 0.02713188160170469 -0.040928330085457293 -0.040928330085457293 -0.040928330085457293 1.2271764574177714e-05 -0.040044835455180089 -0.040928330085457293 0.042598950676103087 -0.040928330085457293 -0.040489495854766459 -0.040928330085457293 0.047856702007614195 -0.024029115094289955 0.047856702007614195 0.034437368780284285 -0.040928330085457293 -0.024029115094289955 0.033392255225120807 -0.024029115094289955 0.047856702007614195 -0.024029115094289955 -0.024029115094289955 0.047856702007614195 -0.024029115094289955 -0.024029115094289955 0.037804570393617842 0.047856702007614195 -0.040928330085457293 0.047856702007614195 0.047856702007614195 -0.040928330085457293 -0.040928330085457293 0.047856702007614195 0.028081112611442534 -0.039204502304577615 -0.011094992403514217 0.047856702007614195 0.018378482713584846 0.013488718004626086 0.023080363950466268 0.047856702007614195 0.039744106479522173 -0.024029115094289955
leaf_weight=94.135180104523897 860.71107716672122 826.31923079025 306.09607696533203 1185.8252732753754 214.85825575143099 1438.680407805834 3251.283527368214 107.78741268347949 986.98205935023725 8377.6216202224605 70.063707262277603 189.18695715488866 179.2227335087955 505.23056530766189 375.12646122463048 193.12140927184373 224.12278146669269 128.96000506449491 958.21266097947955 779.61633086390793 369.22789632901549 131.3914097417146 164.28795089479536 474027.00146052428 333.46348850335926 238.67985172010958 159.55286195129156 101.20672930683941 1867.0084858778864 159.83119151555002 681.3072517211549 1114.5255936253816 141.90186143200845 1400.8987974626943 128.7927531581372 2127.1703712511808 737.34858786873519 125.86704824864864 266.36764290556312 1555.5157923204824 508.61346060037613 409.27646350907162 219.42100348696113 440.99590699281543 357.45573662500829 169.23937895894051 208.48682553134859 504.76931551937014 518.75249678175896 680.12671349663287 425.52015781588852 82.326412629336119 686.95138258300722 1287.5865956805646 275.07696128077805 108.53044311050326 233.12318219337612 3674.4572926582769 1602.7661922932602 155.81273123528808 878.32056424859911 120.76153135299683
leaf_count=2826 98007 8120 1815 6990 1082 146211 94589 771 5488 212729 497 1075 1080 2870 2341 1175 1162 899 57341 4292 2304 847 1000 2735830 4342 1215 717 684 10732 1038 3910 12790 896 8247 787 10376 3950 550 1570 7683 2704 1954 972 2039 1907 914 1030 2799 2760 3754 2390 434 3529 6929 1702 574 2148 18683 7908 966 4516 486
internal_value=-5.14212e-05 -0.000130846 -6.80205e-05 -0.00490389 -0.00170017 0.000237243 0.00841166 -0.00262924 -0.00194682 0.0043907 0.0364027 0.00645869 -0.0267348 -0.0103611 0.00796942 0.022749 -0.00701738 0.031975 -0.0310692 -0.0310692 -0.00755133 -0.000891249 -0.0310692 1.22718e-05 -0.000430377 0.000111256 0.040645 -0.00413216 -0.000510429 -3.08147e-05 0.00703816 -0.00307098 -0.0265533 0.0021659 0.0224132 0.000851207 0.00295677 0.00115066 0.00713933 -0.0163185 0.00470519 0.02833 0.0431613 0.0050028 0.00661537 0.0235006 -0.00342271 -0.00407849 -0.00162116 -0.00793091 0.0144941 -0.0247415 -0.0148746 -0.00729131 -0.0200594 0.0207903 -0.0303708 0.00737391 -0.00209111 -0.0197651 0.0152422 0.00956284
internal_weight=520633 519772 518720 30798.9 26858.5 487921 13067.6 26220.1 25914 11628.9 638.397 423.539 3940.45 1605.78 1100.55 921.331 546.204 353.083 1052.35 2334.67 1148.84 24927 234.352 474853 24795.6 24462.1 368.547 260.76 24093.6 23854.9 7173.59 16681.3 2386.64 6492.29 1529.69 14294.7 13180.2 12442.8 9266.65 3176.15 1620.63 1112.02 986.153 9000.28 576.877 519.628 377.726 4962.59 4802.76 4284.01 1012.62 507.847 3271.4 2591.27 1904.32 383.607 1520.71 8559.29 3885.75 2282.98 4673.54 3795.22
internal_count=3531926 3433919 3373752 176273 153160 3197479 453529 149506 147691 307318 3654 2572 23113 9527 6657 5577 3236 2061 60167 13586 6596 142203 1497 2743950 141356 137014 2172 1401 134842 133627 41001 92626 13572 37091 9034 79054 66264 62314 46544 15770 8087 5383 4833 44974 2879 2840 1944 28057 27019 24259 5623 2824 18636 14882 11353 2276 9077 42935 19250 11342 23685 19169
is_linear=0
shrinkage=0.05


Tree=89
num_leaves=63
num_cat=0
split_feature=0 0 9 9 10 10 8 9 8 8 10 9 9 8 8 8 8 10 11 8 8 9 8 8 8 11 10 10 10 10 8 9 0 1 10 10 9 10 10 11 8 11 9 10 10 9 8 8 10 9 9 9 10 10 10 9 8 8 10 8 8 9
split_gain=747.551 360.657 319.834 952.535 578.291 895.566 645.333 545.871 1519.87 967.096 1468.48 1079.66 702.072 681.049 572.588 519.135 734.831 499.107 494.541 491.248 414.642 371.354 570.719 496.59 933.456 448.542 370.829 559.62 531.995 503.04 430.09 377.329 346.57 576.867 339.92 1004.24 444.8 445.378 402.298 372.906 332.881 326.457 367.693 448.436 379.493 321.663 308.746 461.498 950.118 1197.18 566.484 1333.01 910.041 1097.5 818.741 704.656 725.136 709.778 653.619 1322.11 846.828 776.651
threshold=3.5000000000000004 -3.4999999999999996 0.39191363751888281 0.39528006315231329 0.24660515785217288 0.25167453289031988 0.35563290119171148 0.38367605209350591 0.3849149495363236 0.3772092759609223 0.23531123995780948 0.38476856052875524 0.38166438043117529 0.38795933127403265 0.37639422714710241 0.36753095686435705 0.37306414544582372 0.24612163752317431 0.17363094538450244 0.37528081238269811 0.32754349708557134 0.3964745700359345 0.36040598154067999 0.38402423262596136 0.38020673394203192 0.59266486763954174 0.21194376796483996 0.21554413437843326 0.21752139925956729 0.21972625702619555 0.38885514438152319 0.39077325165271765 1.5000000000000002 951.50000000000011 0.24390045553445819 0.2472183629870415 0.38589408993721014 0.2397129833698273 0.23928361386060717 0.29403549432754522 0.40702675282955175 -0.16721154004335401 0.3879420012235642 0.23776898533105853 0.23546514660120013 0.37613216042518621 0.3772092759609223 0.37104946374893194 0.22179302573204043 0.39730471372604376 0.40835168957710272 0.40453578531742101 0.24059694260358813 0.24240486323833468 0.24014183133840564 0.42126683890819555 0.35287474095821386 0.34475418925285345 0.23266435414552691 0.36279271543025976 0.36040598154067999 0.40216137468814855
decision_type=2 2 2 2 2 2 2 2 2 2 2 2 2 2 2 2 2 2 2 2 2 2 2 2 2 2 2 2 2 2 2 2 2 2 2 2 2 2 2 2 2 2 2 2 2 2 2 2 2 2 2 2 2 2 2 2 2 2 2 2 2 2
left_child=1 -1 7 18 17 6 -6 12 9 10 -9 -12 15 -10 34 -3 -17 21 -4 45 -7 22 -5 24 46 -24 -15 -28 -29 -30 31 -31 -21 -34 36 -36 39 38 41 -13 -14 -38 -43 44 -44 -18 47 50 -49 -50 51 58 54 -54 55 57 -57 -52 61 60 -60 -23
right_child=-2 2 3 4 5 20 -8 8 13 -11 11 14 40 26 -16 16 19 -19 -20 32 -22 23 25 -25 -26 -27 27 28 29 30 -32 -33 33 -35 35 -37 37 -39 -40 -41 -42 42 43 -45 -46 -47 -48 48 49 -51 52 -53 53 -55 -56 56 -58 -59 59 -61 -62 -63
leaf_value=-0.029974830071286512 0.047521622354558229 0.047521622354558229 -0.029823089354675494 -0.029974830071286512 0.047521622354558229 0.047521622354558229 -0.029974830071286512 -0.029974830071286512 -0.029974830071286512 0.036044874335953776 0.047521622354558229 0.038507724341517224 -0.022122389690351373 -0.029974830071286512 -0.029974830071286512 -0.029974830071286512 -0.029974830071286512 -0.029974830071286512 -0.00078488670889987765 0.00025766061816713949 -0.029974830071286512 -0.029974830071286512 0.036117406529727052 -0.029974830071286512 0.047521622354558229 -0.029974830071286512 0.047521622354558229 -0.029974830071286512 0.047521622354558229 0.047521622354558229 -0.013136477141520782 -0.029974830071286512 0.039381194304351039 0.0048050754548700043 -0.029974830071286512 0.034769977153036112 0.047521622354558229 0.046689519171463412 -0.029974830071286512 -0.029974830071286512 0.047521622354558229 0.047521622354558229 0.047521622354558229 0.047521622354558229 -0.029974830071286512 0.047521622354558229 -0.025311847794587214 -0.017922895089807482 -0.029974830071286512 0.041501839954721793 0.047521622354558229 -0.029974830071286512 0.047521622354558229 0.0020656935292065678 -0.029974830071286512 -0.0024115386428180934 -0.029974830071286512 0.0060602879753810547 0.0069998923984707119 0.036883681015224705 -0.029974830071286512 0.011733667688309678
leaf_weight=1009.1311766775325 823.44193083932623 226.43960537808016 4536.0073267421685 168.86570585891604 1551.814437516965 112.89020208641887 99.035239906981587 906.99422366684303 1641.6099522579461 4835.4195920769125 806.50807995721698 198.01664726622403 4123.8247423074208 127.31977760978043 155.15482917055488 910.37871226575226 90.586763886734843 535.59863645583391 2166.40713278763 335522.20736784767 405.0028723180294 1085.0949019198306 1755.7895689583384 567.15643122326583 957.88215063652024 158.42780590662733 246.51891627488658 426.20936938421801 473.21051809983328 253.15815060539171 1662.1494868411683 66.293922569602728 1412.1245407862589 8245.8564693722874 1229.7111248094589 942.58688730048016 544.19792855670676 1500.9404411274008 266.98541876766831 181.63351906463504 77.588357321918011 193.54588976874948 93.281823012046516 236.91208346001804 583.41661540511996 582.51830574125051 1379.1106696389616 1640.1926680975594 542.52200981834903 2849.6162299076095 589.05306321941316 4932.0465250788257 1858.6195986405946 3248.3356611649506 969.26623440533876 92207.65077855764 2441.0353993279859 15426.080220265314 2773.9278412787244 2470.0204207254574 1251.9825725248083 1176.9808556204662
leaf_count=59947 98162 1352 25515 943 10198 869 494 5691 10023 30101 4511 1102 25512 589 773 5510 520 2970 14639 1996590 2048 6100 10141 3521 6818 1621 1595 2419 3476 1928 10638 315 139061 223360 6459 5111 3370 8498 1779 980 437 1087 515 1117 3531 3301 8286 10278 3660 16926 3757 28772 10746 18424 5300 530175 14833 91260 16404 13891 6846 7565
internal_value=-5.20043e-05 -0.000127484 -6.93496e-05 -0.00201714 -0.00115452 0.0244622 0.0424712 0.000722188 0.00932207 0.0184613 0.00761307 0.0161472 0.00029187 -0.0143353 0.00809079 0.000537894 0.000482687 -0.00154874 -0.0204387 0.000609749 -0.0299748 -0.00133894 0.0196099 -0.00165446 -0.00143783 0.0285134 -0.000122906 0.00501114 -0.00195506 0.00827823 -0.00290736 0.0475216 0.000526473 0.00986412 0.011576 -0.00419899 0.0205952 0.0262975 0.0103264 -0.0299748 -0.0200222 0.0199836 0.00428647 -0.009683 -0.0299748 0.0432513 -0.0017823 -0.00154257 0.0133136 0.0284181 -0.00211586 -0.0117378 -0.000987399 0.0196503 -0.00193169 -0.00148256 -0.00312378 0.00821658 3.23703e-05 0.00809312 -0.00957555 -0.0231088
internal_weight=520452 519629 518620 149856 143154 2168.74 1650.85 368763 17571.8 12675.3 7839.89 6932.89 351192 4896.47 6126.38 346990 346764 140985 6702.41 345853 517.893 140450 2083.08 138367 137799 1914.22 3254.86 3127.54 2881.02 2454.81 1981.6 319.452 345180 9657.98 5971.23 2172.3 3798.93 3419.28 1918.34 379.65 4201.41 1651.35 1107.16 913.611 676.698 673.105 136842 135462 5032.33 3392.14 130430 13690.1 116740 5106.96 111633 110664 94648.7 16015.1 8758.01 6495.93 4025.91 2262.08
internal_count=3532360 3434198 3374251 873000 832846 13609 10692 2501251 105608 74625 44524 38833 2395643 30983 34322 2369694 2368342 819237 40154 2362832 2917 816267 12705 803562 800041 11762 20960 20371 18776 16357 12881 2243 2359011 362421 33549 11570 21979 19897 11399 2082 25949 9620 6250 5163 4046 3821 793223 784937 30864 20586 754073 79578 674495 29170 645325 640025 545008 95017 50806 37141 23250 13665
is_linear=0
shrinkage=0.05


Tree=90
num_leaves=63
num_cat=0
split_feature=0 0 8 10 10 10 10 10 10 9 10 10 11 9 0 1 8 8 11 10 10 10 10 9 12 10 10 10 10 11 9 8 9 9 8 8 8 8 8 9 10 9 10 8 8 0 8 8 8 10 9 8 8 9 9 10 9 10 10 10 10 8
split_gain=717.461 334.347 311.193 669.612 758.131 1019.4 1036.01 787.447 755.384 628.376 542.169 817.747 430.853 421.581 419.056 581.13 359.956 684.907 872.996 587.485 481.984 544.932 417.984 406.708 414.34 317.59 311.97 279.36 1083.65 617.143 699.423 559.754 548.586 550.05 1414.11 468.497 537.775 1191.05 391.242 380.964 370.337 870.482 420.751 432.679 697.758 423.067 352.673 718.658 343.944 338.469 325.822 323.432 314.786 465.37 884.52 647.03 637.925 657.038 512.524 755.097 1701.99 614.366
threshold=3.5000000000000004 -3.4999999999999996 0.30878235399723059 0.24660515785217288 0.22598334401845935 0.22844710946083072 0.22868927568197253 0.22503591328859332 0.22359875589609149 0.47371521592140203 0.22545928508043292 0.22557690739631656 0.61536902189254772 0.47105844318866735 1.5000000000000002 712.50000000000011 0.26667550206184393 0.29441830515861517 -0.4767127782106399 0.23004490137100223 0.23211316019296649 0.24014183133840564 0.2295363247394562 0.45658147335052496 3.5000000000000004 0.17251890897750857 0.2295363247394562 0.21738760173320773 0.21663307398557666 0.62744852900505077 0.25717833638191229 0.52896222472190868 0.28810557723045355 0.25606970489025122 0.52730908989906322 0.33260269463062292 0.42959892749786383 0.49337488412857061 0.40625980496406561 0.25834909081459051 0.21592911332845691 0.2767369151115418 0.21534436941146853 0.48590500652790075 0.40625980496406561 -1.4999999999999998 0.541222244501114 0.54831936955451976 0.53528708219528209 0.21301037073135379 0.28473706543445593 0.51923570036888134 0.31799848377704626 0.44334584474563604 0.44523863494396215 0.22098699957132342 0.45174847543239599 0.22126312553882602 0.22808807343244555 0.22530259191989901 0.22516405582427981 0.48019985854625707
decision_type=2 2 2 2 2 2 2 2 2 2 2 2 2 2 2 2 2 2 2 2 2 2 2 2 2 2 2 2 2 2 2 2 2 2 2 2 2 2 2 2 2 2 2 2 2 2 2 2 2 2 2 2 2 2 2 2 2 2 2 2 2 2
left_child=1 -1 3 4 7 -6 -7 8 13 14 -9 -12 -13 -3 27 -16 -8 18 -18 22 -21 23 -19 -22 -25 -15 -20 28 29 30 -4 40 33 34 51 -30 -37 -38 -31 -33 42 -42 45 44 -44 49 -36 -48 -39 -32 -47 -29 -34 58 -55 -56 -57 -58 59 60 -54 -60
right_child=-2 2 9 -5 5 6 16 10 -10 -11 11 12 -14 25 15 -17 17 19 26 20 21 -23 -24 24 -26 -27 -28 32 35 38 31 39 52 -35 46 36 37 48 -40 -41 41 -43 43 -45 -46 50 47 -49 -50 -51 -52 -53 53 54 55 56 57 -59 61 -61 -62 -63
leaf_value=-0.029224225734154605 0.047666059837940228 0.047666059837940228 0.0058920690218178884 0.047666059837940228 -0.029224225734154605 0.047666059837940228 -0.029224225734154605 0.047666059837940228 -0.029224225734154605 0.047666059837940228 -0.029224225734154605 0.047666059837940228 -0.029224225734154605 -0.029224225734154605 0.043656057109372697 0.0058920690218178884 0.047666059837940228 -0.029224225734154605 -0.029224225734154605 -0.029224225734154605 0.047666059837940228 -0.029224225734154605 0.047666059837940228 -0.012005614082747761 0.047666059837940228 -0.00018229883803659502 0.004912910952049339 0.0058920690218178884 0.0058920690218178884 -0.029224225734154605 -0.003775596033874134 0.0058920690218178884 0.0058920690218178884 0.0058920690218178884 0.0058920690218178884 -0.029224225734154605 0.0058920690218178884 -0.029224225734154605 -0.0070677648899714167 -0.029224225734154605 -0.029224225734154605 0.0058920690218178884 -0.029224225734154605 -0.029224225734154605 0.0058920690218178884 0.0058920690218178884 -0.029224225734154605 0.0058920690218178884 0.0058920690218178884 -0.029224225734154605 -0.003775596033874134 -0.029224225734154605 0.00095841209254095684 -0.029224225734154605 -0.02444198669042583 0.0058920690218178884 0.0058920690218178884 -0.029224225734154605 -0.0012503967299866423 0.0058920690218178884 -0.029224225734154605 -0.029224225734154605
leaf_weight=985.5209296233952 784.89153834525496 127.58688031882048 37613.531362730078 225.24146946985275 2910.3744396399707 424.13506862008944 1015.7596360044554 388.989163659513 2186.5449028583243 690.41612191777676 304.26572700124234 415.77847218792886 104.48612061934546 296.91170174349099 1118.300516099669 11344.074734651018 695.03383884066716 160.3247140692547 383.93785145133734 1303.9130012691021 152.66956970561296 583.59841654496267 203.36480314983055 1391.2465951321647 321.47835251549259 33431.339501066599 2279.9302555411123 634.66813825536519 350.96059821825475 839.32016304507852 1626.8463191995397 385.50928400922567 7900.8932269588113 29688.925382860005 4006.7277456494048 1966.1433229735121 2215.319966847077 2704.179336361587 18824.894769866019 1945.5320212645456 671.97048805933446 3991.6250226125121 638.53791977092624 1350.8689638162032 1395.9386365395039 7920.5064303418621 964.97968574427068 1691.8912553722039 569.35308302938938 1165.4944565361366 17289.347009131685 2511.7711249459535 63304.564235703088 1760.152314783074 2523.9295474747196 3957.1004172218964 194.11967253591865 1686.8560765888542 197303.55102219898 32174.198714837432 1656.0621811663732 512.98482934944332
leaf_count=60151 98145 588 241906 1347 16550 2248 6048 2631 12301 4199 1668 2239 687 1775 127611 316590 4686 1047 1937 6928 839 3490 1173 7197 2661 190919 11785 4224 1839 4943 13376 2149 41971 191618 26351 10855 12685 15119 140017 11283 3787 22536 3649 7718 7850 42782 5816 10295 3732 10533 88581 15094 359203 9263 13084 21439 895 8893 1099432 180528 9183 2906
internal_value=-7.1438e-05 -0.00014367 -8.83294e-05 -0.00386686 -0.00431453 -0.0153437 -0.00595461 -0.000813333 -0.00214763 0.000308845 0.0387855 0.00570585 0.0472995 -0.000305501 0.000238534 0.00928402 -0.00998832 -0.00596981 0.0107831 -0.0196385 -0.0255205 -0.00657054 0.0409604 0.00824631 -0.000156375 -0.000720823 -0.00268258 -8.72971e-06 -0.00229307 -0.000831252 0.00121165 -0.00353818 0.000661826 0.00589207 -0.00596565 -0.0202049 -0.0236071 -0.0122565 -0.00872605 -0.0272787 -0.00200242 0.00589207 -0.00416179 -0.0208085 -0.0037356 -0.0021486 0.00589207 -0.0124439 -0.0292242 -0.0206112 -0.000102874 -0.0292242 -4.00441e-05 -0.000327338 -0.0108684 -0.00329415 0.00585115 -0.0232187 3.4446e-05 0.0030088 -0.000549241 -0.00142607
internal_weight=520169 519384 518399 49306.9 49081.7 11825.8 8915.39 37255.9 36042.4 469092 1213.52 824.53 520.265 33855.8 468402 12462.4 8491.26 7475.5 3358.9 4116.6 3752.91 2448.99 363.69 1865.39 1712.72 33728.3 2663.87 455939 103466 95659.9 75995.7 38382.2 352473 39499 9810.04 7805.96 7455 5488.85 19664.2 2331.04 36051.1 4663.6 31387.5 3385.35 2034.48 28002.2 6663.6 2656.87 3273.53 2792.34 25209.9 3146.44 312974 305074 10122.2 8362.01 5838.08 1880.98 294951 97134.8 64960.6 197817
internal_count=3532975 3434830 3374679 280744 279397 66589 50039 212808 205583 3093935 7225 4594 2926 193282 3089736 444201 47791 41743 18408 23335 21115 14187 2220 10697 9858 192694 13722 2645535 645340 601110 456150 214244 2000195 253398 61780 44230 42391 31536 144960 13432 200812 26323 174489 19217 11499 155272 42462 16111 18851 23909 131363 19318 1746797 1704826 53574 44311 31227 9788 1651252 548914 368386 1102338
is_linear=0
shrinkage=0.05


Tree=91
num_leaves=63
num_cat=0
split_feature=0 0 1 10 8 8 8 8 10 9 8 8 10 9 10 0 10 9 10 10 10 0 1 10 10 9 8 9 8 11 8 9 1 1 11 12 9 8 8 10 12 10 11 11 9 10 10 8 8 9 9 10 10 10 8 10 10 8 9 11 9 8
split_gain=675.018 311.302 551.75 256.232 427.472 412.227 436.187 517.154 249.638 233.408 222.348 606.849 722.576 617.234 537.58 342.805 315.103 1051.46 282.969 249.485 872.245 229.805 534.384 319.858 306.456 370.958 329.739 435.248 305.717 421.079 257.081 519.945 178.65 179.754 165.598 160.928 150.779 295.392 141.963 135.383 163.027 160.332 130.602 128.684 124.619 310.042 244.727 242.044 222.005 470.657 170.241 647.655 512.285 530.807 463.141 694.427 389.727 270.209 461.836 685.774 333.973 300.414
threshold=3.5000000000000004 -2.4999999999999996 750.50000000000011 0.25297999382019049 0.43391023576259619 0.41067200899124151 0.37428823113441473 0.35031150281429296 0.15911962836980822 0.13645498454570773 0.30878235399723059 0.31291434168815618 0.23757448047399524 0.47371521592140203 0.24660515785217288 2.5000000000000004 0.21392750740051272 0.48981106281280523 0.2134855389595032 0.2275783717632294 0.23574929684400561 1.0000000180025095e-35 712.50000000000011 0.21719129383563998 0.23041371256113055 0.44099158048629766 0.45709051191806799 0.36667506396770483 0.5226179063320161 0.58007952570915233 0.36279271543025976 0.40835168957710272 1608.5000000000002 268.50000000000006 -1.508236229419708 1.0000000180025095e-35 0.36183726787567144 0.39804874360561376 0.33093890547752386 0.21160219609737399 1.0000000180025095e-35 0.17963672429323199 -0.25273872911930079 -1.0962244868278501 0.48604546487331396 0.21323179453611377 0.18192083388566974 0.19815926998853686 0.29441830515861517 0.49891421198844915 0.52515390515327465 0.21160219609737399 0.21127824485301974 0.20994300395250323 0.27788905799388891 0.20740322023630145 0.2065781503915787 0.25760774314403539 0.55594193935394298 0.66384690999984752 0.53198191523551952 0.21525833755731585
decision_type=2 2 2 2 2 2 2 2 2 2 2 2 2 2 2 2 2 2 2 2 2 2 2 2 2 2 2 2 2 2 2 2 2 2 2 2 2 2 2 2 2 2 2 2 2 2 2 2 2 2 2 2 2 2 2 2 2 2 2 2 2 2
left_child=1 2 -1 8 5 6 7 38 35 -10 14 12 13 19 16 21 17 -11 34 -12 -21 23 33 28 25 -25 27 -26 -13 -30 31 -29 -17 -23 39 -3 37 -8 -5 40 -19 -42 -24 -4 -45 46 47 -36 49 -48 52 57 53 54 56 -56 -51 58 59 -52 -59 -60
right_child=-2 3 43 4 -6 -7 36 -9 9 10 11 15 -14 -15 -16 32 -18 18 -20 20 -22 22 42 24 26 -27 -28 30 29 -31 -32 -33 -34 -35 45 -37 -38 -39 -40 -41 41 -43 -44 44 -46 -47 48 -49 -50 50 51 -53 -54 -55 55 -57 -58 60 61 -61 -62 -63
leaf_value=-0.041429030777290043 0.047379592373972115 -0.004182247809194249 -0.023484826232358463 0.047379592373972115 -0.004182247809194249 0.047379592373972115 0.046555064730075306 0.047379592373972115 0.047379592373972115 0.047379592373972115 -0.004182247809194249 -0.004182247809194249 0.047379592373972115 0.047379592373972115 0.047379592373972115 0.040768186160090092 -0.004182247809194249 0.047379592373972115 0.041946392229180687 0.047379592373972115 -0.004182247809194249 0.040768186160090092 0.0057377498436404885 0.0015446906261716838 -0.004182247809194249 -0.004182247809194249 0.0015446906261716838 -0.004182247809194249 0.0015446906261716838 -0.004182247809194249 0.0015446906261716838 0.0015446906261716838 0.0057377498436404885 0.015367233058121519 -0.023484826232358463 0.03894615653357799 -0.004182247809194249 -0.004182247809194249 -0.004182247809194249 0.047379592373972115 0.047379592373972115 -0.00061625127496610691 0.0015446906261716838 -0.004182247809194249 -0.03818398489976528 -0.023484826232358463 0.047379592373972115 0.047379592373972115 -0.023484826232358463 0.047379592373972115 -0.023484826232358463 0.045744821571959159 -0.023484826232358463 0.047379592373972115 -0.023484826232358463 0.047379592373972115 -0.023484826232358463 -0.00049667158535932196 -0.0065795102073244408 0.047379592373972115 0.04428989267504764 0.015120168969249035
leaf_weight=1206.4004876986146 746.73754663486034 263.40083782561123 862.48980636242777 105.5816910834983 191.5591929461807 367.57437020959333 435.94223935995251 415.74540364695713 180.40785685554147 678.09430268546566 2301.1292503918521 37562.829731563106 489.15839301375672 508.31805769447237 170.92097028996795 767.95154286874458 29045.002850253135 86.708854377269745 391.05025916267186 885.28267963370308 258.80120516102761 808.59252438647673 11178.415290426463 132779.2468778491 71852.088771378621 10682.67381939292 19844.512380188331 8381.3366473279893 36332.447041327134 11487.493159104139 33565.597720492631 19912.335902873427 691.76245837658644 2643.0179261723533 639.94182065594941 664.32425213605165 318.25760203739628 215.3110280521214 148.31870320439339 93.38884364720434 76.676700565032661 1059.9643560368568 57566.512024948373 4452.9545203996822 318.8632642775774 241.76841150783002 320.32137203868479 124.7182193743065 780.50161872338504 177.12350199371576 2908.6068862006068 817.08774013118818 944.55144081264734 300.83003554679453 455.52771263662726 429.73780561052263 378.00797956809402 1011.6752944849432 3214.9666247768328 297.72824777755886 706.22133677452803 3163.495368804317
leaf_count=73752 97727 2470 21367 845 1098 2442 3258 2505 2490 3913 12361 184903 3003 2908 1065 99269 158244 356 2059 5260 1512 66162 121896 657076 346420 51310 106020 39491 196765 66087 161115 93357 38304 114162 3490 9636 1892 1445 624 590 598 7653 601803 70572 7791 1303 1778 689 3928 861 15617 4682 5086 1469 2409 2232 1795 5063 16943 1924 3606 17030
internal_value=-9.27345e-05 -0.000161108 -0.010756 -1.96192e-05 0.0170103 0.0278219 0.0142446 0.0453802 -9.30399e-05 -0.000140277 -0.000160803 0.00017839 0.0185663 0.0100933 -0.00338035 -7.76496e-07 -0.00374307 0.00224435 -8.25489e-05 0.00217178 0.0216288 -7.8482e-05 0.00250874 -0.00056695 0.000208376 0.00154469 -0.00136106 -0.00243797 -0.00326402 -3.63696e-07 0.000733713 -0.00336984 0.0241825 0.0217035 -0.000986382 0.0258062 -0.00418225 0.0201544 -0.00418225 0.016086 0.0108795 0.00502359 0.00154469 -0.00418225 -0.00418225 -0.00231642 -0.00109903 -0.0234848 0.000257723 0.00160544 0.000260368 0.00278448 -0.0111267 0.00767509 -0.00579623 0.0191289 -0.0234848 -0.000324959 -0.00359835 -0.0190754 0.01793 0.00418346
internal_weight=519908 519161 6840.71 512321 2198.29 2006.73 1639.16 669.646 510122 509195 509014 460500 4442.69 3953.53 48514.6 456057 48343.7 19298.7 18620.6 3445.21 1144.08 454597 72196.5 382401 297018 143462 153556 133711 85382.8 47819.9 61859.3 28293.7 1459.71 3451.61 18229.6 927.725 969.511 651.253 253.9 1316.74 1223.35 1136.64 68744.9 5634.31 4771.82 16912.8 16671 764.66 15906.4 15125.9 14805.6 12119.8 2685.78 1741.23 1440.4 885.266 555.131 11302.7 9584.8 3206.34 1717.9 6378.46
internal_count=3533481 3435754 173482 3262272 14109 13011 10569 3974 3248163 3236057 3233567 2969184 25044 22041 264383 2944140 263318 105074 101161 19133 6772 2806567 904023 1902544 1454789 708386 746403 640383 447755 262852 293963 132848 137573 180324 99102 12106 6595 4703 1469 9197 8607 8251 723699 99730 78363 89905 88602 4179 84423 80495 78717 64865 13852 8766 7297 4641 2656 60183 51514 17541 8669 33973
is_linear=0
shrinkage=0.05


Tree=92
num_leaves=63
num_cat=0
split_feature=0 0 9 9 9 8 8 9 8 9 8 8 8 8 11 8 9 8 8 8 8 9 11 8 8 11 12 9 9 8 9 8 8 8 8 9 8 11 8 9 8 8 11 9 8 8 8 0 1 12 11 8 9 9 8 11 8 8 11 8 9 9
split_gain=644.2 288.778 258.541 856.847 430.084 1344.78 966.479 1492.26 1188.05 636.978 631.785 461.984 679.108 419.96 404.008 389.053 365.108 661.949 548.331 1074.57 528.896 588.307 525.947 458.339 533.207 346.228 344.81 344.788 333.818 1299.35 592.726 583.376 686.872 561.056 571.82 396.471 426.396 542.888 386.569 601.039 339.435 456.931 457.236 330.235 323.617 318.011 741.517 309.706 592.698 294.324 431.237 292.467 534.192 790.145 572.797 499.646 565.702 359.528 364.515 284.776 278.559 277.279
threshold=3.5000000000000004 -3.4999999999999996 0.39191363751888281 0.39528006315231329 0.38367605209350591 0.3849149495363236 0.3772092759609223 0.38476856052875524 0.37428823113441473 0.38166438043117529 0.38795933127403265 0.36753095686435705 0.37306414544582372 0.37528081238269811 0.17363094538450244 0.38885514438152319 0.39969487488269811 0.38402423262596136 0.37821100652217871 0.37528081238269811 0.36279271543025976 0.39730471372604376 -0.28643779456615442 0.35563290119171148 0.35169780254364019 -0.12135004252195357 1.5000000000000002 0.39077325165271765 0.40835168957710272 0.37104946374893194 0.40453578531742101 0.36525034904479986 0.36279271543025976 0.36040598154067999 0.35793930292129522 0.40216137468814855 0.36649362742900854 0.34787191450595861 0.37306414544582372 0.40930254757404333 0.3772092759609223 0.38020673394203192 0.26456716656684881 0.37613216042518621 0.40702675282955175 0.36279271543025976 0.36525034904479986 1.0000000180025095e-35 901.50000000000011 1.5000000000000002 0.59266486763954174 0.37011507153511053 0.38671813905239111 0.38984820246696478 0.36406168341636663 0.082422289997339263 0.36040598154067999 0.37104946374893194 -0.21516663581132886 0.35563290119171148 0.40581774711608892 0.42126683890819555
decision_type=2 2 2 2 2 2 2 2 2 2 2 2 2 2 2 2 2 2 2 2 2 2 2 2 2 2 2 2 2 2 2 2 2 2 2 2 2 2 2 2 2 2 2 2 2 2 2 2 2 2 2 2 2 2 2 2 2 2 2 2 2 2
left_child=1 -1 4 14 9 6 7 -6 51 11 -7 -3 -13 43 59 27 17 18 19 20 23 22 -22 24 -5 -25 -16 -12 29 30 31 32 33 34 -18 -33 -37 -38 39 -30 -31 -42 -43 -14 -11 -32 60 -15 -49 50 -23 52 54 -54 -9 56 -55 -53 -59 -4 -47 -41
right_child=-2 2 3 16 5 10 -8 8 -10 44 15 12 13 47 26 -17 28 -19 -20 -21 21 49 -24 25 -26 -27 -28 -29 38 40 45 35 -34 -35 -36 36 37 -39 -40 61 41 42 -44 -45 -46 46 -48 48 -50 -51 -52 57 53 55 -56 -57 -58 58 -60 -61 -62 -63
leaf_value=-0.027885846376790587 0.047293415332899914 0.047293415332899914 0.042796732694808118 -0.027885846376790587 0.047293415332899914 -0.027885846376790587 0.0345969802471685 -0.027885846376790587 -0.027885846376790587 -0.021103132407476879 0.047293415332899914 -0.027885846376790587 -0.027885846376790587 -0.00014658092691067546 0.024107810853430629 -0.0056782674882842332 -0.0084555652143611434 -0.027885846376790587 0.047293415332899914 -0.027885846376790587 -0.027885846376790587 0.034105091037180485 0.020564560989541777 0.010868226732776286 0.047293415332899914 -0.027885846376790587 -0.017055074145718534 -0.027885846376790587 0.028115120173010516 0.026259859456807422 -0.027885846376790587 -0.027885846376790587 0.041220890580038139 -0.027885846376790587 0.046293623114272459 -0.027885846376790587 0.040543620983253051 -0.027885846376790587 -0.027885846376790587 0.0048376259676394164 -0.027885846376790587 0.047293415332899914 -0.027885846376790587 0.047293415332899914 0.047293415332899914 -0.0099500918963242209 -0.027885846376790587 0.020970303935444301 0.0023623253965777981 0.047293415332899914 -0.027885846376790587 0.047293415332899914 -0.027885846376790587 0.047293415332899914 0.047293415332899914 0.047293415332899914 -0.021046237508179258 0.047293415332899914 -0.0085598102518846027 -0.027885846376790587 0.047293415332899914 -0.001999645481912189
leaf_weight=933.12021399941295 716.68204655591398 212.40869600744918 141.66425608284771 91.501789424568415 796.61535539384931 1663.752812360879 4802.7013403046876 173.76594866905361 1883.5800300594419 4144.459595575463 259.7912146137096 903.36119661014527 93.173088798299432 290596.84096958674 815.86752490326762 2948.5306730419397 1948.7113237623125 618.88408654183149 946.45542777515948 939.61224436480552 348.14447650779039 953.1397967711091 1510.4631176856346 774.33417924586684 360.57711515249684 990.58754556300119 1347.8151845759712 62.913247428834438 1801.9578965799883 2653.8459401004948 3454.048864364624 887.39351699035615 952.02960735466331 618.11196263693273 630.36718530813232 163.23118792334571 729.38103254884481 175.07292306981981 523.72764775808901 17437.687013518531 751.17416946683079 461.01271014288068 129.51313612516969 564.07297030603513 78.827335017267615 239.69466137699783 1053.5285167796537 4681.6251280819997 49691.557557116728 982.27154612261802 126.5116034206003 783.14040719531476 1031.065899531357 161.78423288930207 523.90870510181412 341.54311408288777 829.44682922074571 382.52988953283057 898.03954673884436 4384.4489586916752 421.12638792954385 99060.726068031043
leaf_count=59996 98265 1312 755 492 4465 10066 30084 884 11154 25565 2024 5481 525 1515388 3809 18808 11875 3573 6045 6128 2696 4295 9153 4494 2403 5496 10854 304 11339 16091 20200 4919 5240 3283 3876 969 4273 1749 3569 102295 4373 2953 1343 3238 443 1447 5962 240743 605126 6617 623 4374 6004 727 2911 1951 4182 2700 5017 24650 2732 571549
internal_value=-4.50489e-05 -0.000110526 -6.04316e-05 -0.00181475 0.000650921 0.00829084 0.0169513 0.00609089 -0.00193155 0.000269015 -0.0138343 0.000504124 0.000454126 0.000577597 -0.0193026 5.62177e-05 -0.000994994 0.0089653 0.0129683 0.00818149 0.0161338 0.027169 0.00676214 -0.00338423 0.04148 -0.014893 -0.00152967 0.0472934 -0.00163701 -0.00859631 -0.0172798 -0.00665967 0.00396373 -0.00713978 0.00493875 -0.0278858 0.00263206 0.0198362 -0.000742718 -0.000532843 0.0159008 -0.00459335 0.0283634 0.040477 -0.0190296 -0.0278858 -0.00608682 0.000501462 0.00396486 0.0455514 0.0210492 0.0108529 0.00104476 -0.0103043 0.0394569 0.0171662 -0.00251851 0.0253957 0.00887967 -0.0277966 0.0356269 -0.000976198
internal_weight=519584 518867 517934 149425 368509 17543.1 12608.1 7805.42 7008.8 350966 4934.99 346743 346531 345627 6689.8 3271.24 142735 8642.48 8023.6 7077.14 6137.53 3920.53 1858.61 2217 452.079 1764.92 2163.68 322.704 134092 15268.2 11272.7 6104.3 4149.22 3197.19 2579.08 1955.08 1067.69 904.454 118824 118300 3995.55 1341.7 590.526 657.246 4223.29 5168.4 1714.35 344970 54373.2 2061.92 1079.65 5125.22 3061.51 2363.84 697.675 1332.77 991.231 2063.71 1280.57 4526.11 660.821 116498
internal_count=3533857 3435592 3375596 872120 2503476 105655 74453 44369 39904 2397821 31202 2371813 2370501 2365020 40068 21136 832052 52015 48442 42397 36269 23384 11849 12885 2895 9990 14663 2328 780037 91285 66525 36184 24274 19034 15751 11910 6991 6022 688752 685183 24760 8669 4296 3763 26008 30341 10141 2361257 845869 11535 4918 28750 16659 12864 3795 6860 4909 12091 7717 25405 4179 673844
is_linear=0
shrinkage=0.05


Tree=93
num_leaves=63
num_cat=0
split_feature=0 9 10 12 10 10 10 8 10 10 10 10 10 10 8 8 10 8 9 10 10 8 8 8 10 10 9 10 10 9 10 0 1 10 11 10 10 8 10 10 10 10 10 11 10 10 8 10 9 9 8 10 9 10 11 11 10 11 8 8 10 10
split_gain=602.017 271.545 1017.06 445.889 414.357 602.018 464.496 449.528 731.104 410.045 401.9 371.466 373.754 322.861 316.572 307.746 298.604 306.006 281.315 1035.34 648.605 339.232 344.281 410.64 650.127 1041.1 579.192 413.304 622.72 523.765 516.91 381.214 518.348 358.107 413.938 375.742 334.501 425.99 293.716 531.255 1076.64 667.161 622.548 670.206 873.528 547.395 755.59 474.251 465.629 454.998 377.996 632.699 520.569 427.683 611.463 463.914 398.362 358.708 692.259 346.702 1047.1 1026.59
threshold=3.5000000000000004 0.48981106281280523 0.23465987294912341 7.5000000000000009 0.23359713703393939 0.22386372834444049 0.22474194318056109 0.28225387632846838 0.22627015411853793 0.17251890897750857 0.22689916938543322 0.22273061424493792 0.22255443781614306 0.17963672429323199 0.27788905799388891 0.26263889670372015 0.2276849374175072 0.27314317226409918 0.47936339676380163 0.2170238792896271 0.21752139925956729 0.28225387632846838 0.28798596560955053 0.30878235399723059 0.23479837924242022 0.23428770154714587 0.47371521592140203 0.23947858065366748 0.24660515785217288 0.45420400798320776 0.24089600890874865 1.5000000000000002 770.50000000000011 0.21738760173320773 -0.37844973802566523 0.23388879746198657 0.23318386822938922 0.28225387632846838 0.21956252306699756 0.22598334401845935 0.22650390863418582 0.22431967407464984 0.22662251442670825 -0.44187825918197626 0.23291677981615069 0.2203495651483536 0.30438216030597692 0.22179302573204043 0.4609022736549378 0.4768217951059342 0.29661081731319433 0.23104770481586459 0.4768217951059342 0.23240628093481067 -0.11468073353171347 0.066922504454851164 0.22727725654840472 0.021831391379237178 0.30217108130455023 0.30217108130455023 0.2233121916651726 0.22301587462425235
decision_type=2 2 2 2 2 2 2 2 2 2 2 2 2 2 2 2 2 2 2 2 2 2 2 2 2 2 2 2 2 2 2 2 2 2 2 2 2 2 2 2 2 2 2 2 2 2 2 2 2 2 2 2 2 2 2 2 2 2 2 2 2 2
left_child=1 18 3 4 5 9 15 8 -8 -3 -10 12 13 -11 16 -7 -12 -18 21 -20 -21 -1 -23 24 25 33 31 -26 29 -29 -31 -25 -33 34 -24 38 37 -22 -35 41 -41 45 -42 44 49 -40 47 -47 -45 -44 51 52 -50 55 -55 -52 -57 -43 -59 60 -49 -61
right_child=-2 2 -4 -5 -6 6 7 -9 10 11 14 -13 -14 -15 -16 -17 17 -19 19 20 36 22 23 26 27 -27 -28 28 -30 30 -32 32 -34 35 -36 -37 -38 -39 39 40 42 57 43 48 -46 46 -48 59 50 -51 53 -53 -54 54 -56 56 -58 58 -60 61 -62 -63
leaf_value=-0.10909042154239963 0.046826849622637189 -0.058891922123487962 -0.08201208245872077 -0.051592213094389584 0.046826849622637189 -0.0087181834413999054 0.046826849622637189 -0.090002267829979998 -0.062853624898768112 0.045755163124376844 0.036091090830658749 0.037301947749762164 -0.0881198769978946 -0.0013478973475442562 0.046826849622637189 -0.094752672242426381 -0.015234544668252005 -0.078295270616514076 0.046826849622637189 -0.071122516849645198 -0.063607463694949171 0.046826849622637189 -0.046114787860370182 -9.9139577702381376e-05 0.036502020926538169 -0.11486888278491458 0.046826849622637189 -0.067577670003607287 0.046826849622637189 -0.049266444094934712 0.046826849622637189 0.040985576944721387 0.0055484814652646715 -0.042292032669069946 0.046826849622637189 0.046826849622637189 0.045685000157616798 0.0043388582492796795 0.046826849622637189 -0.10419163448933318 0.046826849622637189 0.046826849622637189 -0.083412571003719016 -0.06874849676983559 0.046826849622637189 -0.099870781180188758 0.020588749823662704 -0.11343707081841314 -0.10881249794249698 0.039555704018397059 -0.0034461110670727215 0.024605793017442756 0.0089007485214144429 0.04678085841591275 -0.11563772377261304 -0.072313186787073033 0.046826849622637189 0.046826849622637189 -0.062171025161683081 0.046826849622637189 0.045526654901775522 -0.089655921090443416
leaf_weight=70.263252422213554 681.86712921690196 299.32806247845292 418.68215777818114 476.13224317133427 122.82674556970596 150.1609586821869 328.23962759692222 188.48457990866154 447.47983437217772 368.17356338258833 230.18750624451786 645.26766145881265 121.75097984354943 24973.530155379791 171.34948679804802 338.28597088064998 1235.9423372177407 227.02779676299542 1308.7255209456198 295.8784872693941 241.6256864182651 332.2111005615443 143.19453524425626 456186.95839130785 1102.5842533288524 254.64854705892503 629.52293027099222 399.71434568194672 172.65506144985557 225.86944423802197 306.4986241851002 1136.8118265075609 11094.098569438793 964.5937943039462 391.79674812220037 105.93669878225774 456.58465859480202 4683.7917016698048 221.72121287230402 380.67919816728681 109.64928708598018 566.54973264876753 821.91687940247357 278.19591161329299 128.18741504941136 312.81386278290302 635.65206952486187 283.19738570228219 285.64049323927611 82.210829635150731 859.32966703549027 298.45131525862962 139.48323964327574 96.194396935403347 143.09942983649671 70.631411340087652 619.09286926873028 139.92362806713209 226.0048329369165 168.43865708261728 162.31475411634892 157.94663301296532
leaf_count=325 97864 2224 2555 7875 515 1082 1946 874 2974 2172 1337 3810 840 145746 837 1915 7236 1453 7921 1823 1433 1713 990 2694245 6912 1393 3808 2502 1107 1199 1918 137628 306325 5499 2441 763 3015 25646 1518 2151 551 3668 5523 1427 805 1835 3240 1454 1460 496 4152 1469 713 490 659 398 3723 1008 1384 935 920 936
internal_value=-8.91014e-05 -0.000150898 -0.00470851 -0.00363851 -0.00287186 -0.00332381 -0.0233974 -0.0156094 -0.0102665 -0.00080155 -0.020355 -0.000133332 -0.0010834 -0.000661788 -0.0101271 -0.0683753 -0.0167363 -0.0250673 0.000136412 0.0100966 0.000824784 -8.37143e-06 7.80206e-06 -2.75625e-05 -0.00946518 -0.0154006 0.000198913 0.0148594 -0.00675454 -0.0243981 0.00808796 0.000134428 0.00884529 -0.0125072 0.0271021 -0.0150763 0.0047926 0.000993388 -0.0163972 -0.0129165 -0.0240125 0.00373364 -0.0162256 -0.0202347 -0.054634 -0.0129577 -0.0226774 -0.0480274 -0.00749235 -0.0721999 -0.000683561 -0.0311513 -0.0702605 0.0116544 -0.0504237 0.0212703 0.0468268 0.0384735 -0.00443217 -0.0269157 -0.0555491 0.0122189
internal_weight=519116 518434 30742.8 30324.2 29848 29725.2 3317.16 2828.71 2640.23 26408.1 2311.99 26108.7 25463.5 25341.7 1864.51 488.447 1693.16 1462.97 487691 6986.61 5677.88 480705 480634 480302 11254.8 9047.5 469047 2207.32 1104.74 932.082 532.368 468418 12230.9 8792.85 534.991 8257.86 5382 4925.42 8151.92 7187.33 4312.76 2874.56 3932.08 3822.43 1032.32 1942.08 1720.36 1084.71 2790.12 904.128 2511.92 723.575 425.124 1788.35 239.294 1549.05 689.724 932.478 365.928 771.897 445.512 326.385
internal_count=3532776 3434912 185391 182836 174961 174446 19654 16657 15783 154792 13837 152568 148758 147918 10863 2997 10026 8689 3249521 39838 31917 3209683 3209358 3207645 65639 52001 3142006 13638 6726 5619 3117 3138198 443953 50608 3431 47177 30094 27079 46414 40915 24017 16898 21866 21315 6824 10838 9320 6080 14491 6019 13064 3642 2173 9422 1149 8273 4121 6060 2392 4245 2374 1871
is_linear=0
shrinkage=0.05


end of trees

feature_importances:
pre_tie=1332
pre_away_reg=1325
pre_home_reg=1198
secs_left=917
score_diff=598
xg_diff=295
total_goals=129
period=26
pp_secs_left=3
home_goalie_in=3
manpower=1
away_goalie_in=1

parameters:
[boosting: gbdt]
[objective: binary]
[metric: binary_logloss]
[tree_learner: serial]
[device_type: cpu]
[data_sample_strategy: bagging]
[data: ]
[valid: ]
[num_iterations: 3000]
[learning_rate: 0.05]
[num_leaves: 63]
[num_threads: 0]
[seed: 11]
[deterministic: 0]
[force_col_wise: 0]
[force_row_wise: 0]
[histogram_pool_size: -1]
[max_depth: -1]
[min_data_in_leaf: 400]
[min_sum_hessian_in_leaf: 0.001]
[bagging_fraction: 0.7]
[pos_bagging_fraction: 1]
[neg_bagging_fraction: 1]
[bagging_freq: 1]
[bagging_seed: 27648]
[bagging_by_query: 0]
[feature_fraction: 0.9]
[feature_fraction_bynode: 1]
[feature_fraction_seed: 4989]
[extra_trees: 0]
[extra_seed: 22223]
[early_stopping_round: 0]
[early_stopping_min_delta: 0]
[first_metric_only: 0]
[max_delta_step: 0]
[lambda_l1: 0]
[lambda_l2: 1]
[linear_lambda: 0]
[min_gain_to_split: 0]
[drop_rate: 0.1]
[max_drop: 50]
[skip_drop: 0.5]
[xgboost_dart_mode: 0]
[uniform_drop: 0]
[drop_seed: 21136]
[top_rate: 0.2]
[other_rate: 0.1]
[min_data_per_group: 100]
[max_cat_threshold: 32]
[cat_l2: 10]
[cat_smooth: 10]
[max_cat_to_onehot: 4]
[top_k: 20]
[monotone_constraints: 1,0,0,0,0,0,0,0,0,0,0,0,0]
[monotone_constraints_method: advanced]
[monotone_penalty: 0]
[feature_contri: ]
[forcedsplits_filename: ]
[refit_decay_rate: 0.9]
[cegb_tradeoff: 1]
[cegb_penalty_split: 0]
[cegb_penalty_feature_lazy: ]
[cegb_penalty_feature_coupled: ]
[path_smooth: 0]
[interaction_constraints: ]
[verbosity: -1]
[saved_feature_importance_type: 0]
[use_quantized_grad: 0]
[num_grad_quant_bins: 4]
[quant_train_renew_leaf: 0]
[stochastic_rounding: 1]
[linear_tree: 0]
[max_bin: 255]
[max_bin_by_feature: ]
[min_data_in_bin: 3]
[bin_construct_sample_cnt: 200000]
[data_random_seed: 74]
[is_enable_sparse: 1]
[enable_bundle: 1]
[use_missing: 1]
[zero_as_missing: 0]
[feature_pre_filter: 1]
[pre_partition: 0]
[two_round: 0]
[header: 0]
[label_column: ]
[weight_column: ]
[group_column: ]
[ignore_column: ]
[categorical_feature: 4]
[forcedbins_filename: ]
[precise_float_parser: 0]
[parser_config_file: ]
[objective_seed: 24011]
[num_class: 1]
[is_unbalance: 0]
[scale_pos_weight: 1]
[sigmoid: 1]
[boost_from_average: 1]
[reg_sqrt: 0]
[alpha: 0.9]
[fair_c: 1]
[poisson_max_delta_step: 0.7]
[tweedie_variance_power: 1.5]
[lambdarank_truncation_level: 30]
[lambdarank_norm: 1]
[label_gain: ]
[lambdarank_position_bias_regularization: 0]
[eval_at: ]
[multi_error_top_k: 1]
[auc_mu_weights: ]
[num_machines: 1]
[local_listen_port: 12400]
[time_out: 120]
[machine_list_filename: ]
[machines: ]
[gpu_platform_id: -1]
[gpu_device_id: -1]
[gpu_device_id_list: ]
[gpu_use_dp: 0]
[num_gpu: 1]

end of parameters

pandas_categorical:null
