tree
version=v4
num_class=1
num_tree_per_iteration=1
label_index=0
max_feature_idx=12
objective=binary sigmoid:1
feature_names=score_diff secs_left period skater_diff manpower pp_secs_left home_goalie_in away_goalie_in pre_home_reg pre_away_reg pre_tie xg_diff total_goals
monotone_constraints=1 0 0 0 0 0 0 0 0 0 0 0 0
feature_infos=[-6:6] [0:3600] [1:3] [-3:3] -1:0:1:2:5:10:9:4:3:12:11:7:8:13 [-2471:300] [0:1] [0:1] [0.14438183605670929:0.78390204906463623] [0.090206794440746307:0.70326173305511475] [0.12324776500463486:0.26315945386886597] [-4.2415390014648438:5.281735897064209] [0:17]
tree_sizes=6991 7062 7067 7055 7054 7051 7076 7071 7078 7059 7069 7073 7041 7080 7073 7073 7075 7108 7088 7086 7120 7130 7081 7111 7093 7130 7139 7084 7122 7130 7089 7109 7148 7124 7118 7126 7107 7137 7137 7111 7132 7135 7148 7103 7126 7129 7033 7159 7130 7137 7122 7135 7108 7100 7141 7057 7068 7131 7119 7033 7205 7135 7165 7139 7135 7165 7161 7093 7073 7109 7140 7176 7179 7081 7187 7086 7099 7092 7045 7115

Tree=0
num_leaves=63
num_cat=0
split_feature=0 0 0 1 9 1 9 1 0 0 9 1 9 9 1 1 0 1 1 9 9 9 9 9 1 1 1 9 9 9 1 9 9 9 10 10 10 1 9 12 10 1 10 1 10 9 1 10 9 11 1 9 10 9 10 10 9 10 9 9 10 10
split_gain=917784 151836 87428.7 30043.8 25112.4 18963.6 13111.5 8036.32 7395.97 6493.2 5891.23 4687.52 4451.84 4443.89 3754.26 3183.66 2809.15 2672.94 2431.26 2234.92 2137.84 2061.47 1788.77 1487.22 1264.36 1222.04 1136.62 1071.07 996.152 949.01 843.489 841.782 753.358 684.43 708.827 676.047 673.948 640.048 621.147 600.297 583.767 583.635 569.325 539.051 528.193 515.192 498.12 497.951 718.251 494.955 474.141 471.133 470.855 551.066 470.029 535.977 460.113 562.471 443.029 445.606 442.7 441.919
threshold=1.0000000180025095e-35 -1.0000000180025095e-35 1.5000000000000002 862.50000000000011 0.33322560787200933 1758.5000000000002 0.3380760401487351 660.50000000000011 2.5000000000000004 -1.4999999999999998 0.26416507363319403 1011.5000000000001 0.32264570891857153 0.45885890722274786 652.50000000000011 339.50000000000006 -1.4999999999999998 892.50000000000011 2220.5000000000005 0.26678894460201269 0.47371521592140203 0.3159004300832749 0.3380760401487351 0.25309312343597418 1980.5000000000002 214.50000000000003 2118.5000000000005 0.19466029852628711 0.39077325165271765 0.26416507363319403 1410.5000000000002 0.20178101211786273 0.31354968249797827 0.4151990413665772 0.23117136210203174 0.22545928508043292 0.25297999382019049 152.50000000000003 0.43506775796413427 2.5000000000000004 0.23507919907569888 510.50000000000006 0.21487829089164737 1770.5000000000002 0.22301587462425235 0.31948421895504003 1491.5000000000002 0.23507919907569888 0.36257559061050421 0.38184027373790747 1320.5000000000002 0.32093408703804022 0.22844710946083072 0.32789349555969244 0.23853246867656711 0.23683736473321917 0.44099158048629766 0.23224429786205295 0.3504349440336228 0.36667506396770483 0.22892133146524432 0.19427843391895297
decision_type=2 2 2 2 2 2 2 2 2 2 2 2 2 2 2 2 2 2 2 2 2 2 2 2 2 2 2 2 2 2 2 2 2 2 2 2 2 2 2 2 2 2 2 2 2 2 2 2 2 2 2 2 2 2 2 2 2 2 2 2 2 2
left_child=1 5 6 15 10 16 14 25 11 31 24 41 23 26 37 -3 -1 -18 45 -16 30 32 -13 -11 61 -8 -6 -26 36 -17 -9 -7 46 47 -35 42 58 -2 -36 51 -40 -4 -22 -24 -15 -12 -21 59 -49 -29 -10 -33 -23 54 55 60 -14 -46 -28 -32 -54 -5
right_child=2 3 8 4 13 9 7 20 50 12 18 22 56 44 19 29 17 -19 -20 21 35 52 43 -25 27 -27 28 49 -30 -31 33 39 -34 34 38 -37 -38 -39 40 -41 -42 -43 -44 -45 57 -47 -48 48 -50 -51 -52 -53 53 -55 -56 -57 -58 -59 -60 -61 -62 -63
leaf_value=-0.38977179934474471 -0.20360210897933384 -0.37722970192481808 -0.19293559756581274 -0.28042124949732466 -0.33178086171070387 -0.3204967498740568 -0.21509942630575771 -0.26855600675531455 -0.18983080950746839 -0.31619021800652025 -0.32203957916222903 -0.21755337990463297 -0.3546639184424224 -0.34218503576722453 -0.24014295203003844 -0.32642476541465976 -0.3863047219387391 -0.36690815482204303 -0.29939368793011067 -0.2533556442413315 -0.31368599940410741 -0.2333799321253377 -0.22799142580943776 -0.34047121994550861 -0.26015435222096195 -0.24931840765526633 -0.3101240360058603 -0.27911858105385917 -0.32763845662026309 -0.35293559196691116 -0.29268905469806517 -0.35841818640618739 -0.29766830366384411 -0.28475248928937835 -0.31622107298231611 -0.34161278337925183 -0.27935400810319633 -0.22909460423476191 -0.31480779974112383 -0.38422157336600182 -0.25470662734489607 -0.20722208417650104 -0.28388081835152529 -0.24425392250668204 -0.36579716183603395 -0.30421712479442131 -0.26820773943522058 -0.25557275187892114 -0.27935400810319633 -0.29679950998551169 -0.19936746290449142 -0.37568077827767543 -0.29939368793011067 -0.2642128141232859 -0.21989956651964881 -0.27935400810319633 -0.36579716183603395 -0.34161278337925183 -0.32026301869886425 -0.27739617160349012 -0.23749020487135902 -0.30358053428077542
leaf_weight=78737.041196599603 3260.9160269796848 16025.458647951484 14063.319352537394 2787.545995220542 32299.5757817626 695.86034741997719 3812.7660877555609 13219.933023229241 40440.975864961743 9168.6917138397694 19428.46416503191 29116.297247216105 38137.38706342876 17198.333696931601 26756.496911764145 4072.6572630554438 33323.382253229618 38090.35899335146 54923.406549140811 7821.5539068579674 3816.9709402322769 6400.0040800571442 9417.0489587783813 20207.856911078095 6864.1168730705976 8298.4104432910681 16165.056534275413 22156.456031769514 31319.113837376237 19788.118089467287 8685.8221582919359 5787.0240396410227 1775.9408885538578 6759.7690424323082 1921.4593936651945 1225.4298406392336 514.27379895746708 10222.453810840845 806.15048466622829 13287.748617202044 808.48464028537273 14054.207905143499 2759.8202021121979 11188.51148198545 5947.0136159658432 5123.9848952889442 20388.016460075974 4545.9152927845716 7124.8354134559631 4820.7716056704521 19538.752517491579 12600.315954938531 195.39313071966171 4322.8205626010895 1864.2625875771046 480.37233902513981 12300.556772723794 1982.480817168951 32312.128588140011 10555.435056313872 2956.7171408236027 7883.4099197387695
leaf_count=321110 13379 65499 57901 11501 132064 2910 15637 54134 165890 37807 79984 119632 156027 69061 109405 16711 136472 155708 226552 32194 15340 26895 38657 83491 27906 33958 66319 90588 127618 80929 35812 23900 7283 27670 7741 4882 2045 41921 3260 54184 3243 57787 11269 45950 24070 21131 83738 18590 29272 19910 80237 51067 779 17697 7535 1900 49270 7797 132413 43712 12179 32197
internal_value=-0.306235 -0.343765 -0.235356 -0.319569 -0.313408 -0.371583 -0.260405 -0.275802 -0.206133 -0.35603 -0.297084 -0.216304 -0.348368 -0.328102 -0.247164 -0.359992 -0.383203 -0.37723 -0.305241 -0.251645 -0.283055 -0.258306 -0.225536 -0.332893 -0.282521 -0.238539 -0.32386 -0.277789 -0.320674 -0.348412 -0.279546 -0.374919 -0.266077 -0.283073 -0.29424 -0.307532 -0.316221 -0.222922 -0.312378 -0.376114 -0.284701 -0.199984 -0.301177 -0.236818 -0.347115 -0.31832 -0.264088 -0.279354 -0.271205 -0.282278 -0.192936 -0.370251 -0.243945 -0.250837 -0.240328 -0.250833 -0.35738 -0.35738 -0.316882 -0.284299 -0.242441 -0.297529
internal_weight=862554 563949 298605 301612 261726 262336 160786 74341.2 137819 112185 123988 77839.4 79814.5 137738 86444.9 39886.2 150151 71413.7 79475.9 72961.6 62230 46205.1 49721.9 29376.5 44512.3 12111.2 112610 33841.3 80310.6 23860.8 54427.8 32370.9 29985.5 41207.9 10295.9 7802.22 48991.5 13483.4 3536.09 31675.1 1614.64 28117.5 6576.79 20605.6 25127.8 24552.4 28209.6 30912 11670.8 26977.2 59979.7 18387.3 16219.6 9819.57 5496.75 3632.48 50437.9 7929.49 48477.2 19241.3 3152.11 10671
internal_count=3531720 2306241 1225479 1234295 1071156 1071946 659425 304520 566054 458656 509769 319927 326595 561387 354905 163139 613290 292180 327667 299605 254925 190200 204239 121298 182102 49595 460459 138404 328395 97640 223434 132061 123215 169300 41914 31491 200777 55300 14244 129151 6503 115688 26609 84607 100928 101115 115932 127386 47862 110498 246127 74967 66985 40090 22393 14858 205297 31867 198732 79524 12958 43698
is_linear=0
shrinkage=1


Tree=1
num_leaves=63
num_cat=0
split_feature=0 0 0 1 9 1 9 1 0 0 9 8 8 1 1 1 1 0 1 8 9 9 9 9 1 10 1 9 10 9 8 9 1 11 9 8 11 1 9 9 10 10 1 10 10 0 1 9 8 10 10 8 10 8 11 1 1 1 10 1 10 10
split_gain=824727 140237 77076.1 27147.8 22927.6 17917.3 11499.6 7143.31 6861.77 6431.62 5254.68 4365.4 4190.42 4015.7 3394.85 3368.63 2464.69 2159.65 2089.16 2074.93 1967.8 1911.43 1545.79 1471.31 1107.95 1050.93 998.867 944.813 877.039 808.849 804.289 687.293 681.927 677.051 666.735 621.83 530.771 529.679 522.872 516.389 509.29 763.615 497.468 496.142 493.927 482.664 475.106 470.471 560.558 459.896 663.525 587.786 501.852 489.857 445.967 441.006 439.9 423.105 500.695 400.501 398.138 550.617
threshold=1.0000000180025095e-35 -1.0000000180025095e-35 1.5000000000000002 892.50000000000011 0.33322560787200933 1639.5000000000002 0.3380760401487351 660.50000000000011 -1.4999999999999998 2.5000000000000004 0.25124679505825048 0.35430321097373968 0.44098128378391271 1011.5000000000001 590.50000000000011 339.50000000000006 2250.5000000000005 -1.4999999999999998 750.50000000000011 0.30652734637260443 0.26678894460201269 0.3159004300832749 0.3380760401487351 0.25309312343597418 246.50000000000003 0.25297999382019049 2118.5000000000005 0.26416507363319403 0.19427843391895297 0.45885890722274786 0.45149688422679907 0.41056445240974432 1250.5000000000002 0.63997343182563793 0.31354968249797827 0.34916566312313085 1.1085497140884402 510.50000000000006 0.26811902225017553 0.20178101211786273 0.22301587462425235 0.22545928508043292 1440.5000000000002 0.23318386822938922 0.23608218133449557 -2.4999999999999996 1819.5000000000002 0.3504349440336228 0.42793531715869909 0.23519582301378253 0.23683736473321917 0.39199665188789373 0.25297999382019049 0.40150643885135656 0.46017353236675268 120.50000000000001 142.50000000000003 1830.5000000000002 0.21719129383563998 1459.5000000000002 0.24533988535404208 0.2472183629870415
decision_type=2 2 2 2 2 2 2 2 2 2 2 2 2 2 2 2 2 2 2 2 2 2 2 2 2 2 2 2 2 2 2 2 2 2 2 2 2 2 2 2 2 2 2 2 2 2 2 2 2 2 2 2 2 2 2 2 2 2 2 2 2 2
left_child=1 5 6 15 10 17 14 24 30 13 28 29 -10 37 56 55 -12 -1 -19 36 -16 34 -15 -14 -8 26 -13 -17 54 31 -7 -6 -21 57 38 41 -9 -4 -22 -32 -31 -34 -40 -42 -33 -41 -24 48 -28 -37 -51 52 -52 -53 -5 -3 -2 58 -30 -11 -46 -62
right_child=2 3 9 4 11 8 7 19 12 59 16 25 23 22 20 27 -18 18 -20 32 21 -23 46 -25 -26 -27 47 -29 33 40 39 44 35 -35 -36 49 -38 -39 42 45 43 -43 -44 -45 60 -47 -48 -49 -50 50 51 53 -54 -55 -56 -57 -58 -59 -60 -61 61 -63
leaf_value=-0.080966894184418048 0.096551986465336734 -0.078552719473988813 0.10614104594084282 0.042824410041055083 -0.049919575508502734 -0.071881092950386277 0.083698421315364452 -0.0035654368800624816 -0.049919575508502734 0.10867321344478792 -0.010024474094762315 -0.023242296558261894 -0.010792680591185703 0.08334723219187512 0.0621702466689718 -0.017674511271872775 0.0080088746705678886 -0.078942949289724437 -0.060812873734128685 0.038580607248175532 0.0080088746705678886 0.058973665525113066 0.073368178544280682 -0.033894616061259424 0.052389041659610204 0.025618913129971332 0.0039391702203744163 -0.043465646365603128 -0.0047342159630328279 -0.034279285715514009 -0.016636506947723822 -0.028261976889591218 0.030346174707236037 -0.00048661361649182693 0.0087728827728322713 0.021475608750962837 0.053765910497931738 0.092654394374846516 0.051604816705057135 -0.077755686972822646 -0.049919575508502734 3.7369457454743075e-07 0.036761673426143504 -0.021441901053716739 -0.0057586871373874072 -0.052647471438632833 0.058211226579861289 -0.013892306959006551 -0.01491819601981611 0.058211226579861289 0.01139628215348653 0.058211226579861289 0.058211226579861289 0.031402548305321541 0.020308076159640642 -0.061570966811764598 0.074478406497854796 0.026255649265114207 0.045500187517093338 0.099561755841504576 -0.049919575508502734 -0.0035654368800624816
leaf_weight=73456.885289847851 3000.7905014455318 6465.4319203197956 14186.338507339358 8193.2861670553684 1651.1156867593527 25162.333607360721 4429.3231913298368 8233.4227401167154 51310.573537111282 43854.339410156012 27529.377163156867 24448.741648644209 9734.470730766654 29479.346282348037 27538.170837968588 4284.704635322094 60773.656575918198 27498.486533761024 37715.63541251421 10150.302654117346 551.62917123734951 16721.205847769976 10026.085234120488 23612.544765457511 7831.6320799291134 721.82621490955353 9385.2948966175318 20789.552871957421 2349.4702082574368 16956.826099380851 784.59490856528282 16821.517352566123 3233.8446028828621 3501.0270391255617 1839.4900613278151 22748.729147434235 423.51679833233356 14175.995075821877 7792.086296826601 2529.7319332659245 6255.5768866091967 5772.372645586729 20576.858355775476 1531.8598511666059 4896.0136543363333 7946.7986088991165 10752.881707847118 45996.421859517694 6792.1887001246214 2153.2356700897217 5200.0626560300589 1471.4515241980553 246.00399832427502 2853.1776348650455 3009.7601850032806 9449.6279707103968 9313.4807692170143 17563.168386504054 627.73667614161968 16893.711237311363 519.45701988041401 350.877820789814
leaf_count=303899 12167 26704 57619 33452 6637 103187 17949 33264 210334 177297 113537 100583 40215 119748 111607 17638 250320 114154 155883 41380 2264 68459 40737 98252 31788 2867 38349 85698 9577 68459 3290 68731 13136 14333 7534 93632 1700 57551 31837 10611 25516 23386 84087 6052 19819 33295 43768 189005 28076 8756 21188 6078 1008 11563 12254 39124 37799 71284 2548 68489 2061 1390
internal_value=-3.88283e-05 -0.0359004 0.0666541 -0.0126642 -0.0066992 -0.0628141 0.0432092 0.0288127 -0.0487599 0.0939191 0.00890138 -0.0208372 -0.0409515 0.0844743 0.0555305 -0.0504817 0.00238674 -0.0750851 -0.0684742 0.0219651 0.051535 0.0453656 0.0759814 -0.0271514 0.0637056 -0.0141367 -0.0146801 -0.0390593 0.0252229 -0.0327849 -0.0669069 -0.0262909 0.0256189 0.0198372 0.0379666 0.0256189 -0.000754773 0.0995206 0.0398231 -0.055787 -0.0391449 0.0108987 0.0408403 -0.0497339 -0.023933 -0.0587171 0.0655278 -0.0113129 -0.00397861 0.0256466 0.0336015 0.0280583 0.0256189 0.0444153 0.0367776 -0.0684742 0.0798648 0.0233012 0.0058693 0.106141 -0.011302 -0.0424432
internal_weight=862066 560617 301449 300865 259875 259752 162081 74747.1 121081 139369 123547 136328 84657.6 78620.6 87333.7 40989.3 88303 138671 65214.1 62486.1 75019.4 47481.3 50258.3 33347 12261 87344.5 86622.6 25074.3 35244.4 48983.2 36423.5 24239 53829.2 24041.4 30760.1 43678.9 8656.94 28362.3 28920.6 11261.1 24744.3 9006.22 28368.9 7787.44 22587.9 10476.5 20779 62173.9 16177.5 34672.7 11923.9 9770.7 5446.07 4324.63 11203 15915.1 12314.3 20540.4 2977.21 60748.1 5766.35 870.335
internal_count=3532925 2307134 1225791 1234014 1064850 1073120 660582 304828 499184 565209 507305 557545 348801 319423 355754 169164 363857 573936 270037 255091 305788 194181 204253 138467 49737 358880 356013 103336 143448 198665 150383 98638 220127 97742 125722 178747 34964 115170 118188 47196 100027 36522 115924 31568 92001 43906 84505 255430 66425 142225 48593 39837 22196 17641 45706 65828 49966 83409 12125 245786 23270 3451
is_linear=0
shrinkage=0.05


Tree=2
num_leaves=63
num_cat=0
split_feature=0 0 0 1 8 1 1 8 0 8 0 1 8 0 1 1 8 1 8 10 8 1 1 8 8 1 1 10 8 8 8 1 1 8 0 11 10 10 8 8 10 10 10 8 1 1 10 10 8 10 10 8 8 10 8 12 8 11 8 10 8 1
split_gain=742676 129691 68774 25001.5 19720.2 16737.8 8859.08 8463.9 5782.25 5232.68 5179.4 3684.07 3191.42 2815.09 2596.51 2531.27 2485.37 2386.61 1657.8 1308.41 1283.38 1234.36 1179.2 1046.01 1012.41 873.026 780.221 733.079 825.779 729.625 718.453 636.842 552.804 532.097 469.867 431.865 428.424 552.216 418.936 459.168 418.704 398.162 448.685 391.433 380.466 368.261 362.75 791.335 362.575 758.595 544.552 362.479 350.608 349.509 349.422 344.526 341.415 347.609 336.109 333.611 643.63 333.58
threshold=1.0000000180025095e-35 -1.0000000180025095e-35 1.5000000000000002 801.50000000000011 0.42247545719146734 1819.5000000000002 590.50000000000011 0.4355714619159699 2.5000000000000004 0.51510196924209606 -1.4999999999999998 1280.5000000000002 0.35430321097373968 -1.4999999999999998 892.50000000000011 276.50000000000006 0.34916566312313085 2220.5000000000005 0.52096745371818554 0.25297999382019049 0.5077456831932069 1980.5000000000002 142.50000000000003 0.42397160828113561 0.61535769701004039 2118.5000000000005 540.50000000000011 0.23519582301378253 0.39199665188789373 0.30878235399723059 0.5077456831932069 1320.5000000000002 1980.5000000000002 0.35287474095821386 -2.4999999999999996 0.38184027373790747 0.23683736473321917 0.25297999382019049 0.43391023576259619 0.42735499143600469 0.2233121916651726 0.19427843391895297 0.21719129383563998 0.35430321097373968 1401.5000000000002 1350.5000000000002 0.21097603440284732 0.22545928508043292 0.33831831812858587 0.23143360018730166 0.2308139503002167 0.45978543162345892 0.39892351627349859 0.21842505037784579 0.24668355286121371 3.5000000000000004 0.45418073236942297 -0.16721154004335401 0.26263889670372015 0.20894466340541842 0.56416115164756786 2414.5000000000005
decision_type=2 2 2 2 2 2 2 2 2 2 2 2 2 2 2 2 2 2 2 2 2 2 2 2 2 2 2 2 2 2 2 2 2 2 2 2 2 2 2 2 2 2 2 2 2 2 2 2 2 2 2 2 2 2 2 2 2 2 2 2 2 2
left_child=1 5 6 15 12 13 22 16 11 17 34 26 29 -1 -15 -3 31 44 32 25 52 41 -2 -13 35 -14 -4 33 36 -5 -17 54 -9 -18 -7 -23 -29 -38 39 -30 59 -11 -43 -24 -6 -10 -33 -48 49 -31 -50 -19 -16 -27 -8 -44 57 -34 -49 60 -20 -12
right_child=2 3 8 4 9 10 7 18 45 21 61 23 19 14 20 30 27 51 40 -21 -22 24 43 -25 -26 53 -28 28 38 48 -32 46 56 -35 -36 -37 37 -39 -40 -41 -42 42 55 -45 -46 -47 47 58 50 -51 -52 -53 -54 -55 -56 -57 -58 -59 -60 -61 -62 -63
leaf_value=-0.077688559300465823 0.089354400240864607 -0.068667710032616444 0.099805193307336892 -0.038030590586858697 -0.019560257214829301 -0.074530066716432281 -0.01784372843679442 0.048164517958777076 0.10267581465617558 0.021362433544195657 -0.043528265057102174 0.059482147374831346 -0.024017131196162788 -0.074553928504423536 -0.064766363302378768 -0.045425857614233733 0.059482147374831346 0.00080515817164779173 0.038879237652429399 0.029602004197284155 -0.034954993663503853 0.02335260934129892 0.046253437105797685 0.075679256412965357 0.042554368320274247 -0.027536036693309569 0.085026200054037382 0.059482147374831346 0.044169958518182804 -0.029019231612385912 -0.023191113229279151 -0.014394845587168316 0.070544534860782132 0.023177090153294534 -0.059506886524335369 0.0073376021466463361 0.014096697791563679 0.059482147374831346 0.0047364720661328815 0.072787879944347059 0.042554368320274247 -0.0059983115641765502 0.038837856854623765 0.066300411339044879 -0.0079597572374554264 0.094286995088752892 0.02079913543532548 -0.038030590586858697 -0.020568617051231825 -0.0066005456829066932 -0.038251201746136249 0.0082928181093230753 -0.05453387551056648 -0.010845930544055646 0.029121564745085357 -0.0069691980439259282 0.033563401878752827 0.041368314955086458 -0.001704772712954689 0.06842889790816005 0.061675846800580164 -0.038251201746136249
leaf_weight=78621.34469768405 5586.2006919384003 12997.895056694746 15224.917542800307 21726.626477122307 11238.210183188319 6792.0488271862268 435.60992808640003 21769.69576959312 41989.654612243176 2934.1662578582764 29998.686781987548 16142.759053528309 21167.489168077707 32385.997502803802 16044.906383171678 18715.34065772593 1002.6131287962198 30785.336397007108 4166.3330565690994 802.07036609947681 6388.2342791259289 23397.686949431896 2929.1001613587141 26181.161854922771 6344.7608254849911 3356.7592394053936 21820.750646948814 1383.8636067807674 8733.5794132053852 10630.456471472979 4512.4296219199896 2318.526944950223 1252.0283678025007 27316.136424973607 22582.532689541578 5134.41141448915 6535.6287009119987 301.81337654590607 502.34540927410126 1672.6722577214241 1145.3391989767551 6638.718780323863 1134.5812714099884 14762.632156297565 19052.341391146183 19303.732791036367 5849.6146644949913 183.41308505833149 5489.4567299038172 5850.6334052532911 5880.2879798263311 34030.000947594643 17650.128685966134 47774.508219897747 4293.3855416625738 642.44657745957375 17776.001728117466 5584.6489953249693 7278.7244390249252 7843.2801562547684 12137.134260416031 45822.656781241298
leaf_count=330855 22479 54538 61373 88401 46498 28398 1758 88663 168513 12024 124434 65138 87308 136629 66176 77760 4118 126571 17054 3178 26984 95141 11727 105708 25532 13980 87918 5602 35302 43375 18763 9358 5114 111853 94457 21104 26512 1216 1983 6733 4610 27313 4550 59597 78763 77620 23602 741 22780 23752 23960 140255 74151 196355 17326 2632 72405 22795 29495 31393 48780 190335
internal_value=-3.77598e-05 -0.0343474 0.0628912 -0.0120469 -0.00670218 -0.0604721 0.0407612 0.0359953 0.0884972 0.00602924 -0.0451578 0.0795856 -0.0213695 -0.0711343 -0.0640226 -0.0509978 0.0233317 -0.000678195 0.0479752 -0.0147277 -0.0555119 0.0198287 0.069316 0.0695031 0.0244895 -0.0154777 0.0911026 0.029602 0.0371646 -0.031162 -0.0411075 0.00871758 0.0423577 0.0244922 -0.062983 0.020471 0.029602 0.029602 0.0466198 0.0487765 0.0582748 0.00550567 -2.46967e-05 0.0629842 -0.0122642 0.100035 0.00385278 0.00703184 -0.0258027 -0.0210617 -0.0326725 0.00473647 -0.0594082 -0.0119422 0.0247925 0.0222827 0.0372199 0.046721 -0.00376177 0.0599405 0.0558529 -0.0382512
internal_weight=859946 556523 303423 300237 264011 256287 162760 139482 140663 141333 105196 79369.6 122678 151091 72469.3 36225.7 67807.9 95105.9 71674.5 73100.8 40083.3 46226.8 23277.9 42323.9 34876.9 72298.8 37045.7 47448.7 19129.9 49577.5 23227.8 20359.3 46382.4 28318.7 29374.6 28532.1 8221.31 6837.44 10908.6 10406.3 25292.1 11349.9 8415.75 17691.7 30290.6 61293.4 15630.3 13311.8 27850.8 16481.1 11369.7 64815.3 33695 51131.3 4729 1777.03 24612.7 6836.68 7462.14 24146.7 16303.5 75821.3
internal_count=3533438 2306952 1226486 1234533 1083472 1072419 660216 566413 566270 580383 437624 320137 503089 634795 303940 151061 275599 392087 290814 300821 167311 188296 93803 170846 141777 297643 149291 193319 77348 202268 96523 82280 188977 115971 122855 116245 33330 27728 44018 42035 101837 46519 34495 71324 125261 246133 63196 53838 113867 67127 46740 266826 140327 210335 19084 7182 100314 27909 30236 97227 65834 314769
is_linear=0
shrinkage=0.05


Tree=3
num_leaves=63
num_cat=0
split_feature=0 0 0 1 9 1 9 0 1 0 9 8 8 1 1 1 1 0 1 8 9 9 9 9 1 1 1 8 9 8 1 8 10 9 0 1 8 9 10 10 8 1 9 8 1 10 10 10 10 9 10 9 10 9 8 10 10 10 8 8 10 8
split_gain=670345 120163 62126 22796.3 19263.2 16112.6 9365.44 6382.97 5943.51 5168.39 4348.74 3988.71 3645.78 3346.7 2605.75 2375.76 2045.07 1704.54 1711.62 1668.72 1510.32 1932.13 1295.78 1265.44 1109.05 1087.25 970.25 769.987 737.368 703.201 694.397 632.924 600.981 526.48 487.79 440.221 470.592 428.309 438.747 539.03 505.758 414.449 411.207 559.43 402.54 400.428 398.321 431.071 395.239 389.75 382.042 381.51 377.428 370.503 365.114 591.119 357.528 586.125 358.605 548.417 477.396 346.097
threshold=1.0000000180025095e-35 -1.0000000180025095e-35 1.5000000000000002 801.50000000000011 0.33322560787200933 1590.5000000000002 0.33563746511936193 -1.4999999999999998 770.50000000000011 2.5000000000000004 0.26416507363319403 0.44098128378391271 0.35430321097373968 1280.5000000000002 621.50000000000011 276.50000000000006 2160.5000000000005 -1.4999999999999998 682.50000000000011 0.30652734637260443 0.26678894460201269 0.31948421895504003 0.3380760401487351 0.25309312343597418 307.50000000000006 1980.5000000000002 2058.5000000000005 0.61535769701004039 0.26416507363319403 0.45149688422679907 540.50000000000011 0.30878235399723059 0.25297999382019049 0.31948421895504003 -2.4999999999999996 1250.5000000000002 0.34916566312313085 0.26811902225017553 0.24293175339698794 0.23928361386060717 0.44981914758682257 152.50000000000003 0.3504349440336228 0.42793531715869909 1920.5000000000002 0.23443890362977984 0.228565588593483 0.23832755535840991 0.21066060662269595 0.44099158048629766 0.21554413437843326 0.20509092509746554 0.22067216038703921 0.26267747581005102 0.3365717232227326 0.22232254594564441 0.23519582301378253 0.23683736473321917 0.39199665188789373 0.40150643885135656 0.25297999382019049 0.42881587147712713
decision_type=2 2 2 2 2 2 2 2 2 2 2 2 2 2 2 2 2 2 2 2 2 2 2 2 2 2 2 2 2 2 2 2 2 2 2 2 2 2 2 2 2 2 2 2 2 2 2 2 2 2 2 2 2 2 2 2 2 2 2 2 2 2
left_child=1 5 6 15 10 17 14 29 24 13 25 49 31 30 41 -3 33 -1 -19 -10 -16 37 -15 51 -8 -5 45 -27 -17 -7 -4 -6 42 -12 -31 -21 55 -22 39 40 -39 -2 43 -28 50 -14 -35 -48 -46 -9 -42 -13 -52 -25 -33 -37 -38 -58 60 -60 -59 -45
right_child=2 3 9 4 12 7 8 11 19 -11 16 23 26 22 20 28 -18 18 -20 35 21 -23 -24 53 -26 27 32 -29 -30 34 -32 54 -34 46 -36 36 56 38 -40 -41 44 -43 -44 61 48 -47 47 -49 -50 -51 52 -53 -54 -55 -56 -57 57 58 59 -61 -62 -63
leaf_value=-0.076020317054089626 0.086181115128248942 -0.066128719293366695 0.094662530981221418 0.0066366510937525911 -0.03662252718106148 -0.06721862845754932 0.071603085773578296 -0.043906016372370779 -0.0015604029192227387 0.094813373908171308 -0.015271348764227484 0.0050372575330985686 -0.026928990814877887 0.073216469472051335 0.055528956309061364 -0.019639521201702349 0.0059729961040322693 -0.074781353605385847 -0.05763963036074049 0.033671354820183165 0.0059729961040322693 0.057624777060775151 0.055457435548162459 -0.046599028163621319 0.043518375398490863 0.020954901959714708 0.0041335591851673955 0.040153500482734222 -0.043346322305362693 -0.071030927033931185 0.080731758600275885 -0.02003361106405745 0.022389843692590502 0.022247128715724103 -0.046599028163621319 0.031543925254676947 0.019159891375129089 0.0059729961040322693 0.0069874295458169505 0.06454214310436529 0.023396959515982727 0.065469563306764192 -0.012869892030881951 -0.043906016372370779 0.057696440594798254 -0.01392620250475975 -0.019807252407437071 0.019066040889209684 0.028467240635713632 -0.053921907730337754 0.065588050277347945 -0.016020586952208152 0.04187492036167826 -0.02848261876977522 -0.031580636968948049 0.0024846164144897548 0.052460969388511393 0.010482089685717117 0.055457435548162459 0.024839020451550654 0.055457435548162459 -0.011358468633696097
leaf_weight=69081.584243029356 3253.3652133643627 12815.69457693398 15258.635121062398 11228.267920181155 21546.238016396761 25456.317305639386 5730.2232299596071 38377.734616726637 8406.3705007880926 61313.910315036774 18944.075412258506 3181.391466781497 14639.004783555865 24956.454873278737 27555.508526161313 3964.404220700264 56519.055594906211 23809.169907689095 37587.058227241039 8650.1468309313059 540.33386468887329 12316.5040281564 17494.118688687682 2248.9515780061483 9115.4933457523584 27743.001643076539 9583.6553425788879 6435.1409562826157 19068.748179942369 2667.5728736966848 21843.478356778622 15329.72743883729 532.07580022513866 1743.0005763024092 8797.1093983948231 2365.7390265017748 23621.237030506134 854.90177780389786 1319.161627009511 1617.5870324522257 2159.1365907043219 9546.1274700015783 46939.210916727781 456.08573286235332 1255.0171402692795 9948.6133973300457 2222.1241120398045 1049.0616792291403 14782.471861749887 13041.439048841596 2082.7478175908327 6636.7360228598118 8719.108260884881 21592.366600632668 12383.900538891554 6716.7557068914175 2292.2278553694487 5236.9288590252399 1471.7979724705219 3315.8356881141663 258.71643894910812 6507.1546412110329
leaf_count=296464 13051 54620 61364 45851 88335 107685 22981 161010 33923 245772 78515 13225 61007 100261 110458 16484 232445 102337 159493 34977 2201 50052 70413 9604 36682 112609 39185 25787 80052 11592 87725 62602 2094 7311 37752 9566 96582 3443 5339 6474 8844 38323 193734 1862 5197 40968 9118 4333 59864 53770 8508 27723 35103 91046 51213 27177 9209 21279 6014 13338 1047 26980
internal_value=-4.1785e-05 -0.0328758 0.0595761 -0.0114617 -0.00637684 -0.0582862 0.0385766 -0.0452229 0.0259318 0.0839019 0.0077642 -0.037688 -0.0192888 0.075491 0.0499242 -0.0488714 0.000783599 -0.0705003 -0.0661287 0.01916 0.0462835 0.0407013 0.0658994 -0.0243059 0.0543627 0.0201362 -0.0132261 0.0245707 -0.039267 -0.0625844 0.0864633 -0.0301937 -0.00998326 -0.0114583 -0.0522895 0.0223898 0.0223898 0.0344461 0.0352429 0.0364271 0.0349015 0.0707403 -0.0104807 -0.00370293 0.0360584 -0.0216686 0.00294815 -0.00733866 0.030758 -0.0464473 0.0426141 -0.00919734 0.0464528 -0.0305271 -0.0251944 0.0100564 0.0227873 0.0295989 0.0244981 0.0364208 0.0223898 -0.0144875
internal_weight=856126 552076 304050 299598 263749 252477 163183 122000 77181.5 140867 125884 85078.6 137866 79552.7 86002 35848.8 80477.3 130478 61396.2 62335.8 73202.5 45647 42450.6 33659.4 14845.7 45406.4 88605.8 34178.1 23033.2 36921 37102.1 49259.9 64018.2 23958.3 11464.7 53929.4 45279.2 33330.5 32790.1 31471 29853.4 12799.5 63486.1 16546.9 28998.5 24587.6 5014.19 3271.19 16037.5 51419.2 12961 9818.13 10801.9 23841.3 27713.6 9082.49 36196.7 12575.5 10283.3 4787.63 5495.65 6963.24
internal_count=3531973 2306806 1225167 1235105 1083949 1071701 659632 513407 312775 565535 515969 356378 567980 319763 346857 151156 331722 558294 261830 253112 295483 185025 170674 141598 59663 184247 365830 138396 96536 157029 149089 202150 263855 99277 49344 219189 184212 134973 132772 127433 120959 51374 261761 68027 117516 101975 20762 13451 65061 214780 52455 40948 43611 100650 113815 36743 147469 50887 41678 19352 22326 28842
is_linear=0
shrinkage=0.05


Tree=4
num_leaves=63
num_cat=0
split_feature=0 0 0 1 9 1 9 0 1 0 9 8 1 1 8 1 1 0 1 8 9 9 9 9 10 1 10 9 9 1 1 9 8 1 12 1 1 9 11 1 11 9 9 1 1 10 10 10 10 10 9 0 10 9 10 10 1 8 1 10 8 9
split_gain=608355 111781 56164.5 21072.7 17044.5 15255.7 8121.28 6490.54 5374.16 4863.27 4624.64 3792.95 3073.52 2819.99 2779.1 2326.41 1637.93 1536.7 1499.04 1428.06 1330.02 1842.09 1316.14 1289.28 950.125 916.638 835.648 708.001 684.581 681.194 679.684 588.412 571.121 466.586 447.404 423.614 422.053 413.8 412.871 401.778 383.523 377.725 374.59 370.329 370.115 365.545 348.091 483.906 521.63 415.547 425.669 340.796 337.435 333.25 333.041 700.115 318.003 315.615 311.585 308.208 456.056 307.619
threshold=1.0000000180025095e-35 -1.0000000180025095e-35 1.5000000000000002 892.50000000000011 0.34226986765861517 1530.5000000000002 0.33563746511936193 -1.4999999999999998 712.50000000000011 2.5000000000000004 0.26416507363319403 0.44098128378391271 1040.5000000000002 360.50000000000006 0.35430321097373968 540.50000000000011 1999.5000000000002 -1.4999999999999998 750.50000000000011 0.34916566312313085 0.26678894460201269 0.3159004300832749 0.25309312343597418 0.3380760401487351 0.25297999382019049 152.50000000000003 0.19427843391895297 0.26416507363319403 0.29278907179832464 2118.5000000000005 1950.5000000000002 0.31354968249797827 0.30878235399723059 152.50000000000003 2.5000000000000004 482.50000000000006 1350.5000000000002 0.26811902225017553 0.14369793981313708 1500.5000000000002 0.42430800199508673 0.44099158048629766 0.24096949398517611 2209.5000000000005 1340.5000000000002 0.21842505037784579 0.2233121916651726 0.22844710946083072 0.23491215705871585 0.21323179453611377 0.21753472089767459 -2.4999999999999996 0.19198419153690341 0.20509092509746554 0.23519582301378253 0.23683736473321917 206.50000000000003 0.24668355286121371 1580.5000000000002 0.21842505037784579 0.35287474095821386 0.37008513510227209
decision_type=2 2 2 2 2 2 2 2 2 2 2 2 2 2 2 2 2 2 2 2 2 2 2 2 2 2 2 2 2 2 2 2 2 2 2 2 2 2 2 2 2 2 2 2 2 2 2 2 2 2 2 2 2 2 2 2 2 2 2 2 2 2
left_child=1 5 6 13 10 17 15 28 25 12 26 41 35 33 32 56 -12 -1 -19 36 46 31 38 -14 29 -8 40 -15 51 59 -28 37 -6 -3 -30 -4 -10 -22 52 -39 -5 -9 53 -24 -11 -31 49 -48 -49 50 -17 -7 -13 -40 60 -56 -2 -25 -59 -16 -21 -61
right_child=2 3 9 4 14 7 8 11 19 44 16 22 23 27 24 20 -18 18 -20 54 21 -23 43 57 -26 -27 30 -29 34 45 -32 -33 -34 -35 -36 -37 -38 39 42 -41 -42 -43 -44 -45 -46 -47 47 48 -50 -51 -52 -53 -54 -55 55 -57 -58 58 -60 61 -62 -63
leaf_value=-0.074058479401629226 0.079322108453424453 -0.070097271647463585 0.090328906775477502 0.037074336496473702 -0.034807324807503155 -0.066791155644520733 0.078090841444128645 -0.042481514947456826 0.02167076400073515 0.093017911162953965 -0.011893501381591211 0.019517839427453457 0.070795359028458155 -0.014740993537396139 -0.038265020233926743 0.057793044865532488 0.0037642011955722771 -0.07175419842921732 -0.055580017173656494 0.052209460199484629 0.0037642011955722771 0.052989138988820031 -0.038265020233926743 0.02167076400073515 0.023801809323972203 0.046557812108894883 0.0022792160667326543 -0.037714076787356617 -0.058698637519847288 -0.024282856242023063 0.01943721212788662 0.0045330267952086818 -0.023818778993972382 -0.053058208808396429 -0.070755293455977405 0.078858548854384647 0.003775424474772777 0.043372668240381607 -0.010096860987769775 0.030599385681142812 0.016702791327360213 -0.052262762618730724 0.0022792160667326543 -0.025370936891842666 0.084667877329336449 -0.0095400981064888875 0.037074336496473702 0.070795359028458155 0.01943721212788662 0.06653736453081513 0.042797637082554081 -0.042481514947456826 -0.0072535324863552911 -0.042481514947456826 0.052209460199484629 0.024668218965703953 0.061902059594318597 0.064431539315796635 0.052209460199484629 -0.026432305358544173 0.019421712252728859 -0.013638071081593537
leaf_weight=65411.78641153872 4202.2935462146997 7420.554406017065 13486.077615588903 8164.0206451117992 21025.307745978236 1776.1861227154732 2936.7288767695427 39004.358081623912 4186.0940377116203 41549.130270257592 21990.876558125019 1561.5111606568098 29315.914554402232 4053.3767332285643 1822.6456734836102 10667.491175964475 69442.772769406438 26100.533560290933 31825.486198782921 977.51892019808292 564.28003051877022 15497.018510118127 8588.7049691975117 563.94840620458126 719.99742655456066 10755.499866992235 7423.1565781980753 19480.148941725492 16304.226902410388 4603.1541731357574 25949.619526356459 1845.9395976513624 27054.410591498017 8819.9074643850327 14672.314108133316 16012.59429384768 15463.47347253561 8876.946209654212 1339.1774389445782 20158.785115033388 3225.7104893475771 13250.918850287795 662.80129218101501 15875.493945613503 19751.381182178855 48519.366228014231 1840.4913781583309 1122.8547543883324 358.66979762911797 5684.8872818499804 8542.3182914108038 5756.6980904191732 4770.0598359555006 1811.2293215990067 2828.523274064064 12540.802373915911 7063.0336666554213 6730.0572902560234 13468.630265891552 8787.3904724419117 27643.2556566149 10104.294812440872
leaf_count=286830 16864 32227 54415 32983 86866 7894 11763 165365 16820 167055 91367 6525 117664 16826 7700 42520 285597 114510 136899 3979 2299 62687 36610 2275 2829 43098 30256 82334 70271 19246 104934 7485 111647 37953 63533 64383 62481 35825 5567 81398 13038 55349 2778 67418 79406 200250 7351 4524 1453 22581 34398 24987 19893 7641 11327 50615 28286 27014 54054 36610 112700 41887
internal_value=-3.76357e-05 -0.0315594 0.0565954 -0.0109373 -0.00573039 -0.0563185 0.0366823 -0.0440354 0.0249105 0.0797422 0.0064449 -0.0364598 0.0715859 -0.0448204 -0.0192518 0.0472151 -1.75078e-06 -0.0688038 -0.062869 0.018796 0.0440379 0.0388791 -0.0236203 0.0640408 -0.0132072 0.0533263 0.0196128 -0.033758 -0.0611219 -0.0138173 0.0156209 0.031924 -0.0286247 -0.0608475 -0.0644115 0.0843922 0.00758871 0.033632 -0.0084777 0.0345059 0.0313068 -0.0449628 -0.0214731 -0.0298991 0.0903289 -0.010818 0.0526187 0.0373926 0.0656605 0.0546489 0.0511274 -0.0475879 -0.000649056 -0.0290256 0.0238018 0.0297399 0.0684067 0.0545008 0.055538 -0.0215081 0.0206121 -0.0195903
internal_weight=851953 547318 304635 298607 258833 248711 163757 125374 77331.9 140878 136196 86864.3 79577.2 39774 122637 86425 91433.6 123338 57926 63639.7 75159.7 46943 34609 50078.6 74556.8 13692.2 44762.5 23533.5 38509.4 73836.9 33372.8 31446 48079.7 16240.5 30976.5 29498.7 19649.6 29600 10144.8 29035.7 11389.7 52255.3 3813.21 24464.2 61300.5 53122.5 28216.7 3322.02 1481.52 24894.7 19209.8 7532.88 6331.57 3150.41 43990.1 15369.3 11265.3 20762.6 20198.7 20714.3 28620.8 18891.7
internal_count=3533340 2306620 1226720 1234550 1065210 1072070 660454 533831 312783 566266 558175 367146 319805 169340 507035 347671 376964 538239 251409 257922 302521 189694 146432 201007 308522 54861 181211 99160 166685 305693 135190 127007 198513 70180 133804 118798 79301 119522 42404 117223 46021 220714 15986 104028 246461 219496 112827 13328 5977 99499 76918 32881 26418 13208 178621 61942 45150 83343 81068 86197 116679 78497
is_linear=0
shrinkage=0.05


Tree=5
num_leaves=63
num_cat=0
split_feature=0 0 0 1 9 1 9 1 0 9 1 0 1 9 1 1 1 8 9 1 8 9 9 1 1 1 9 9 8 11 9 1 1 8 1 8 1 9 1 9 9 1 1 9 8 8 11 1 9 1 11 9 8 1 8 8 11 1 8 9 8 11
split_gain=549771 103477 51555.4 19415.7 15872.4 14830.2 7600.26 4812.3 4608.27 4351.84 2939.8 2901.9 2551.11 2426.45 2092.65 1884.73 1830.75 1350.42 1208.75 1204.04 1171.71 1170.62 1531.02 959.544 937.021 813.847 741.813 547.444 519.268 492.597 482.789 475.91 473.806 470.505 454.519 377.565 375.742 369.393 361.684 352.302 479.183 351.427 328.653 324.728 304.665 299.261 280.496 279.943 272.33 265.596 250.747 274.884 281.71 250.64 244.382 242.185 236.602 230.675 230.145 228.365 227.412 458.572
threshold=1.0000000180025095e-35 -1.0000000180025095e-35 1.5000000000000002 742.50000000000011 0.34619495272636419 1938.5000000000002 0.33563746511936193 780.50000000000011 2.5000000000000004 0.26416507363319403 840.50000000000011 -1.4999999999999998 1040.5000000000002 0.45885890722274786 652.50000000000011 1758.5000000000002 276.50000000000006 0.30652734637260443 0.3380760401487351 2567.5000000000005 0.4624160379171372 0.26678894460201269 0.3159004300832749 268.50000000000006 1700.5000000000002 2070.5000000000005 0.19466029852628711 0.33483597636222845 0.4489418119192124 0.39873640239238745 0.20509092509746554 1789.5000000000002 1521.5000000000002 0.35287474095821386 600.50000000000011 0.3365717232227326 152.50000000000003 0.26811902225017553 1880.5000000000002 0.4151990413665772 0.43506775796413427 1101.5000000000002 930.50000000000011 0.4609022736549378 0.52585986256599437 0.40898340940475469 -0.21516663581132886 1729.5000000000002 0.48604546487331396 90.500000000000014 -0.10886942967772482 0.3340155184268952 0.43304879963397985 2400.5000000000005 0.57808911800384533 0.30652734637260443 0.42430800199508673 472.50000000000006 0.42247545719146734 0.25717833638191229 0.42881587147712713 -0.14626479893922803
decision_type=2 2 2 2 2 2 2 2 2 2 2 2 2 2 2 2 2 2 2 2 2 2 2 2 2 2 2 2 2 2 2 2 2 2 2 2 2 2 2 2 2 2 2 2 2 2 2 2 2 2 2 2 2 2 2 2 2 2 2 2 2 2
left_child=1 5 6 16 9 11 14 23 10 24 57 42 34 25 36 -11 49 43 47 -7 -14 -16 28 -8 -5 45 -26 54 -23 -28 -22 -19 -20 35 -13 -27 -2 56 -39 60 -41 -10 -1 -9 -31 -6 -35 -12 -43 -3 51 -24 -53 -17 -18 -25 -30 -4 -47 -46 -33 -62
right_child=2 3 8 4 13 19 7 17 41 15 18 12 20 -15 21 53 27 31 32 -21 30 22 50 55 26 33 29 -29 37 44 -32 39 -34 46 -36 -37 -38 38 -40 40 -42 48 -44 -45 59 58 -48 -49 -50 -51 -52 52 -54 -55 -56 -57 -58 -59 -60 -61 61 -63
leaf_value=-0.073876383754986577 0.077788514349331039 -0.070736292006469567 0.087366049591629857 0.0028930212554891341 -0.020738169023706361 -0.044186730060360974 0.066947301670742337 0.047551423772758124 0.089671602165667538 -0.014443350164689138 0.072941585886610372 -0.070736292006469567 -0.053701268010660289 -0.033434832379927393 0.049733709059441522 -0.0032421506230790515 -0.032285651530486854 0.026613093985315341 0.062452339879807632 -0.033434832379927393 -0.0066369279082035106 0.0026869459474848385 0.063633324828177379 0.019983726645498884 0.035065376322878872 -0.012869220839042359 0.020753974539417699 -0.045584299569579698 0.0026869459474848385 0.032279713352885799 -0.03835914432421595 0.020946245587302133 0.047551423772758124 -0.018188144696906505 -0.060082753749087073 -0.027985308946359828 0.058273426240823004 0.038835736869455226 0.027518229128096584 0.0026869459474848385 0.020780567428479436 0.082947385564764761 -0.067339919567210582 -0.0036906139430859736 0.0023735388958970212 -0.040370225043608751 -0.0087496336564106148 0.063633324828177379 0.062452339879807632 -0.056301447266977327 0.045922574881550909 0.0026869459474848385 0.063633324828177379 0.0026869459474848385 -0.0094820073968154475 0.042905810543828783 0.063633324828177379 0.077404503477104175 -0.012861006244819284 -0.033434832379927393 0.047551423772758124 0.0026869459474848385
leaf_weight=40261.680105596781 3267.7396575808525 4808.028741851449 12946.931728154421 8566.6706299930811 22988.255268886685 47319.242347121239 4846.5159530341625 214.58910866081715 35069.544252797961 20128.015862077475 15325.563178032637 20146.478420048952 26373.85946431756 24652.479551643133 27409.321792155504 17823.575509652495 8112.5133638232946 18668.85384914279 8454.7081317454576 45391.896690815687 1357.5361891239882 1036.6223856955767 3571.6095825135708 1324.5883119106293 7691.6767331510782 8487.0482326298952 24147.195274651051 10437.478622049093 387.93629881739616 830.84910230338573 10327.20080062747 24547.687727808952 14546.019900694489 9706.4990556389093 16015.804984748363 8053.4003836810589 10224.802601084113 12223.861213549972 16751.856000900269 3798.4151697605848 4235.337516695261 24846.225190997124 37244.398767977953 8125.7851968109608 4515.6422786861658 3672.2327620983124 41653.934453770518 17317.0629773736 830.90391124784946 7553.6577174961567 11146.847153261304 163.66837941110134 120.18076382577419 61545.027063310146 1375.049788415432 8996.9324056953192 155.55583837628365 10772.925683170557 960.27126212418079 292.97135533392429 563.95880928635597 2036.6763723343611
leaf_count=180652 13175 21336 52592 34990 95815 203720 19445 872 142031 84156 61621 90434 113917 102652 109504 73659 34730 75335 33948 194204 5822 4158 14392 5294 30698 34843 97388 44588 1581 3357 44971 99604 58324 40364 70771 33593 40968 49217 67578 15391 17048 100498 166658 32755 18501 15454 172286 69695 3349 33344 45074 665 483 252926 5746 36029 638 43520 4052 1254 2322 8343
internal_value=-6.44434e-05 -0.0302286 0.0537712 -0.0104501 -0.00600128 -0.054341 0.0347262 0.0233402 0.0760386 0.0051031 0.0681027 -0.0639682 -0.0568996 -0.0194496 0.0449134 -0.000778597 -0.0470624 0.017181 0.0618169 -0.038585 -0.0478608 0.0415672 0.036653 0.0485912 0.0178123 -0.0158399 0.0212224 -0.0376808 0.0302285 0.0176467 -0.0346745 0.0201599 0.0530312 -0.0128961 -0.0664109 -0.0202304 0.0630052 0.0314819 0.0322939 0.016735 0.00753601 0.0864051 -0.0707363 0.00268695 0.00434064 -0.0230763 -0.0105337 0.0680056 0.0819405 -0.0621797 0.0497351 0.060743 0.0132363 0.00268695 -0.028982 0.0399664 0.00268695 0.0828452 -0.0346718 -0.000492475 0.0194568 0.00539478
internal_weight=846370 542441 303929 298002 265716 244438 163819 77359.3 140110 145542 79363.2 151727 74220.9 120174 86460 99496.6 32286.7 62191.3 55643.4 92711.1 38058.6 72967.5 45558.1 15168 46045 95521.6 37478.3 19925 30555.8 29786.7 11684.7 53850.9 23000.7 67900.9 36162.3 16540.4 13492.5 29519.2 28975.7 35182.1 8033.75 60746.7 77506.1 8340.37 5639.46 27620.8 51360.4 32642.6 25677.1 12361.7 15002.3 3855.46 283.849 79368.6 9487.56 10321.5 543.492 23719.9 4632.5 4808.61 27148.3 2600.64
internal_count=3532330 2306881 1225449 1235732 1095988 1071149 659871 312438 565578 596929 319700 673225 325915 499059 347433 410741 139744 251670 223588 397924 164710 293290 183786 60768 186188 396407 151198 85064 123172 120500 50793 218043 92272 281086 161205 68436 54143 119014 116795 142708 32439 245878 347310 33627 23112 115321 212650 131316 103847 54680 60614 15540 1148 326585 40476 41323 2219 96112 19506 19755 110269 10665
is_linear=0
shrinkage=0.05


Tree=6
num_leaves=63
num_cat=0
split_feature=0 0 0 1 1 9 9 0 1 0 9 9 1 8 1 1 1 0 1 8 9 9 9 9 9 1 9 1 11 12 9 9 1 1 8 8 9 9 1 8 9 1 9 9 8 11 9 8 9 11 9 9 1 9 9 8 8 11 8 9 1 11
split_gain=498213 96909.7 48058.2 17962.4 14253.2 14206 6992.28 5896.52 4478.4 4416.8 3501.6 3084.35 2766.35 2754.53 2080.44 1949.11 1724.79 1421.73 1447.36 1387.88 1129.23 1531.99 1103.57 1062.63 827.122 763.651 670.852 637.774 637.635 606.267 600.248 613.522 564.353 473.685 448.791 470.61 455.836 435.92 411.781 443.907 396.178 406.798 388.414 563.033 551.156 383.782 379.108 373.285 355.528 339.861 366.727 321.22 312.473 311.938 303.426 302.066 366.415 270.778 268.594 330.538 259.3 256.887
threshold=1.0000000180025095e-35 -1.0000000180025095e-35 1.5000000000000002 810.50000000000011 1530.5000000000002 0.33322560787200933 0.33563746511936193 -1.4999999999999998 561.50000000000011 2.5000000000000004 0.32264570891857153 0.25124679505825048 801.50000000000011 0.35430321097373968 268.50000000000006 472.50000000000006 2250.5000000000005 -1.4999999999999998 682.50000000000011 0.30652734637260443 0.26678894460201269 0.31948421895504003 0.25309312343597418 0.3380760401487351 0.20178101211786273 1459.5000000000002 0.26416507363319403 2177.5000000000005 0.55947309732437145 2.5000000000000004 0.45885890722274786 0.41056445240974432 142.50000000000003 1789.5000000000002 0.58101218938827526 0.55064404010772716 0.24495873600244525 0.3302708119153977 1669.5000000000002 0.609165519475937 0.26811902225017553 1215.5000000000002 0.4151990413665772 0.43506775796413427 0.34329362213611608 1.1085497140884402 0.26267747581005102 0.35679730772972112 0.32093408703804022 0.13167001307010653 0.46828548610210424 0.4151990413665772 1194.5000000000002 0.44099158048629766 0.26811902225017553 0.4624160379171372 0.44519373774528509 -0.18687283992767331 0.34756815433502203 0.42303735017776495 1401.5000000000002 0.77103558182716381
decision_type=2 2 2 2 2 2 2 2 2 2 2 2 2 2 2 2 2 2 2 2 2 2 2 2 2 2 2 2 2 2 2 2 2 2 2 2 2 2 2 2 2 2 2 2 2 2 2 2 2 2 2 2 2 2 2 2 2 2 2 2 2 2
left_child=1 4 6 14 17 11 15 24 32 12 22 28 -4 30 -3 -2 48 -1 -19 45 -17 40 -9 -14 -6 -21 -16 -15 38 37 31 -7 -8 -25 35 36 -30 -26 -5 57 -22 -42 -27 44 -44 49 -24 58 60 50 -10 -29 -11 -12 -48 56 -23 -40 59 -46 -13 -33
right_child=2 3 9 5 7 13 8 10 19 52 53 16 23 27 26 20 -18 18 -20 25 21 55 46 33 29 42 -28 51 34 -31 -32 61 -34 -35 -36 -37 -38 -39 39 -41 41 -43 43 -45 47 -47 54 -49 -50 -51 -52 -53 -54 -55 -56 -57 -58 -59 -60 -61 -62 -63
leaf_value=-0.070288885798328649 0.063891586625620708 -0.060821354867557222 0.080027797123978978 0.0058841703973871616 -0.0083764988441054535 -0.041183485442430452 0.072120345206131323 -0.0083764988441054535 0.043604099199074063 0.085932727111414073 -0.041183485442430452 -0.018301391937707478 0.064936949396517174 -0.017688120583513166 -0.016611302746369253 0.047842454281776935 0.0065228269917532904 -0.068900663952319613 -0.052437640522348394 0.029180186206116589 0.0065228269917532904 0.04497351451799611 -0.04232900311012263 0.057845951567405157 -0.04232900311012263 0.019081355145093487 -0.038776757308303655 -0.0078397307083413487 0.047842454281776935 -0.065240148087180788 -0.031736012763172478 -0.018291944962745211 0.04549194326145084 0.043604099199074063 0.017923470881127734 -0.0083764988441054535 -0.0083764988441054535 -0.057969563390644741 0.032572057760928357 0.035585136038392744 0.040888703004923567 0.027778130985635998 -0.018291944962745211 0.019062896977428079 -0.017688120583513166 0.043604099199074063 -0.0083764988441054535 -0.0084398595797983613 0.0051708474379422772 -0.016512218289453321 0.00027238246983696273 -0.0304583620727032 0.078511798859714987 -0.048957756462983983 -0.026029162258541117 0.0065228269917532904 0.062844940061883958 0.017654061958476363 0.033352228390880805 0.025764403999036057 -0.0073119039385265835 -0.041183485442430452
leaf_weight=62279.042159736156 9615.0485897213221 11510.370583370328 22168.881550595164 3367.5386225730181 816.46092051267624 1621.9671966731548 2657.6809794157743 10036.412293344736 435.24050767719746 36669.312390461564 40482.069978356361 8255.0021326243877 33300.665809229016 26888.746276333928 4137.6810528039932 28779.348624646664 61231.06038364768 22239.054890602827 33479.969413891435 16416.33273153007 583.19898980855942 8280.4343118369579 2258.0888078510761 12226.130261853337 7021.0948083996773 32179.034915208817 19564.673248946667 59178.355978578329 571.11823731660843 17021.432618364692 24107.966295927763 21295.437673166394 7968.3926326930523 11220.141947984695 3521.7132686376572 2335.8153358846903 474.04929710924625 12268.855692744255 3793.6771666109562 6670.9120804816484 7597.2205100357533 26845.494297757745 1702.9230417311192 5059.6483156681061 314.32495112717152 441.63402979075909 1192.1679000109434 543.58954280614853 4842.2755531519651 3146.9483862966299 4921.7470137625933 1611.5892425626516 23468.194156885147 12929.995054006577 18329.966434791684 319.61346654593945 4405.9068252146244 15379.360441878438 1407.5765448510647 548.36383287608624 15350.529864519835 1143.9069973826408
leaf_count=286769 38745 51977 90672 13712 3605 6743 10735 42357 1773 150247 175554 34449 134544 112818 17446 115019 251062 102269 148922 65957 2373 33256 9914 49224 31288 130426 84681 244998 2341 76958 101224 88676 31880 45027 14091 9618 1955 54454 15217 26679 30588 107983 6898 20291 1287 1758 5090 2187 20121 12578 19940 6722 95760 55401 79029 1323 18021 61839 5688 2242 63697 4801
internal_value=-4.11352e-05 -0.0289636 0.0511997 -0.00985462 -0.0525644 -0.00534245 0.0328797 -0.0406067 0.0219994 0.0728282 -0.0333614 0.00676493 0.0650469 -0.0165537 -0.0433802 0.0426666 0.00179644 -0.0649633 -0.0608214 0.0172239 0.0400089 0.0353143 -0.0202293 0.0591931 -0.0572372 0.0200434 -0.0349082 -0.0112762 0.0191023 -0.0583565 -0.0261593 -0.0205707 0.0521581 0.0510327 0.00543397 -0.00757686 0.0251904 -0.0522793 0.0223318 0.0244747 0.0298713 0.0306711 0.0164506 0.00760967 -0.0052215 -0.00111097 -0.0265944 0.00934524 -0.0083765 -0.00347346 0.00418778 -0.00843986 0.0830381 -0.0411835 -0.0243054 0.0499694 0.0511846 0.0206074 0.019896 -0.00207252 -0.0083765 -0.0182919
internal_weight=840431 537208 303223 296854 240355 261641 164170 122357 77743.4 139053 85228.7 125793 78915.8 135848 35212.7 86426.3 89678.9 117998 55719 67117.4 76811.2 48031.9 31816.6 56746.9 37127.8 58171.8 23702.4 87678.7 36114.2 36311.4 48169.3 24061.3 10626.1 23446.3 6902.7 3380.98 1045.17 19290 29211.5 25843.9 35025.9 34442.7 41755.5 9576.43 4516.78 8945.57 21780.2 2813.85 28447.8 8503.94 5356.99 60789.9 60137.5 53412.1 19522.1 13006 12686.3 19173 2270.27 862.689 23605.5 22439.3
internal_count=3532899 2306477 1226422 1234867 1071610 1080763 660948 533650 313640 565474 367345 514781 319467 565982 154104 347308 369329 537960 251191 271025 308563 193544 136390 228795 166305 234976 102127 364538 145452 162700 201444 100220 42615 94251 28005 13914 4296 85742 117447 103735 140944 138571 169019 38593 18302 36049 94033 11404 118267 34291 21713 251720 246007 230955 84119 52600 51277 77056 9217 3529 98146 93477
is_linear=0
shrinkage=0.05


Tree=7
num_leaves=63
num_cat=0
split_feature=0 0 0 1 1 9 9 0 0 1 9 9 1 1 0 1 1 9 1 8 9 9 9 9 1 9 8 10 9 9 1 1 1 10 9 12 10 8 10 8 10 8 9 1 8 10 9 10 9 10 10 10 9 10 8 8 10 10 9 9 9 10
split_gain=454660 89192.2 44529.2 16471.5 13865.1 12680 6300.93 4443.86 4207.64 3931.33 3648.64 3119.62 2685.22 2656.23 2311.94 2076.07 1960.76 1870.71 1318.77 1114.98 1052.77 1162.56 992.76 920.53 722.044 663.418 642.515 760.581 655.108 639.153 576.325 554.941 514.01 511.787 497.297 495.355 430.685 418.133 640.769 590.944 459.157 895.887 1028.66 409.565 406.634 400.351 405.964 392.497 391.448 383.633 436.081 536.664 382.264 364.851 405.344 511.581 363.637 528.485 355.766 352.312 371.384 348.823
threshold=1.0000000180025095e-35 -1.0000000180025095e-35 1.5000000000000002 951.50000000000011 1789.5000000000002 0.3504349440336228 0.3380760401487351 -1.4999999999999998 2.5000000000000004 561.50000000000011 0.26416507363319403 0.32264570891857153 420.50000000000006 1250.5000000000002 -1.4999999999999998 862.50000000000011 621.50000000000011 0.45885890722274786 2250.5000000000005 0.30652734637260443 0.26678894460201269 0.3159004300832749 0.25309312343597418 0.34165079891681677 1789.5000000000002 0.33322560787200933 0.57808911800384533 0.21420419216156009 0.25717833638191229 0.20178101211786273 531.50000000000011 152.50000000000003 142.50000000000003 0.2170238792896271 0.31354968249797827 2.5000000000000004 0.21534436941146853 0.55064404010772716 0.22301587462425235 0.57117900252342235 0.22098699957132342 0.53703176975250255 0.25969712436199194 2269.5000000000005 0.4369830340147019 0.22844710946083072 0.32789349555969244 0.24846510589122775 0.44099158048629766 0.23318386822938922 0.22545928508043292 0.2248843312263489 0.32264570891857153 0.23374658077955249 0.52896222472190868 0.53528708219528209 0.23853246867656711 0.23683736473321917 0.26811902225017553 0.4151990413665772 0.35194084048271185 0.22892133146524432
decision_type=2 2 2 2 2 2 2 2 2 2 2 2 2 2 2 2 2 2 2 2 2 2 2 2 2 2 2 2 2 2 2 2 2 2 2 2 2 2 2 2 2 2 2 2 2 2 2 2 2 2 2 2 2 2 2 2 2 2 2 2 2 2
left_child=1 4 6 12 14 10 16 29 13 32 26 22 31 30 -1 -16 -2 43 -12 -11 -18 34 -9 -15 44 -14 27 28 -5 -6 -4 -3 -8 -19 58 52 -29 38 40 -39 41 42 -38 -7 -21 -23 56 -26 -13 50 51 -35 -31 54 -40 -56 57 61 -22 60 -45 -47
right_child=2 3 8 5 7 17 9 11 -10 19 18 48 25 23 15 -17 20 33 -20 24 21 45 -24 -25 47 -27 -28 36 -30 35 -32 -33 -34 49 -36 -37 37 39 53 -41 -42 -43 -44 59 -46 46 -48 -49 -50 -51 -52 -53 -54 -55 55 -57 -58 -59 -60 -61 -62 -63
leaf_value=-0.067774010702374946 0.05830948483542512 -0.064594805847708978 0.079939465915158117 0.007894937820381703 -0.004152251155443239 -0.019387849180009131 0.068957726951036316 -0.0032971002939882789 0.079939465915158117 0.0032920655980577893 -0.009165785332632034 -0.035851887070990178 -0.018834336399826582 0.059818162921892751 -0.064924599217230081 -0.046886883917552892 0.045063260278397778 -0.022513396075271939 0.0032920655980577893 0.026826572853244735 0.0032920655980577893 0.053041110048082242 -0.023666348345789654 0.044826566686682792 0.01325170029406003 -0.03574170242822327 0.024136959387834618 0.045063260278397778 -0.023666348345789654 -0.038466309610666251 0.067148664983204084 -0.046514305398664801 0.043032703612509049 -0.036496420192327086 0.0032920655980577893 -0.063144697255226992 -0.0032971002939882789 -0.0032971002939882789 -0.0032971002939882789 0.045063260278397778 0.045063260278397778 0.045063260278397778 0.045063260278397778 -0.035851887070990178 -0.009165785332632034 0.0032920655980577893 0.025925867500648909 0.04130783940571453 -0.046615074698169952 -0.013230554867562541 -0.046615074698169952 -0.009165785332632034 -0.054825364745970329 0.045063260278397778 0.045063260278397778 -0.0032971002939882789 0.059818162921892751 0.0032920655980577893 0.029478263719099559 -0.018505790870426288 -0.0088891270393895907 0.049149576417656729
leaf_weight=69136.841587483883 13018.104881063104 6973.6356771141291 14332.67683750391 12667.511337175965 631.53042158484459 27385.70160523057 2543.2634663283825 8756.7291689068079 59265.748560011387 8946.9538217037916 30476.904371216893 35007.413702428341 10936.723588943481 26037.902823239565 27994.893040671945 37129.62057030201 27569.591328442097 11132.828751206398 70110.800880730152 21827.960162609816 558.43238045275211 6560.0972747206688 18878.322939276695 16910.049418240786 32967.978882133961 12367.860857844353 17605.43352521956 1033.8147270232439 1688.2430931329727 5334.6260946393013 21120.897282108665 10895.948890000582 7751.1559687852859 6543.7460779696703 1833.2199058383703 11172.986821472645 2436.0514015555382 1331.5585200488567 2795.2444589734077 175.26026254892349 1336.4304500520229 1320.6919867396355 639.17675034701824 1298.9573300629854 350.77382028102875 199.7433917671442 4481.8291629701853 1294.8484654277563 11155.496951937675 1456.4849922209978 3932.684215515852 317.18107882142067 10880.214070320129 502.09930488467216 450.89802013337612 529.68469201028347 1892.1126826703548 499.19512693583965 28479.913444384933 15343.226736798882 42356.102117836475 3057.4209811687469
leaf_count=326405 52678 32325 59579 51722 2780 115040 10345 36929 245732 36081 127267 153335 46717 105767 131445 166322 110349 46978 287834 87662 2272 26975 81908 68014 133508 53515 70288 4174 6972 23941 86240 48663 31040 27725 7397 51459 10037 5263 11134 630 5340 5300 2545 5372 1458 777 17931 5086 48444 6004 16881 1363 49092 2104 1763 2132 7495 1930 114457 64130 176145 12318
internal_value=-0.000133938 -0.027929 0.0489218 -0.00964877 -0.0508522 -0.00490828 0.0313073 -0.0369371 0.0698838 0.0207244 0.00479181 -0.0304999 -0.0389914 0.0622816 -0.0614045 -0.0546416 0.0403931 -0.0177307 -0.000482572 0.0162023 0.0372879 0.0327801 -0.0172123 0.0539166 0.0188639 -0.0278083 0.0167105 0.0118506 0.00398982 -0.0538898 0.072413 -0.0535735 0.0494436 -0.0302766 0.0270305 -0.0550365 0.0208407 0.0179883 0.0217164 -0.0032971 0.0326433 0.0235535 0.00778005 -0.0143343 0.0258931 0.0434124 0.0371726 0.0143132 -0.0384538 -0.0373293 -0.0405797 -0.0319013 -0.049446 0.00707044 0.00173435 0.0303153 0.0460902 0.0368778 0.0286279 -0.0119883 -0.0096973 0.0445999
internal_weight=833619 532120 301500 296041 236079 254867 163833 101817 137667 75682.9 145100 73798 41174.2 78401.5 134261 65124.5 88149.7 109767 100588 65388.5 75131.6 47562 27635.1 42948 56441.6 23304.6 44512.1 26906.7 14355.8 28019.4 35453.6 17869.6 10294.4 23382.9 30871.6 27387.8 12550.9 11517.1 10010.3 1506.82 5732.35 4395.92 3075.23 86384 22178.7 16690.4 10130.3 34262.8 46162.9 12250.1 10793.6 6860.93 16214.8 4277.93 3775.83 980.583 5648.47 3756.36 29038.3 58998.3 43655.1 3257.16
internal_count=3532514 2307423 1225091 1235363 1072060 1054143 659759 447888 565332 305180 594505 320616 181220 319600 624172 297767 354579 459638 415101 263795 301901 191552 118837 173781 227714 100232 179404 109116 58694 127272 145819 80988 41385 98951 124126 124492 50422 46248 40355 5893 23222 17882 12582 360687 89120 67426 40451 138594 201779 51973 45969 29088 73033 17133 15029 3895 22520 15025 116729 245647 181517 13095
is_linear=0
shrinkage=0.05


Tree=8
num_leaves=63
num_cat=0
split_feature=0 0 0 1 1 9 9 0 0 1 9 1 1 9 8 1 0 1 1 8 9 9 9 9 1 9 10 9 12 11 1 10 10 9 8 9 10 1 1 1 10 9 9 10 1 10 9 9 9 10 10 10 10 9 9 10 1 11 9 10 10 9
split_gain=412075 83618.2 41830.3 15185.8 13462.1 11558.6 5772.98 5619.19 4123.97 3636.7 3124.92 2519.5 2508.97 2498.16 2260.31 1835.28 1408.72 1330.92 1291.82 993.828 954.429 948.592 923.549 1053.68 794.775 749.014 714.162 624.678 588.228 560.23 500.393 488.296 669.604 646.161 773.267 469.116 489.27 462.259 461.08 455.079 441.913 423.775 373.691 510.63 372.797 370.153 500.973 396.551 364.458 362.317 482.861 435.346 369.077 359.415 351.479 344.993 334.119 323.519 401.684 323.335 536.58 584.693
threshold=1.0000000180025095e-35 -1.0000000180025095e-35 1.5000000000000002 951.50000000000011 1500.5000000000002 0.33322560787200933 0.3380760401487351 -1.4999999999999998 2.5000000000000004 801.50000000000011 0.32264570891857153 1132.5000000000002 390.50000000000006 0.25124679505825048 0.35430321097373968 691.50000000000011 -1.4999999999999998 682.50000000000011 2370.5000000000005 0.34916566312313085 0.3380760401487351 0.20509092509746554 0.26678894460201269 0.3159004300832749 268.50000000000006 0.20178101211786273 0.25297999382019049 0.33322560787200933 2.5000000000000004 0.35576690733432775 2209.5000000000005 0.22545928508043292 0.21097603440284732 0.46828548610210424 0.32536515593528753 0.45885890722274786 0.22301587462425235 2118.5000000000005 120.50000000000001 472.50000000000006 0.19427843391895297 0.31354968249797827 0.44099158048629766 0.23318386822938922 268.50000000000006 0.22844710946083072 0.41056445240974432 0.32789349555969244 0.31948421895504003 0.23853246867656711 0.23683736473321917 0.228565588593483 0.23853246867656711 0.4138051718473435 0.3302708119153977 0.23330589383840564 1311.5000000000002 -0.30322973430156702 0.44970461726188665 0.23519582301378253 0.23683736473321917 0.34226986765861517
decision_type=2 2 2 2 2 2 2 2 2 2 2 2 2 2 2 2 2 2 2 2 2 2 2 2 2 2 2 2 2 2 2 2 2 2 2 2 2 2 2 2 2 2 2 2 2 2 2 2 2 2 2 2 2 2 2 2 2 2 2 2 2 2
left_child=1 4 6 12 16 13 15 25 11 24 21 39 38 29 35 44 -1 -18 48 31 -13 -9 -17 41 -8 -6 37 -14 54 40 -23 32 -11 34 55 46 -37 -16 -3 -4 -5 -24 -12 -38 -2 -25 -7 49 -15 50 -47 -50 -53 -36 -27 -33 -10 58 -57 -21 -61 -62
right_child=2 3 8 5 7 14 9 10 56 19 42 20 27 18 26 22 17 -19 -20 59 -22 30 23 45 -26 28 -28 -29 -30 -31 -32 33 -34 -35 53 36 43 -39 -40 -41 -42 -43 -44 -45 -46 47 -48 -49 51 -51 -52 52 -54 -55 -56 57 -58 -59 -60 60 61 -63
leaf_value=-0.067225038918691207 0.06497611807232298 -0.064326612730353269 0.077226852742055541 0.031598224133895611 -0.0075077092156062841 -0.035718557093452688 0.058606644917577548 0.0070435812588665646 0.079912159336140265 -0.0084615638578255659 -0.035718557093452688 0.058358854478450621 -0.018788632265111953 -0.0092158508031614343 -0.016557850245203464 0.042548176918835667 -0.065587962984768308 -0.049305669252297568 0.0063034197759473543 0.015234589926091856 0.043869559527430921 -0.030114615008530507 0.026915014663400717 0.050518266186171439 0.033803025878646725 -0.040158079854613823 0.018442775369600872 -0.034846209666767256 -0.061936584695617629 0.0073928664444909142 -0.01628140874384237 0.0054491971287044224 0.020315619347964862 -0.023707000106111296 0.035067169317939406 -0.023799354873959074 -0.045557630353837551 -0.0082232377875565959 -0.046570283476076377 0.065720216902732942 0.017281068230005373 0.0063034197759473543 -0.045557630353837551 -0.023707000106111296 0.048417104545189805 0.042505500482279399 -0.016524188772108494 0.023824790850081198 0.023824790850081198 0.058358854478450621 0.0063034197759473543 -0.01628140874384237 0.016631656938592823 -0.015288175704134759 -0.054304377785461523 -0.016524188772108494 0.071866247765915145 0.043869559527430921 0.043869559527430921 0.043869559527430921 0.043869559527430921 0.018442775369600872
leaf_weight=57960.86652803421 5429.0086084157228 5575.7410866320133 12399.612320363522 7685.587880089879 844.44912840425968 1554.9565663039684 4693.9517594128847 3317.2063922584057 38916.762313827872 2803.8974497467279 40133.996906667948 27301.501743867993 11445.477542549372 23991.902018427849 22805.572018489242 26900.130677565932 21093.110103726387 31057.960009410977 58054.921387374401 27113.982507869601 19508.153594359756 10150.581882491708 28513.940297007561 6412.4216706305742 10375.821308597922 6972.5250283628702 712.71167981624603 12874.88759995997 16922.496478393674 9582.053022429347 18380.013432919979 1593.1070095002651 7238.4470268785954 1640.0054875314236 388.13620021939278 15897.563537999988 5801.8956586271524 61510.518824502826 10688.697400346398 18583.898764356971 18060.923933178186 1810.5552453696728 12730.35015937686 1458.610278069973 9164.0392149984837 3180.6211170107126 21713.7035959512 4374.2167243808508 1963.8502376973629 1876.4243755191565 495.02535483241081 2420.9747209399939 1266.9118867814541 3969.940457418561 11943.373124942183 258.15024347603321 19508.617120936513 1148.0322477072477 133.38809718191624 2659.3817023038864 921.91135789453983 10700.334382668138
leaf_count=281880 22272 26533 52388 30859 3761 6559 19135 13925 164436 11345 178209 111765 49167 99803 96477 107946 102178 143131 237772 109872 78752 44644 114556 26431 41552 31988 2803 56304 80378 38673 79583 6407 29023 6620 1562 67596 25214 255581 48853 76859 72305 7303 56234 6036 37052 12810 91213 17527 8209 7455 1914 9981 5232 16159 55267 993 81685 4441 548 10605 3690 42932
internal_value=-5.68139e-05 -0.0267042 0.0467137 -0.00905543 -0.0491982 -0.00452554 0.0296874 -0.0377145 0.0671865 0.0195531 -0.0306349 0.0596449 -0.0374588 0.00648937 -0.0148342 0.0383823 -0.0618582 -0.0558924 0.00196714 0.014084 0.0523214 -0.0182615 0.0351681 0.0309129 0.0415323 -0.0540621 -0.00998931 -0.0272904 -0.0551588 0.0177149 -0.0212039 0.00467277 0.0122808 -0.00369523 0.00282292 -0.023707 -0.0287456 -0.0104777 -0.0526611 0.0707072 0.0215559 0.0253963 -0.0380887 -0.0380887 0.0545815 0.0411496 -0.0186913 0.035093 -0.00652508 0.0439648 0.0346899 0.00489697 -0.00523004 -0.0107964 -0.0490924 0.0217671 0.0772269 0.038638 -0.00274315 0.0184428 0.0245321 0.0198889
internal_weight=826588 526574 300013 295067 231507 254483 163795 121395 136219 75638.5 84712.1 77793.2 40584.8 123027 131456 88156.4 110112 52151.1 87698.6 60568.7 46809.7 31847.8 73563.3 46663.2 15069.8 36682.8 85028.8 24320.4 35838.4 35328.6 28530.6 19173.1 10042.3 9130.76 7490.75 46426.7 23158.1 84316.1 16264.4 30983.5 25746.5 30324.5 52864.3 7260.51 14593 16338.7 23268.7 9926.29 29643.6 5552.07 3675.65 5651.74 3687.89 4358.08 18915.9 3132.68 58425.4 1539.57 391.538 41395.6 14281.6 11622.2
internal_count=3532383 2306348 1226035 1235170 1071178 1054313 660150 543989 565885 304884 372595 319764 180857 502834 551479 355266 527189 245309 360997 244197 190517 138152 295942 187996 60687 171394 354861 105471 167633 141837 124227 77098 40368 36730 30110 196618 98846 352058 75386 129247 103164 121859 234443 31250 59324 66137 97772 39706 123225 22179 14724 23422 15213 17721 87255 12389 246121 5982 1541 167099 57227 46622
is_linear=0
shrinkage=0.05


Tree=9
num_leaves=63
num_cat=0
split_feature=0 0 0 1 1 9 0 9 0 1 9 1 9 1 1 1 1 9 0 9 8 9 1 1 1 1 0 1 9 9 8 1 11 10 10 10 8 9 1 10 10 10 1 11 9 9 9 9 10 8 8 10 10 10 9 10 12 10 10 9 10 10
split_gain=376439 78516.6 38999.5 13953.6 13185.5 10919 5382.56 5236.45 3997.16 3342.76 3006.74 2474.6 1752.43 1694.26 1548.72 1408.44 1308.94 936.492 1362.85 1052.11 910.323 828.708 686.154 666.909 666.323 634.431 606.097 562.596 553.045 496.584 451.956 435.396 396.372 394.547 391.452 516.517 437.442 380.016 378.918 356.264 388.641 479.998 346.464 324.405 421.228 322.132 351.544 314.78 369.158 339.347 316.613 313.397 310.052 303.796 390.964 381.33 303.647 301.719 420.646 597.052 382.848 312.105
threshold=1.0000000180025095e-35 -1.0000000180025095e-35 1.5000000000000002 742.50000000000011 1500.5000000000002 0.34619495272636419 -1.4999999999999998 0.3380760401487351 2.5000000000000004 750.50000000000011 0.26416507363319403 1280.5000000000002 0.45885890722274786 442.50000000000006 214.50000000000003 1608.5000000000002 750.50000000000011 0.26678894460201269 -1.4999999999999998 0.31948421895504003 0.30652734637260443 0.34165079891681677 246.50000000000003 2160.5000000000005 1669.5000000000002 1459.5000000000002 -2.4999999999999996 540.50000000000011 0.26538623869419103 0.19466029852628711 0.43391023576259619 1789.5000000000002 0.63997343182563793 0.24014183133840564 0.24293175339698794 0.23928361386060717 0.44981914758682257 0.26811902225017553 1440.5000000000002 0.24846510589122775 0.24268008023500445 0.24136773496866229 1500.5000000000002 -0.074440509080886827 0.33563746511936193 0.4151990413665772 0.45658147335052496 0.4151990413665772 0.24036224931478503 0.32536515593528753 0.31799848377704626 0.21066060662269595 0.23443890362977984 0.21554413437843326 0.30915527045726782 0.22067216038703921 2.5000000000000004 0.2233121916651726 0.21027474105358127 0.25124679505825048 0.22844710946083072 0.23491215705871585
decision_type=2 2 2 2 2 2 2 2 2 2 2 2 2 2 2 2 2 2 2 2 2 2 2 2 2 2 2 2 2 2 2 2 2 2 2 2 2 2 2 2 2 2 2 2 2 2 2 2 2 2 2 2 2 2 2 2 2 2 2 2 2 2
left_child=1 4 7 14 16 10 26 13 11 22 24 27 25 -2 -3 -12 -1 57 -18 34 -11 -13 -9 -8 -5 52 -6 -4 -16 -26 31 33 -31 -22 35 36 -19 -38 -39 40 41 47 -10 -21 -45 -33 -47 48 -27 50 -49 -40 -7 54 -53 56 -55 58 59 -15 -59 -62
right_child=2 3 8 5 6 12 23 9 42 20 15 21 -14 17 28 -17 18 19 -20 43 30 -23 -24 -25 29 39 -28 -29 -30 32 -32 45 -34 -35 -36 -37 37 38 51 -41 -42 -43 -44 44 -46 46 -48 49 -50 -51 -52 53 -54 55 -56 -57 -58 60 -60 -61 61 -63
leaf_value=-0.066091939594604507 0.057136194758664251 -0.058034061711107532 0.074687376970977645 0.0019788703307201142 -0.063601437209411804 -0.028296611669926103 -0.0362348361380938 0.057174349406305773 0.077069239738620288 0.0020588045283628548 -0.013876141259755207 0.054747751478271559 -0.028296611669926103 0.042129631756433868 -0.016088547483156322 0.0020588045283628548 -0.063131586708318616 0.0020588045283628548 -0.047368617702018646 0.053058808705596421 0.026946567141893175 0.040323723516624492 0.033317871267625185 -0.028296611669926103 0.028887090600319961 -0.0088463036466467273 -0.048704520649311904 0.061824962709573994 -0.037068043080402173 0.0166236802932936 0.0020588045283628548 0.016550582820715119 -0.0025260937926268891 0.0082976142292707899 0.0020588045283628548 0.05349835835828623 0.0020588045283628548 0.035451424936087376 0.045300033243717057 0.0020588045283628548 -0.022437667264547018 0.0020588045283628548 0.068255311595120868 0.040262233411423529 0.00843813764730794 0.0020588045283628548 0.026596625837384171 -0.022070278164224709 -0.028296611669926103 -0.020968464927048444 0.0020588045283628548 0.0020588045283628548 -0.013719731564991495 0.027368385876861467 0.054747751478271559 0.020075013692122685 0.054747751478271559 0.028887090600319961 0.052905614437511107 0.0166236802932936 0.054747751478271559 0.028887090600319961
leaf_weight=52478.850847736001 9093.3062559366226 9008.7722125500441 14283.70884282887 8292.058953627944 9197.5172467678785 8052.5653881430626 28049.011352702975 4374.9040561765432 42143.472505331039 8442.276349529624 16666.463578552008 25158.713228493929 23818.963443353772 15764.966386333108 3826.7650598287582 82525.095103472471 26745.171336576343 898.64022316038609 28188.983650356531 4270.845995888114 14797.030686452985 16511.496204987168 9713.776570379734 55872.677792862058 7780.9630317986012 47410.283112511039 26681.459922388196 21163.885510236025 17593.969922736287 27168.745131626725 1520.9040166884661 25279.809795156121 3000.3429486006498 3510.0090908110142 1408.6807955950499 1694.3657861799002 599.1817654967308 9416.3139797449112 1516.6906268298626 2829.5940792262554 8145.8381861001253 2370.1256446391344 15292.558757811785 9231.2136207073927 1172.4474450349808 6490.7694950401783 1580.7679929584265 1659.4825485646725 1747.5881431251764 14335.451887652278 2366.052909463644 2002.4651496857405 5258.4360613822937 2438.8414124399424 346.12744332849979 13589.800757959485 1361.4934684038162 1887.8613288998604 7987.919317856431 1675.4766084551811 1148.2266224473715 370.30465492606163
leaf_count=262090 37410 43590 61379 33816 44777 34576 125863 17993 181417 34048 70522 103834 102590 63582 16626 339655 133882 3615 131925 17330 59485 66780 38950 246929 30939 198832 126490 88144 79191 109169 6304 102104 12302 13906 5671 6760 2429 38015 6213 11366 33951 9839 65081 37622 4681 26135 6307 6779 7302 60937 9878 8062 22328 9863 1405 54376 5483 7563 31986 6813 4651 1501
internal_value=-1.12927e-05 -0.0256491 0.044797 -0.00858227 -0.0477216 -0.00487914 -0.0363159 0.0283959 0.0647364 0.0187578 0.00428999 0.0572972 -0.0161805 0.0366994 -0.0406391 -0.000618746 -0.0604422 0.0343398 -0.055044 0.0301963 0.0137338 0.0490334 0.0407295 -0.0293855 0.0148193 -0.0131158 -0.052525 0.0670099 -0.033321 0.0176247 0.016227 0.0171757 0.0147192 0.0233717 0.0255142 0.0265933 0.0251746 0.0262386 0.0270999 -0.0114505 -0.0121021 -0.0108972 0.0747237 0.041448 0.036677 0.013774 0.00507679 -0.0117803 -0.00969351 -0.0173666 -0.00453784 0.0233987 -0.0232308 0.0217136 0.00483214 0.0239931 0.037995 0.0415158 0.0433972 0.0390394 0.0288871 0.0540858
internal_weight=819210 521071 298139 293858 227214 263428 119801 163585 134554 75710.2 145434 77117.8 117994 87875.2 30429.5 99191.6 107413 78781.9 54934.2 49947.1 61621.6 41670.2 14088.7 83921.7 46242.1 94175.4 35879 35447.6 21420.7 37950.1 53179.3 51658.4 30169.1 18307 35272.6 33863.9 32169.6 31270.9 30671.7 80864.4 78034.8 69889 57436 14674.5 10403.7 33351.3 8071.54 67518.9 49157.9 18361 4025.54 21255.4 13311 19738.7 2348.59 17390.1 3800.33 28834.8 25428.4 17440.4 3406.39 1518.53
internal_count=3533042 2306144 1226898 1234188 1071956 1094781 544059 660263 566635 305232 596403 320137 498378 355031 139407 410177 527897 317621 265807 201525 248289 170614 56943 372792 186226 395788 171267 149523 95817 152410 214241 207937 121471 73391 141892 136221 129461 125846 123417 338884 327518 293567 246498 59633 42303 134546 32442 283728 206134 77594 16657 85402 56904 79189 9467 69722 15346 116096 102381 70395 13715 6152
is_linear=0
shrinkage=0.05


Tree=10
num_leaves=63
num_cat=0
split_feature=0 0 0 1 1 9 9 0 1 1 1 9 8 1 1 1 1 8 0 9 9 9 9 1 1 1 9 11 10 1 9 8 9 8 10 8 10 10 10 9 10 10 8 9 10 10 8 1 10 9 8 8 8 10 10 10 10 9 10 10 8 10
split_gain=343220 73152.3 37013.1 13014.3 12829.2 9909.01 4849.27 3930.32 3154.8 2673.62 2427.4 2270.91 1950.57 1510.2 1297.35 1164.18 1037.86 894.265 1055.44 884.112 861.09 806.112 1185.38 796.753 739.609 653.162 471.042 467.273 424.346 413.499 406.366 465.668 385.914 380.585 377.781 377.761 356.395 339.641 1089.52 514.763 689.164 415.347 364.553 364.051 358.013 352.607 344.05 334.869 331.762 335.062 312.767 290.959 319.359 315.792 276.833 271.911 395.128 417.591 308.715 311.691 267.068 290.537
threshold=1.0000000180025095e-35 -1.0000000180025095e-35 1.5000000000000002 652.50000000000011 1410.5000000000002 0.33322560787200933 0.33563746511936193 2.5000000000000004 901.50000000000011 2414.5000000000005 872.50000000000011 0.26416507363319403 0.35287474095821386 442.50000000000006 1819.5000000000002 214.50000000000003 750.50000000000011 0.30652734637260443 -1.4999999999999998 0.34310244023799902 0.21753472089767459 0.26678894460201269 0.32093408703804022 339.50000000000006 1758.5000000000002 2029.5000000000002 0.19466029852628711 1.1085497140884402 0.25297999382019049 1950.5000000000002 0.45885890722274786 0.33831831812858587 0.31948421895504003 0.57808911800384533 0.22992139309644702 0.40625980496406561 0.23443890362977984 0.21752139925956729 0.22165223956108096 0.30915527045726782 0.21194376796483996 0.20994300395250323 0.48416106402873998 0.28390011191368109 0.21719129383563998 0.21097603440284732 0.52730908989906322 1215.5000000000002 0.23266435414552691 0.48604546487331396 0.49880145490169531 0.40434686839580541 0.42247545719146734 0.21972625702619555 0.2170238792896271 0.2233121916651726 0.21027474105358127 0.25124679505825048 0.22844710946083072 0.23491215705871585 0.31069611012935644 0.22301587462425235
decision_type=2 2 2 2 2 2 2 2 2 2 2 2 2 2 2 2 2 2 2 2 2 2 2 2 2 2 2 2 2 2 2 2 2 2 2 2 2 2 2 2 2 2 2 2 2 2 2 2 2 2 2 2 2 2 2 2 2 2 2 2 2 2
left_child=1 4 6 15 16 11 13 10 23 29 -4 25 30 -2 32 -3 -1 27 -18 -12 -20 55 -23 -8 36 -5 -27 61 -26 -6 31 34 -13 -17 -7 -22 48 39 -39 40 41 43 -43 46 45 -41 -16 -9 51 -49 -45 53 -53 -14 -32 56 57 -15 -57 -60 -36 -10
right_child=2 3 7 5 9 12 8 47 17 -11 19 14 24 21 37 33 18 -19 20 -21 35 22 -24 -25 28 26 -28 -29 -30 -31 54 -33 -34 -35 60 -37 -38 38 -40 44 -42 42 -44 50 -46 -47 -48 49 -50 -51 -52 52 -54 -55 -56 58 -58 -59 59 -61 -62 -63
leaf_value=-0.064742508959167333 0.054823968642355961 -0.056761085675878988 0.068636102232991367 0.0041928733845009942 -0.045474137562221947 -0.020941077189346721 0.051052850969265609 0.075509259369698545 0.00098198893960331599 -0.027075151056023313 0.054366081778991548 -0.015505700147830349 -0.039823715202505112 0.040104555590864122 0.017456077849450535 -0.036440452203416351 -0.06209702490117245 0.014848393756931151 -0.0037853836575075283 0.041136595314763269 -0.056153595940245028 0.024569020742407435 0.042972265958532319 0.028691824871058414 -0.0080454766552136708 0.029099320922616946 0.014435676590494641 0.041136595314763269 0.014848393756931151 -0.037850572264726975 -0.019295751363731878 -0.025968091003658818 0.0022564168478287441 -0.0074519506825233162 -0.027075151056023313 -0.043313251042657208 -0.010396820892584152 0.023881285344699455 0.0023163384116135213 -0.016651381591264999 -0.020327083248238717 -0.027075151056023313 0.024569020742407435 0.012104109675455757 -0.027075151056023313 0.024569020742407435 -0.027075151056023313 0.068710836365687894 -0.043313251042657208 0.041136595314763269 -0.027075151056023313 -0.042580479903715829 -0.017778481655030785 -0.006380708618984517 -0.027075151056023313 0.029099320922616946 0.050591841526358199 0.024569020742407435 0.054366081778991548 0.029099320922616946 0.00019607981729670212 -0.019727391009661536
leaf_weight=50965.27362370491 8748.3025108426809 8763.9880953282118 23123.597032353282 12923.219186648726 38125.015066623688 6060.0304635167122 6159.6894679814577 35285.7887660712 5228.48567058146 52751.989299654961 32551.377397373319 14459.524624079466 850.68706804513931 15605.257447183132 1859.8653326481581 16212.123082473874 23124.489209458232 51950.580283582211 1093.0724237859249 20669.639568462968 10605.856640353799 36752.626368328929 11487.337592095137 11293.506698280573 69961.594096705317 6865.1311823874712 27096.688819810748 385.76216472685337 591.59453454613686 33446.961884483695 11448.692721113563 9999.3279907256365 3877.8541617691517 1217.8793682456017 946.42022646963596 12521.608751252294 7984.1808919012547 6744.9851944893599 44449.9659524858 521.77035370469093 5774.5841754227877 109.93898464739323 1049.1198873519897 513.28818967938423 238.19256952404976 1724.2308329939842 313.4421119093895 20313.192044690251 1576.1771365404129 685.49962456524372 748.50721041858196 2368.1191118806601 2876.1951440870762 4126.6540464758873 12455.406104564667 1833.8652210384607 7966.4089940041304 1671.4008812755346 1137.8546696305275 373.88757123053074 6102.2244437634945 2503.9262070953846
leaf_count=262405 36370 43484 100178 52680 182038 25698 25394 155465 21045 238233 135887 61391 3744 63188 7677 73780 119211 209175 5197 84433 50213 148032 46991 45322 292498 27274 108932 1524 2316 154051 49413 42823 16298 5296 3911 60173 34050 27944 181767 2209 23846 469 4320 2211 988 7078 1281 88154 6768 2955 3128 10269 12486 17852 54504 7369 32087 6811 4636 1522 25543 10170
internal_value=-5.37897e-05 -0.0246888 0.0428844 -0.00826421 -0.0462906 -0.00496011 0.0269328 0.0625002 0.0178741 -0.0356169 0.0551079 0.00497564 -0.0143115 0.0351386 -2.37368e-05 -0.0418938 -0.0597882 0.0124368 -0.0544539 0.049229 -0.0471543 0.0328964 0.0289522 0.0365861 -0.0100128 0.0137602 0.0174006 -0.0029957 -0.00761703 -0.0419121 -0.0225712 -0.0178414 -0.0117496 -0.0344155 -0.0116408 -0.0492038 -0.0185568 0.00333359 0.00515795 -0.00393293 -0.00883083 0.00562054 0.024569 -0.00340464 0.0165057 0.0229176 0.00899755 0.0725261 -0.0240777 0.0675099 -0.0247563 -0.0207661 -0.028984 -0.0121034 -0.0270752 0.0395505 0.0413739 0.0371208 0.0290993 0.0522306 -0.00572585 -0.00572585
internal_weight=811174 515446 295728 292812 222634 266618 163099 132629 77522 124324 76344.6 129270 137347 85576.9 82385.3 26194 98310.3 60068.8 47345 53221 24220.5 76828.6 48240 17453.2 90335.2 46885 33961.8 8118.17 70553.2 71572 47012.1 23108 18337.4 17430 13108.7 23127.5 19782 64047.9 51195 12852.9 10368.7 4594.16 1159.06 3435.1 2484.19 2246 2173.31 56284.5 11797.8 20998.7 1261.8 10221.7 5244.31 4977.34 23904.1 28588.7 25243.1 17276.7 3345.61 1511.74 7048.64 7732.41
internal_count=3532157 2305449 1226708 1233928 1071521 1111368 659636 567072 312630 574322 320498 529493 581875 347006 340607 122560 497199 241914 234794 220320 115583 310636 195023 70716 379983 188886 136206 32739 294814 336089 201892 97975 77689 79076 55152 110386 85169 262918 209711 53207 42932 19086 4789 14297 10275 9287 8958 246574 51119 91109 5339 44351 22755 21596 103917 115613 102086 69999 13527 6158 29454 31215
is_linear=0
shrinkage=0.05


Tree=11
num_leaves=63
num_cat=0
split_feature=0 0 0 1 1 9 0 9 0 8 1 9 1 1 0 1 1 8 1 9 9 8 9 9 9 8 1 1 1 9 9 8 10 9 0 1 9 1 10 1 9 9 10 9 9 1 9 8 11 9 9 10 10 10 10 10 10 11 9 10 10 10
split_gain=311993 68529.2 35310 12489.2 11871.9 8773.34 4963.95 4242.66 3857.83 2971.94 2939.56 2602.04 2345.83 1615.7 1558.05 1409.46 1391.87 1270.09 1047.18 1029.52 965.996 941.148 818.026 707.854 965.406 672.12 638.908 619.217 474.697 459.905 456.63 442.199 429.47 741.43 415.373 401.399 367.08 346.474 344.704 342.369 336.109 409.586 593.406 332.149 320.83 317.123 316.053 307.703 406.979 476.78 298.499 291.009 438.627 331.376 318.523 285.956 275.021 420.345 366.993 274.462 266.898 331.376
threshold=1.0000000180025095e-35 -1.0000000180025095e-35 1.5000000000000002 1548.5000000000002 621.50000000000011 0.3504349440336228 -1.4999999999999998 0.33563746511936193 2.5000000000000004 0.44098128378391271 411.50000000000006 0.26416507363319403 872.50000000000011 1530.5000000000002 -1.4999999999999998 810.50000000000011 630.50000000000011 0.30878235399723059 206.50000000000003 0.25309312343597418 0.21753472089767459 0.34916566312313085 0.34310244023799902 0.26678894460201269 0.3159004300832749 0.45149688422679907 1860.5000000000002 2040.5000000000002 1194.5000000000002 0.20178101211786273 0.19466029852628711 0.40625980496406561 0.22545928508043292 0.4768217951059342 -2.4999999999999996 184.50000000000003 0.31354968249797827 1580.5000000000002 0.21896186470985415 1500.5000000000002 0.46828548610210424 0.43506775796413427 0.23004490137100223 0.26267747581005102 0.26811902225017553 60.500000000000007 0.44099158048629766 0.42881587147712713 -0.074440509080886827 0.34226986765861517 0.4138051718473435 0.21066060662269595 0.21574497967958453 0.20129771530628207 0.21942402422428134 0.23443890362977984 0.21752139925956729 0.60353919863700878 0.30915527045726782 0.21738760173320773 0.21420419216156009 0.22301587462425235
decision_type=2 2 2 2 2 2 2 2 2 2 2 2 2 2 2 2 2 2 2 2 2 2 2 2 2 2 2 2 2 2 2 2 2 2 2 2 2 2 2 2 2 2 2 2 2 2 2 2 2 2 2 2 2 2 2 2 2 2 2 2 2 2
left_child=1 3 7 14 18 11 25 15 12 46 45 27 -4 56 -1 35 -16 -7 -3 -11 -18 32 -14 -17 36 -5 55 -6 -23 -27 -29 -22 33 -12 -31 -2 51 -24 -35 -10 41 50 -43 -21 -45 -9 -8 59 49 -49 -34 53 58 -25 -54 -19 -13 -58 -53 -30 -32 -62
right_child=2 4 8 6 5 17 9 10 39 19 21 13 22 -15 16 23 20 26 -20 43 31 28 37 24 -26 29 -28 30 47 34 60 -33 40 38 -36 -37 -38 -39 -40 -41 -42 42 -44 44 -46 -47 -48 48 -50 -51 -52 52 54 -55 -56 -57 57 -59 -60 -61 61 -63
leaf_value=-0.063242552303438629 0.061033785729113936 -0.056004191477495469 0.066554500741530562 -0.054518062785855519 0.0036693430759993199 -0.026474524266741142 -0.032283342010650973 0.066554500741530562 0.072893973746551835 -0.0014586069510035763 0.02793007105531924 -0.029312241391355926 0.052280895026117505 0.0014175334718748746 -0.062184242289453823 0.036616997016642415 -0.0054922951318168703 -0.020397460540890873 -0.033964194165986353 -0.036401063049141397 -0.053283190813882664 0.02699152238216217 0.047675184531695329 0.012778992558429722 0.036897982169217192 -0.0024403314358745955 -0.010438967857178016 0.027962114180182979 0.0014175334718748746 -0.060756252175079718 0.009742675178001833 -0.041256460308230949 0.031498233348733397 0.0014175334718748746 -0.036401063049141397 0.042176160306935544 0.0014175334718748746 0.034340766960892263 0.026513066184253833 0.063948967345212895 -0.010438967857178016 0.0014175334718748746 0.032300759953578971 0.0014175334718748746 -0.020397460540890873 0.042168550735931273 -0.041670003777833156 0.052280895026117505 0.0014175334718748746 0.0014175334718748746 -0.010438967857178016 0.0014175334718748746 0.038564076803036113 0.048252189483315611 0.021471105276634789 -0.011377605793511755 -0.017819322469658529 0.00068530184220334323 0.052280895026117505 0.017596142250753982 0.026804605509259578 0.0072994931337323895
leaf_weight=54278.933667868376 3626.00753082335 8006.6758310347795 22603.937374815345 22725.362807288766 13364.810217514634 20811.004181295633 35869.269242525101 1254.7086157649755 40257.835201516747 9759.8588086664677 4582.3521246165037 2867.2002186626196 32140.72213076055 88539.910998955369 17978.716810673475 25717.098409697413 1489.2760880440474 14349.563802093267 16514.413579285145 2125.9114432036877 14038.588561952114 10715.243655279279 7961.8260375857353 147.49918159842491 14065.615696385503 787.13380792737007 70220.918895095587 6801.4290174543858 1898.4134013950825 2298.2372618615627 17291.520236670971 16847.045015379786 431.90421983599663 5307.9786982834339 7389.0101080983877 12835.233007773757 1751.0945722907782 12605.692838728428 1369.0085647255182 14682.699749112129 1743.8097309023142 1644.775683388114 2638.1297908574343 1128.2682518213987 19540.421500325203 6204.3021424859762 11980.069979786873 674.96116688847542 2457.2106624990702 298.80683921277523 3749.1606806665659 2746.2236575633287 3176.2234393805265 1911.3656245619059 19265.732344463468 8833.3458006978035 10465.536742940545 4341.9638559818268 164.77483253180981 32459.095400363207 6351.564761146903 3314.7064844965935
leaf_count=288743 15485 40824 99848 112906 54511 91175 164624 5320 181299 42100 18325 12469 135714 364622 95312 104489 7155 62439 76138 9780 68401 43096 33185 635 57634 3608 296084 27040 7725 11968 69687 82906 1736 21322 35892 52784 7041 51335 5515 64822 7086 6596 10401 4980 87976 25518 55075 2772 10021 1214 15180 11067 12768 7838 77229 37761 44653 18707 655 130563 25375 13211
internal_value=-9.01986e-05 -0.0237036 0.0410241 -0.0449006 -0.00786536 -0.00481353 -0.0334209 0.0255023 0.0604286 -0.0267042 0.0170257 0.00300064 0.0530772 -0.00133779 -0.0573641 0.0331869 -0.0510262 -0.0153043 -0.0411627 -0.0153043 -0.0448281 0.0138444 0.0472963 0.0300475 0.0261384 -0.0496862 -0.0128153 0.012779 0.0177022 -0.0391986 0.0163852 -0.0467246 0.00512761 0.0124445 -0.0421849 0.0463335 0.0209479 0.0395047 0.00181423 0.0705047 0.00141753 0.00248522 0.0169507 -0.0208655 -0.0200124 0.0468622 -0.0346343 0.0150674 0.00141753 0.0337476 0.00141753 0.0223765 0.0209068 0.0404554 0.0238919 -0.0200124 -0.0151396 -0.0123936 0.012779 0.0164945 0.0134634 0.0201175
internal_weight=803400 510311 293089 218236 292075 267553 113604 162837 130253 80403.8 77429.9 153339 75312.2 106215 104633 85406.9 50353.6 114215 24521.1 32554.5 32374.9 69970.9 52708.2 68945.6 43228.5 33199.7 93403.8 47124 48503.7 10474.4 33759.2 30885.6 21467.1 11259.3 9687.25 16461.2 29162.9 20567.5 6676.99 54940.5 10207.8 8463.97 4282.91 22794.6 20668.7 7459.01 47849.3 37788.5 3430.98 973.768 4181.06 27411.8 25353 2058.86 22442 23182.9 17674.7 14807.5 2911 34357.5 26957.8 9666.27
internal_count=3532340 2306122 1226218 1071426 1234696 1117734 528909 660015 566203 364535 312390 630275 320082 440451 542517 347625 253774 487459 116962 144836 158462 281552 220234 279356 174867 164374 396284 189824 195391 51468 135313 151307 86161 45162 47860 68269 117233 84520 26837 246121 40999 33913 16997 102736 92956 30838 219699 152295 14007 3986 16916 110192 101719 8473 89997 100200 75829 63360 11722 138288 108273 38586
is_linear=0
shrinkage=0.05


Tree=12
num_leaves=63
num_cat=0
split_feature=0 0 0 1 1 9 0 9 0 8 1 1 9 1 8 1 1 9 0 1 9 8 10 9 1 9 9 10 1 1 1 12 10 8 8 1 9 10 1 8 9 11 1 10 10 10 8 8 10 10 9 9 10 10 8 8 10 11 8 10 9 9
split_gain=284414 64290.2 33225.2 12219.1 11157.8 8303.89 5704.62 4140.24 3841.6 3028.88 2552.5 2255.99 2130.41 1454.65 1337.71 1285.14 1155.6 1035.31 1013.79 954.91 824.05 785.83 687.925 650.911 567.835 557.108 586.481 525.271 510.514 469.189 457.535 446.491 440.102 419.096 396.859 394.061 379.211 671.44 359.259 342.612 337.913 337.559 336.629 324.051 347.217 359.18 371.266 391.983 314.59 305.527 323.547 303.974 329.786 316.787 436.198 303.132 454.813 346.769 311.272 302.819 659.15 364.903
threshold=1.0000000180025095e-35 -1.0000000180025095e-35 1.5000000000000002 1370.5000000000002 712.50000000000011 0.34619495272636419 -1.4999999999999998 0.3380760401487351 2.5000000000000004 0.44098128378391271 590.50000000000011 801.50000000000011 0.26416507363319403 682.50000000000011 0.35287474095821386 246.50000000000003 1758.5000000000002 0.20509092509746554 -1.4999999999999998 621.50000000000011 0.4151990413665772 0.34916566312313085 0.2233121916651726 0.29278907179832464 2280.5000000000005 0.31948421895504003 0.32725121080875402 0.25297999382019049 1290.5000000000002 90.500000000000014 2238.5000000000005 2.5000000000000004 0.22868927568197253 0.57808911800384533 0.5077456831932069 2778.5000000000005 0.25834909081459051 0.21684378385543826 1080.5000000000002 0.40898340940475469 0.48604546487331396 0.39015246927738195 152.50000000000003 0.1979838311672211 0.24293175339698794 0.2397129833698273 0.44981914758682257 0.49222685396671301 0.22113187611103061 0.22965607047080996 0.2808739989995957 0.40693396329879766 0.22207798063755038 0.23519582301378253 0.39199665188789373 0.30878235399723059 0.22638466209173205 0.98758253455162059 0.3365717232227326 0.22545928508043292 0.4768217951059342 0.46828548610210424
decision_type=2 2 2 2 2 2 2 2 2 2 2 2 2 2 2 2 2 2 2 2 2 2 2 2 2 2 2 2 2 2 2 2 2 2 2 2 2 2 2 2 2 2 2 2 2 2 2 2 2 2 2 2 2 2 2 2 2 2 2 2 2 2
left_child=1 3 7 18 15 12 23 13 11 35 29 -4 28 42 55 -3 -14 -11 -1 -20 -13 59 36 -5 -19 32 -27 30 -6 -9 39 -25 -24 -17 44 -8 -15 -38 -10 -16 -40 -28 -2 -30 45 46 -34 49 -23 -48 -51 53 -53 56 -55 -7 -50 -58 -57 60 -12 -61
right_child=2 4 8 6 5 14 9 10 38 17 21 20 16 22 27 33 -18 24 19 -21 -22 48 25 31 -26 26 41 -29 43 -31 -32 -33 34 -35 -36 -37 37 -39 40 -41 -42 -43 -44 -45 -46 -47 47 -49 51 50 -52 52 -54 54 -56 58 57 -59 -60 61 -62 -63
leaf_value=-0.062685384768023072 0.061212440051314314 -0.052553295884018802 0.065339556810803903 -0.036434138212705962 -0.0026352094116169527 -0.025385588188140892 -0.036434138212705962 0.062822257087913932 0.072202663200478218 0.010874582203144845 0.02576551060323028 0.048138975479548811 -0.011148027571863133 0.037993259614508099 -0.012813471233281996 -0.031966297108617557 0.0022577082817426216 -0.025577155602063213 -0.061191151510841583 -0.045896956467054086 0.029941836146201575 0.0057778379240385142 0.014315366565491275 -0.046781682341445752 -0.012039083869844786 0.046857260665108057 0.031532515582740873 0.015792132487096169 0.018725951402694316 0.033970996499862405 -0.0075322520943746328 -0.058937013338802524 0.011130704493993475 -0.0027006103454237616 0.048138975479548811 -0.02727017073642278 0.018725951402694316 0.037484639320238426 0.065037083758756928 -0.025577155602063213 0.031253414963254685 0.0064323752606188214 0.042458155628140995 0.011130704493993475 0.011130704493993475 0.048138975479548811 0.048138975479548811 0.011130704493993475 0.023574708771267709 0.048138975479548811 0.023043293651352787 0.0022577082817426216 0.029941836146201575 0.015792132487096169 0.029941836146201575 -0.01252306121627017 0.0040542435497636651 0.029941836146201575 -0.023636061125217402 0.0022577082817426216 0.00060563790951730242 -0.01252306121627017
leaf_weight=47207.178800031543 3088.9756567329168 9461.6045877039433 20119.041636154056 7532.2665889710188 4973.4449047297239 20345.976850494742 36007.00766441226 1675.6544632911682 30323.653904601932 3482.3400103449821 4426.0404733866453 46954.386460363865 20160.909726172686 21045.010485112667 18167.707523927093 17043.023535430431 79315.152884826064 13566.883139014244 17021.400338515639 25557.492006286979 7178.9867374897003 6667.8520884215832 7950.0143910348415 15124.199293509126 18057.646586015821 4475.9779523462057 3882.5417891293764 634.46585695445538 13487.759081840515 8901.9324763268232 47179.704089805484 15168.48432995379 896.9150228202343 1318.1067608445883 729.60331392288208 15150.639604777098 9394.2265088707209 9698.765278339386 22527.1892259866 5189.0773248523474 768.14150144159794 2045.6797577887774 10725.156613409519 28058.934676170349 1380.5257046073675 1501.5731160491705 1339.2457982301712 1318.499207213521 5792.6956243813038 802.92673954367638 6711.8071277886629 265.51315470039845 3280.685885861516 7915.2528581768274 7083.887587338686 14905.285309061408 12034.923288285732 1427.6568782776594 10921.303555950522 8053.1649315804243 6318.9016454219818 1666.8572624623775
leaf_count=259697 13464 49119 90994 37965 20359 89856 169179 7211 140455 14914 17684 199096 86012 85996 78084 78884 326043 62696 93143 128350 29657 27210 31923 75921 80404 18365 15758 2500 53999 36416 198071 79596 3594 5725 3024 69791 38293 39781 102178 22597 3423 8398 44621 112765 5561 5992 5383 5269 23532 3183 26819 1048 13139 31709 28367 63439 48287 5784 47240 32285 25392 6791
internal_value=-8.93742e-05 -0.02276 0.0393414 -0.0435745 -0.00747046 -0.00428888 -0.0334081 0.0243378 0.0584077 -0.0263087 0.0157714 0.0510414 0.00367109 0.0317737 -0.0141924 -0.0375826 -0.00045933 -0.0149983 -0.0576246 -0.0525533 0.0457263 0.0120607 0.0289636 -0.0495981 -0.0178475 0.0236181 0.0331951 -0.00989227 0.0125032 0.038547 -0.0103659 -0.05287 0.019214 -0.0298656 0.0248957 -0.03407 0.0333624 0.0282564 0.0686074 -0.0160892 0.0639245 0.0228736 0.0466559 0.0143154 0.0228452 0.0260087 0.0228902 0.0266781 0.0157921 0.0308385 0.0268181 0.0175584 0.0299418 0.0161058 0.0215541 -0.0208204 0.011861 0.0068194 -0.0172232 0.00395234 0.0109709 0.00225771
internal_weight=795408 505038 290370 213876 291162 263340 124089 162498 127871 86264.5 75511 74252.4 145996 86987.4 117344 27822.7 99476.1 35106.9 89786.1 42578.9 54133.4 64933.4 73173.3 37825 31624.5 33035.3 10404.2 71171 46520.1 10577.6 70536.5 30292.7 22631.1 18361.1 14681.1 51157.6 40138 19093 53619 23356.8 23295.3 5928.22 13814.1 41546.7 13951.5 12571 11069.4 10172.5 44468.5 8853.98 7514.73 37800.6 3546.2 34254.4 14999.1 46172.6 19255.3 13462.6 25826.6 20465 10744.9 9720.02
internal_count=3532431 2306349 1226082 1071656 1234693 1100965 590466 660279 565803 396984 304855 319747 599178 355424 501787 133728 412055 158014 481190 221493 228753 261228 297339 193482 143100 133269 42521 301252 187123 43627 298752 155517 90748 84609 58825 238970 164070 78074 246056 100681 105601 24156 58085 166764 55801 50240 44248 40654 179076 35385 30002 151866 14187 137679 60076 200535 77603 54071 110679 82152 43076 39076
is_linear=0
shrinkage=0.05


Tree=13
num_leaves=63
num_cat=1
split_feature=0 0 0 2 2 9 0 0 9 8 2 2 9 9 2 8 9 0 8 9 9 9 0 9 2 9 4 2 9 8 2 2 8 9 10 8 9 9 11 11 10 10 8 10 9 8 10 8 11 12 8 9 10 10 11 8 11 10 9 8 8 10
split_gain=259458 59699.5 31254 11590.3 10082 7282.86 6309.38 3907.62 3621.15 2983.82 2258.29 2187.11 1931.6 1100.54 1097.31 1064.34 873.469 769.196 738.402 730.525 714.966 751.041 687.712 679.482 586.165 440.449 435.91 431.901 371.466 346.415 345.465 343.09 341.714 345.665 322.869 323.697 315.574 292.074 279.398 276.106 273.127 568.643 272.412 271.527 269.571 264.565 396.237 262.112 371.597 260.354 256.127 248.148 304.889 300.56 262.933 260.959 240.038 236.64 235.898 235.668 234.152 230.382
threshold=1.0000000180025095e-35 -1.0000000180025095e-35 1.5000000000000002 2.5000000000000004 2.5000000000000004 0.3504349440336228 -1.4999999999999998 2.5000000000000004 0.3380760401487351 0.44098128378391271 2.5000000000000004 2.5000000000000004 0.25124679505825048 0.20509092509746554 2.5000000000000004 0.31291434168815618 0.26416507363319403 -2.4999999999999996 0.34756815433502203 0.3380760401487351 0.26678894460201269 0.3159004300832749 -1.4999999999999998 0.32093408703804022 1.5000000000000002 0.20178101211786273 0 1.5000000000000002 0.31268626451492315 0.35430321097373968 2.5000000000000004 1.5000000000000002 0.42881587147712713 0.48604546487331396 0.21770152449607852 0.35793930292129522 0.19466029852628711 0.34619495272636419 1.134461581707001 0.29403549432754522 0.21066060662269595 0.21574497967958453 0.30652734637260443 0.20129771530628207 0.34226986765861517 0.4369830340147019 0.23346950113773349 0.43391023576259619 0.52806720137596141 4.5000000000000009 0.35430321097373968 0.25309312343597418 0.21738760173320773 0.21738760173320773 -0.50225719809532154 0.42617776989936834 -0.12135004252195357 0.25297999382019049 0.16089829802513125 0.43212392926216131 0.4355714619159699 0.23992688208818438
decision_type=2 2 2 2 2 2 2 2 2 2 2 2 2 2 2 2 2 2 2 2 2 2 2 2 2 2 9 2 2 2 2 2 2 2 2 2 2 2 2 2 2 2 2 2 2 2 2 2 2 2 2 2 2 2 2 2 2 2 2 2 2 2
left_child=1 3 8 6 5 12 17 10 14 31 19 18 36 -11 20 -7 -6 -1 38 -4 -2 28 -5 -19 51 -24 -13 -14 40 -18 33 37 44 -9 -31 39 58 -8 -10 -36 43 -42 -28 -22 -20 46 -23 48 -48 -30 -17 -15 -53 55 -54 -52 -47 61 -3 -44 -21 -46
right_child=2 4 7 22 16 15 9 30 11 13 -12 26 27 24 -16 50 29 23 32 60 21 45 25 -25 -26 -27 42 -29 49 34 -32 -33 -34 -35 35 -37 -38 -39 -40 -41 41 -43 59 -45 57 56 47 -49 -50 -51 53 52 54 -55 -56 -57 -58 -59 -60 -61 -62 -63
leaf_value=-0.060063975314522768 0.033728019689649759 0.010824901178025195 0.047182284203794563 -0.06232279350122695 -0.013059559226669999 -0.023304958913452304 -0.01614233304552716 0.063031987175513435 0.001218863332204632 0.010824901178025195 0.059370622541844401 0.041573733551413757 0.001218863332204632 0.00066462165146258852 0.038843551920922273 -0.015071549682421099 -0.038842100634324674 -0.034581438124723328 0.033925576417461627 0.033925576417461627 0.001218863332204632 0.001218863332204632 -0.019934425790731354 -0.050435662033578771 -0.024192368571890065 -0.053709905585585374 0.01048942608932211 -0.0044932778606645921 0.001218863332204632 -0.040992071523501747 0.070148960712596006 -0.034581438124723328 0.001218863332204632 0.033925576417461627 -0.028224601033769881 -0.026755311068628763 0.012128869061713692 -0.030865327327897076 0.033108056687629832 0.025270890165427315 0.001218863332204632 0.020703214367064338 0.028841367050960326 0.04462526254363227 0.015539925416991486 0.047182284203794563 0.045669318532061826 0.001218863332204632 0.0044957299996721475 0.047182284203794563 -0.027232173542833582 -0.026870460469873615 -0.029931433095552809 -0.0077986842834984783 -0.0077986842834984783 0.001218863332204632 0.032097230112799989 0.033925576417461627 0.028507603052516092 -0.00049266852823036335 0.001218863332204632 0.0047984662448957308
leaf_weight=11986.83629141748 22054.688036605716 2575.9923933893442 24581.401138782501 40275.879840761423 8767.3187516331673 20294.588632389903 4016.343573153019 19482.751451611519 15390.859310388565 3688.8033951371908 30664.267874345183 3137.4775866419077 71241.359976142645 3557.7821307480335 25889.633900865912 22269.72808368504 9452.2559715658426 10208.739054352045 1533.2510657906532 17607.922096654773 122.92223565280437 664.61115284264088 994.66708962619305 20060.435928180814 17732.060208559036 34418.313942492008 2689.9474958628416 33091.326551482081 1802.8186277151108 4152.612100571394 32098.623817041516 29053.909881412983 2746.3290808498859 680.65290530025959 258.18964065611362 27963.549772933125 24976.425345271826 21000.869001045823 690.19377879798412 215.09108874201775 2494.6765308231115 19044.043332830071 16359.243955790997 1629.9233562797308 25770.357096076012 2184.2424805313349 2204.7108463793993 653.84439864754677 729.45478886365891 166.10960827767849 3500.4521208405495 3476.5674894154072 1387.3158056885004 54823.143668845296 7474.3741602748632 611.50546273589134 6898.8729332983494 359.73675735294819 6141.2593288272619 714.56737339496613 423.2931497246027 6192.4610886126757
leaf_count=65491 90524 10233 106226 229255 38837 90064 18794 90175 61781 15862 139031 13254 291717 15372 108063 95816 44178 52411 6131 72916 539 2689 5249 105799 83173 185634 10839 138215 7249 19666 152736 140334 11244 3053 1175 130252 100159 97956 2787 1021 10049 76423 66303 6697 103822 9113 8933 2638 2975 666 15115 15892 6275 231529 33421 2617 28653 1426 24540 2975 1788 24876
internal_value=-8.43586e-05 -0.0218628 0.0377444 -0.0422165 -0.00718755 -0.0028962 -0.0333621 0.0564734 0.0232416 -0.0259742 0.0490219 0.0152455 0.00458025 -0.0150983 0.0302252 -0.0130632 -0.0274175 -0.0493389 0.0096375 0.0415737 0.0265457 0.0224408 -0.0578502 -0.0450899 -0.0179422 -0.0527618 0.0281454 0.00121886 0.0173718 -0.0304113 0.06692 -0.0334798 0.0135657 0.0617765 -0.027965 -0.0260612 0.0149885 -0.0285024 0.00121886 0.0149178 0.0191867 0.0176405 0.0252709 0.038165 0.0150044 0.0320405 0.0217391 0.0290588 0.0354383 0.00121886 -0.0105033 -0.010969 -0.0143234 -0.00877687 -0.00939852 -0.0218135 0.0368605 0.0140289 0.0231793 0.0276137 0.0339256 0.0134591
internal_weight=787332 499668 287664 209333 290335 239526 133644 125539 162125 91388 73276.9 75584.4 138026 37316.9 86540.6 101499 50809 42256 52683.2 42612.6 60650.9 38596.2 75688.9 30269.2 33628.1 35413 22901.2 104333 25260.5 42041.7 52262 54071.1 36602.1 20163.4 32589.4 28436.8 33693.7 25017.2 16081.1 473.281 23291.6 21538.7 19763.8 1752.85 33855.8 13335.7 4252.62 3588.01 2934.17 1968.93 81204.8 15896 12338.3 58935.1 8861.69 4111.96 9083.12 32322.6 8717.25 17073.8 18031.2 31962.8
internal_count=3532626 2306052 1226574 1070918 1235134 1000005 650780 565925 660649 427079 319961 305438 564864 169995 355211 435141 235129 223701 212067 180930 247148 156624 420138 158210 154133 190883 93371 429932 101623 196292 245964 257084 147499 93228 152114 132448 134932 116750 64568 2196 93708 86472 80117 7236 136255 55001 17235 14546 11908 7915 345077 70960 55588 249261 39696 17732 37766 130124 34773 69278 74704 128698
cat_boundaries=0 1
cat_threshold=5130
is_linear=0
shrinkage=0.05


Tree=14
num_leaves=63
num_cat=0
split_feature=0 0 0 1 1 9 0 0 1 9 9 1 9 1 9 0 1 1 9 8 9 1 9 12 10 9 1 10 10 1 10 1 1 8 1 1 1 8 9 10 10 9 8 8 10 9 9 9 8 10 10 10 11 10 10 1 0 10 10 10 11 10
split_gain=235769 56203.7 30085.5 11869.1 9891.15 6963.91 5149.52 3886.43 3511.62 3476.84 2563.58 2291 1882.83 1171.62 1132.87 1099.98 1038.03 995.446 781.814 738.917 714.659 642.149 642.053 631.229 612.367 807.513 518.919 518.284 504.201 496.948 409.688 408.569 405.68 403.131 362.686 361.928 356.547 347.308 339.978 604.609 330.427 567.623 325.708 320.133 308.617 306.901 407.646 289.704 329.57 260.14 264.06 257.417 386.023 253.1 248.333 244.946 243.503 243.452 327.435 235.943 235.071 234.622
threshold=1.0000000180025095e-35 -1.0000000180025095e-35 1.5000000000000002 1380.5000000000002 621.50000000000011 0.3504349440336228 -1.4999999999999998 2.5000000000000004 390.50000000000006 0.33563746511936193 0.32264570891857153 780.50000000000011 0.26416507363319403 1608.5000000000002 0.45885890722274786 -1.4999999999999998 621.50000000000011 214.50000000000003 0.20509092509746554 0.34916566312313085 0.20178101211786273 1880.5000000000002 0.21753472089767459 2.5000000000000004 0.2233121916651726 0.31948421895504003 1290.5000000000002 0.2170238792896271 0.22868927568197253 80.500000000000014 0.23318386822938922 1950.5000000000002 1380.5000000000002 0.4489418119192124 2118.5000000000005 2209.5000000000005 1320.5000000000002 0.36753095686435705 0.25834909081459051 0.21684378385543826 0.22545928508043292 0.4768217951059342 0.27788905799388891 0.40625980496406561 0.22386372834444049 0.48981106281280523 0.48981106281280523 0.35194084048271185 0.42247545719146734 0.20329929888248446 0.21466173976659778 0.21752139925956729 0.60353919863700878 0.23947858065366748 0.19427843391895297 2280.5000000000005 3.5000000000000004 0.21896186470985415 0.2203495651483536 0.21466173976659778 -0.41973240673542017 0.23443890362977984
decision_type=2 2 2 2 2 2 2 2 2 2 2 2 2 2 2 2 2 2 2 2 2 2 2 2 2 2 2 2 2 2 2 2 2 2 2 2 2 2 2 2 2 2 2 2 2 2 2 2 2 2 2 2 2 2 2 2 2 2 2 2 2 2
left_child=1 3 8 15 17 12 20 11 29 24 18 -4 32 51 26 -1 -17 -3 -8 40 -5 -13 -18 37 38 28 61 59 -26 -2 -29 -21 -6 -30 -35 -20 -9 -22 -10 -40 41 -11 -12 -24 -27 53 -42 48 -28 -37 -51 -14 -53 -32 -34 -39 -38 -43 -59 -16 -52 -7
right_child=2 4 7 6 5 14 10 36 9 19 42 21 13 -15 27 16 22 -19 35 31 23 -23 43 -25 25 44 47 30 33 -31 45 -33 54 34 -36 49 56 55 39 -41 46 57 -44 -45 -46 -47 -48 -49 -50 50 60 52 -54 -55 -56 -57 -58 58 -60 -61 -62 -63
leaf_value=-0.060643004850388052 0.06230522622213093 -0.052336155565178732 0.06230522622213093 -0.0010985510485029279 -0.0013232919299870217 -0.026966449709007391 0.0095514909024564387 0.068344224780461996 0.035229041059930979 0.024224049062347403 -0.044443634636333523 0.046913251677916122 -0.02280430810634889 0.0016495144733208505 -0.01863545727515695 -0.059257246418336934 -0.0064729251502123322 -0.030555421161227416 -0.02280430810634889 0.019816849475556168 -0.051910371443317421 0.035873258922018224 -0.051044497043463269 -0.054740289273623316 0.011187687230170051 0.011187687230170051 -0.030957825148200363 -0.030957825148200363 0.011187687230170051 0.040701601551164021 0.0016495144733208505 0.010645119718069994 0.017561518919407229 0.033623982327167172 0.017119607576215824 0.0016495144733208505 0.055558497791825145 -0.043595968911107036 0.017561518919407229 0.034904200043449123 0.0016495144733208505 0.0016495144733208505 -0.030957825148200363 -0.03942412398962699 0.035873258922018224 -0.030957825148200363 -0.030555421161227416 -0.0090276268595591118 0.010645119718069994 -0.024049251046635717 -0.023335355281949483 -0.014472462740954116 0.0016495144733208505 -0.030957825148200363 0.010770459271428815 -0.030957825148200363 0.068671591978542862 0.035873258922018224 0.0033333030378928877 0.0013508069062376467 -0.0059217600788662086 -0.012050738086343195
leaf_weight=44563.871016427875 2990.0079147815704 7974.2942796200514 18840.247484371066 836.7151505202055 6479.2925963997841 6670.1944953203201 3433.758914321661 33745.705667793751 22436.535119712353 4618.4182991087437 4481.5484323501587 29768.968606054783 3055.3945857137442 86922.148724719882 9420.8539391458035 15990.944686621428 1151.2672948092222 15352.810726895928 11024.583390295506 23179.58745534718 5341.277976885438 23669.538314953446 10886.692710712552 17026.087036982179 8500.7755813598633 187.62364973127842 1477.9144315421581 10736.110877707601 2348.1497354060411 11477.889203935862 781.60617545247078 25510.040036275983 10307.338604450226 7605.3901428878307 5925.9710277318954 1704.1577951163054 11996.615101590753 6340.1241531223059 10011.34412445128 10098.345166102052 9736.8984381854534 5327.2234808653593 47303.216364443302 13078.77299579978 9602.1019141823053 281.67762005329132 526.21744133532047 76587.308129355311 271.88053050637245 4246.9032445997 2441.195363894105 11294.531623438001 4683.5934359282255 388.38903479278088 30500.573537930846 6030.0224818885326 5062.6714800596237 380.22719809412956 1002.7008024007082 1750.9721700549126 9393.9999184459448 4363.6861875206232
leaf_count=262347 13371 43379 89186 4010 26665 29940 14621 165079 92883 18435 21426 129805 13515 357757 42010 93045 5732 73147 51880 93391 27903 101212 57136 94643 34288 813 6257 48841 9462 48881 3394 102852 41450 30786 23803 7554 56603 33614 41088 41775 39075 21394 226652 68826 39838 1174 2158 325990 1143 19019 11085 48723 20319 1724 122273 30686 23933 1544 4017 7696 42017 19138
internal_value=-0.000120934 -0.0209837 0.0361406 -0.0409934 -0.00678556 -0.00404752 -0.0308174 0.0547618 0.0219456 0.019632 -0.0240665 0.0473114 0.00289166 -0.000810859 -0.0134804 -0.0551992 -0.0492965 -0.038003 -0.0129984 0.0115978 -0.0467627 0.0420241 -0.0429527 -0.0478625 0.0269921 0.0220059 -0.0109176 -0.0232844 0.017134 0.0454489 -0.0304151 0.0150118 0.0111877 0.0227492 0.0263978 -0.0156862 0.0653602 -0.0412481 0.030996 0.0262717 0.00389875 0.0107355 -0.0309578 -0.0447048 0.0341359 -0.00434599 0.00164951 -0.0094875 -0.0295991 -0.011273 -0.0133546 -0.0120464 -0.00945631 0.00164951 0.0111877 -0.0366405 0.0594539 0.00144941 0.0226252 -0.0155031 -0.00951526 -0.0210692
internal_weight=779125 494576 284549 205275 289301 265973 119604 123084 161465 146998 84029.4 72278.8 153243 105956 112731 85671.5 41107.7 23327.1 32244.6 70281.3 35574.2 53438.5 25116.7 34737.5 76716.2 34170 89371 23359.6 24380.3 14467.9 12187.8 48689.6 47287.2 15879.5 13531.4 28810.8 50805 17711.4 42546.2 20109.7 21591.7 11328.6 51784.8 23965.5 9789.73 1451.67 10263.1 78337.1 1749.79 17786.3 16082.1 19033.5 15978.1 1170 40807.9 12370.1 17059.3 6710.15 1382.93 11171.8 11835.2 11033.9
internal_count=3532403 2306731 1225672 1072196 1234535 1118009 585110 565818 659854 597602 394254 320203 630702 440314 487307 487086 224739 116526 146176 282866 190856 231017 131694 186846 314736 138990 382468 104839 98339 62252 55133 196243 190388 64051 54589 131555 245615 92203 175746 82863 86623 45390 248078 125962 40651 6292 41233 333390 7400 79675 72121 82557 69042 5118 163723 64300 80536 26955 5561 49706 53102 49078
is_linear=0
shrinkage=0.05


Tree=15
num_leaves=63
num_cat=0
split_feature=0 0 0 1 1 9 0 0 1 9 8 1 8 9 0 1 1 1 9 9 9 9 8 9 9 10 1 1 9 8 12 11 1 12 1 9 8 9 10 10 11 10 9 0 8 8 8 9 10 9 11 10 10 10 9 10 10 10 1 10 9 10
split_gain=215256 52798.1 28499.6 11534.3 9208.34 6409.96 4740.85 3831.99 3219.66 3140.49 2474.14 2255.52 1381.3 1365.27 1209.87 1108.79 1057.77 973.135 772.997 735.741 705.821 682.996 670.815 625.09 909.599 585.533 531.596 516 451.453 661.284 448.61 437.891 434.552 397.795 384.141 367.542 339.905 331.919 360.133 455.676 330.661 307.181 295.25 320.595 289.426 359.053 282.577 326.986 321.12 374.252 279.008 351.515 493.326 272.282 396.473 319.085 495.254 353.717 265.16 254.334 471.106 250.303
threshold=1.0000000180025095e-35 -1.0000000180025095e-35 1.5000000000000002 1410.5000000000002 621.50000000000011 0.33322560787200933 -1.4999999999999998 2.5000000000000004 442.50000000000006 0.33563746511936193 0.44098128378391271 801.50000000000011 0.35430321097373968 0.25124679505825048 -1.4999999999999998 630.50000000000011 2370.5000000000005 174.50000000000003 0.3380760401487351 0.20509092509746554 0.21753472089767459 0.29278907179832464 0.34916566312313085 0.26678894460201269 0.32093408703804022 0.25297999382019049 80.500000000000014 1350.5000000000002 0.43506775796413427 0.30652734637260443 2.5000000000000004 0.12011427804827692 2209.5000000000005 2.5000000000000004 1459.5000000000002 0.43672624230384832 0.40625980496406561 0.31948421895504003 0.228565588593483 0.23832755535840991 1.1085497140884402 0.20552200078964236 0.44099158048629766 -2.4999999999999996 0.36279271543025976 0.36890326440334326 0.30878235399723059 0.4138051718473435 0.23041371256113055 0.42458714544773107 0.13779887557029727 0.23346950113773349 0.22587928175926211 0.21097603440284732 0.52515390515327465 0.2181932404637337 0.2203495651483536 0.22503591328859332 1770.5000000000002 0.22047543525695804 0.22264148294925692 0.23519582301378253
decision_type=2 2 2 2 2 2 2 2 2 2 2 2 2 2 2 2 2 2 2 2 2 2 2 2 2 2 2 2 2 2 2 2 2 2 2 2 2 2 2 2 2 2 2 2 2 2 2 2 2 2 2 2 2 2 2 2 2 2 2 2 2 2
left_child=1 3 8 14 17 13 21 11 26 23 42 -4 46 31 -1 -16 37 -3 58 -12 -17 43 28 -10 -25 27 -2 44 47 40 -23 -6 -21 -31 -9 -35 -22 -15 -39 -40 50 -18 -8 -5 -14 -46 -7 -11 49 -49 51 52 53 -30 55 -55 -57 -58 -13 60 -33 -24
right_child=2 4 7 6 5 12 10 34 9 22 19 18 25 16 15 20 41 -19 -20 32 36 30 61 24 -26 -27 -28 -29 29 33 -32 59 -34 35 -36 -37 -38 38 39 -41 -42 -43 -44 -45 45 -47 -48 48 -50 -51 -52 -53 -54 54 -56 56 57 -59 -60 -61 -62 -63
leaf_value=-0.059595734634165246 0.060572626308455307 -0.053641015486455383 0.060572626308455307 -0.051810334179161893 0.017640399287537776 -0.022792347932204304 -0.028093292145232027 0.066627496661102889 0.031622606975978865 0.03115998098247847 0.0092393936558142747 0.050256693090762722 0.0086145287638051786 -0.0085016876045415149 -0.058016004751870368 -0.0038438813569718214 -0.010559133237312947 -0.030492786952883485 0.033285181181269663 -0.022894128956928349 -0.049559095999184802 -0.042603562640454833 0.011572497844971972 0.018383637677693035 0.034674777266332689 0.014228878291063899 0.037973505177982175 -0.006672934527894258 -0.0077940782849736578 0.0081682900224157012 -0.055503375361429033 0.01056512865420383 -0.010559133237312947 -0.0077159157642242709 0.056860081642686792 0.033285181181269663 -0.03757234683118487 0.018383637677693035 -0.010559133237312947 0.018383637677693035 0.033285181181269663 0.0056075953750635565 -0.037153232594244093 -0.028093292145232027 -0.049559095999184802 -0.017564648785371114 -0.014962009208393749 0.033285181181269663 -0.014962009208393749 -0.005276313730314044 -0.01559267920916068 0.033285181181269663 -0.022792347932204304 -0.020099326270890248 0.033285181181269663 0.033285181181269663 -0.022792347932204304 0.033285181181269663 0.040872085499467699 0.031622606975978865 -0.0068852702440948465 0.019130736294612136
leaf_weight=43875.200035870075 2910.4024514406919 6220.7103084027767 18765.148125603795 1546.6871925890446 20144.884364590049 20124.660209193826 36223.150123104453 35208.600950449705 27917.499444186687 434.90696135163307 3429.2022661268711 15137.585291624069 948.50001132488251 27617.566649615765 15812.749225854874 1209.642527654767 1478.6211774200201 16833.005714401603 22214.64911711216 11428.214667320251 10818.234602585435 13907.624642297626 31179.528855800629 36561.436735957861 11192.759819477797 766.17645111680031 13044.586736351252 76172.719001471996 1959.7962495684624 4063.4595742821693 13129.096242666245 9612.5380686074495 19035.893457576632 187.18727634847164 14179.340197369456 3137.8507597595453 13106.887734383345 2237.5778652876616 2816.2012676745653 1430.7970787286758 462.46314929425716 56636.080630064011 11980.857463851571 5356.0281430184841 830.03115457296371 10109.990080371499 26979.42564663291 209.41496352851391 2971.9858148694038 1160.8799624741077 3129.0652136057615 555.07812914252281 718.96001349389553 776.64811456203461 413.90465475618839 447.2809644639492 613.23889745771885 118.16363252699375 15062.477520108223 1294.5735764205456 6470.1693471074104 16893.230353698134
leaf_count=267390 13296 35039 90996 8955 80728 91209 175365 177102 116136 1742 14553 67946 4217 116877 95101 6018 6185 82131 94504 54273 58089 74518 126020 148473 47024 3033 55925 321664 7967 16094 75065 38305 85872 740 68428 12520 70055 9449 11825 5958 1829 231251 58603 27650 3672 45215 117503 897 11971 4718 12541 2214 2975 3122 1657 1800 2462 483 66634 5209 26465 67738
internal_value=-8.98876e-05 -0.0201247 0.0347387 -0.0398108 -0.00642936 -0.00379892 -0.0295661 0.0531222 0.0209767 0.0186323 -0.0230675 0.0456957 -0.0113864 0.00415077 -0.0538249 -0.0476401 0.000878962 -0.0367411 0.0403685 -0.0127155 -0.0411103 -0.0452847 0.0109529 0.0256783 0.0222026 -0.00771592 0.0422958 -0.00818515 0.00357989 0.00752904 -0.0488696 0.0121915 -0.015187 0.0186663 0.0638245 0.0314893 -0.0429942 -0.00611149 0.004068 -0.00452722 -0.00142155 0.00498105 -0.0303458 -0.0312385 -0.0178729 -0.02017 -0.0183078 -0.00771592 -0.014269 0.00926848 -0.00363539 0.00304382 -0.00120184 0.0059913 0.0173928 0.00476811 0.0211567 -0.0106348 0.0455776 0.00923939 0.00923939 0.0142289
internal_weight=771211 489584 281628 200859 288724 265671 116037 120568 161060 145105 82097.3 71179.9 135932 129739 84822.7 40947.5 92216.8 23053.7 52414.7 33893.3 25134.8 33939.4 69433 75671.7 47754.2 88827.4 15955 88061.2 21360.3 16583.1 27036.7 37522.2 30464.1 7388.5 49387.9 3325.04 23925.1 34102.1 6484.58 4247 9194.6 58114.7 48204 6902.72 11888.5 10940 47104.1 4777.19 4342.28 1370.29 8732.14 5603.07 5047.99 4329.03 2369.24 1955.33 1178.68 731.403 30200.1 17377.3 16082.7 48072.8
internal_count=3533396 2307442 1225954 1071507 1235935 1118765 574854 565610 660344 591123 388666 320080 586513 532252 496653 229263 381545 117170 229084 154698 134162 186188 279490 311633 195497 377801 69221 374768 85732 66404 149583 150707 140145 29354 245530 13260 128144 144109 27232 17783 37050 237436 233968 36605 53104 48887 208712 19328 17586 5615 35221 22680 20466 17491 9524 7867 4745 2945 134580 69979 64770 193758
is_linear=0
shrinkage=0.05


Tree=16
num_leaves=63
num_cat=0
split_feature=0 0 0 1 1 9 0 0 1 9 9 1 1 9 0 1 1 9 9 9 1 0 1 9 9 8 9 9 9 1 1 9 8 11 9 1 9 8 12 9 8 9 8 8 9 9 11 9 9 9 9 8 9 12 11 1 8 8 8 9 9 9
split_gain=196474 49537.1 27190.4 11283.1 8311.64 5784.4 4860.15 3820.56 3059.99 2699.09 2337.32 2142 1317.23 1270.52 1121.9 1022 960.647 882.028 875.392 735.758 704.22 672.53 644.144 644 640.587 545.948 506.688 504.14 540.92 426.435 419.186 400.918 382.994 579.885 407.146 372.088 367.921 553.344 355.16 338.569 334.706 308.799 305.826 300.225 293.414 292.033 291.3 281.104 456.172 278.548 277.225 605.677 388.796 309.041 304.83 273.607 265.462 445.86 257.511 247.225 242.76 240.274
threshold=1.0000000180025095e-35 -1.0000000180025095e-35 1.5000000000000002 1370.5000000000002 621.50000000000011 0.33322560787200933 -1.4999999999999998 2.5000000000000004 621.50000000000011 0.33563746511936193 0.34619495272636419 1020.5000000000001 1980.5000000000002 0.45885890722274786 -1.4999999999999998 621.50000000000011 152.50000000000003 0.25309312343597418 0.26416507363319403 0.3380760401487351 142.50000000000003 -2.4999999999999996 1459.5000000000002 0.32093408703804022 0.21753472089767459 0.34916566312313085 0.19466029852628711 0.32093408703804022 0.27884887158870703 472.50000000000006 2340.5000000000005 0.25309312343597418 0.42881587147712713 -0.074440509080886827 0.34226986765861517 1215.5000000000002 0.43506775796413427 0.30652734637260443 2.5000000000000004 0.44523863494396215 0.40625980496406561 0.26678894460201269 0.24668355286121371 0.61535769701004039 0.31948421895504003 0.3534794300794602 -0.51530927419662464 0.33654683828353887 0.34226986765861517 0.27791078388690954 0.32093408703804022 0.45978543162345892 0.30915527045726782 1.5000000000000002 0.04092128016054631 2328.5000000000005 0.4896292537450791 0.50110575556755077 0.50401070713996898 0.53198191523551952 0.20178101211786273 0.32725121080875402
decision_type=2 2 2 2 2 2 2 2 2 2 2 2 2 2 2 2 2 2 2 2 2 2 2 2 2 2 2 2 2 2 2 2 2 2 2 2 2 2 2 2 2 2 2 2 2 2 2 2 2 2 2 2 2 2 2 2 2 2 2 2 2 2
left_child=1 3 8 14 16 12 21 11 20 26 17 29 31 22 -1 -16 -3 -8 43 -13 -2 -5 -7 60 -17 36 -10 28 49 -4 -19 -6 47 34 -34 -9 -11 -38 -39 -40 -26 -22 -21 -14 -33 -35 -12 -27 -49 56 51 -20 53 54 -53 -50 -28 -58 -59 -48 -23 -29
right_child=2 4 7 6 5 13 10 35 9 25 46 19 18 -15 15 24 -18 30 50 42 41 23 -24 -25 40 32 27 61 -30 -31 -32 44 33 45 -36 -37 37 38 39 -41 -42 -43 -44 -45 -46 -47 59 48 55 -51 -52 52 -54 -55 -56 -57 57 58 -60 -61 -62 -63
leaf_value=-0.058892852083909222 0.053832071835120371 -0.053291723564594343 0.0624692595308219 -0.056325525539787959 0.0037278324462649871 -0.017431229140508753 -0.0044210367637732275 0.065923185400100906 0.038339927806238489 -0.0069910798385481934 -0.038550397067655257 0.043305413955124383 0.011135502083988879 -0.021512974889975452 -0.05724411972942816 -0.0044210367637732275 -0.029312283949770424 -0.024449648088252476 -0.0089789606470506763 -0.0016390774751434915 0.045908542399998205 -0.0044210367637732275 -0.0069910798385481934 -0.046147687505603135 -0.049108600041873507 -0.0069910798385481934 0.043305413955124383 0.041563646085469412 0.015999616483765838 0.050379179810916157 -0.012899779524145269 -0.010699392652054371 0.030524318378978982 -0.0069910798385481934 -0.0069910798385481934 0.056844474822415336 -0.0016390774751434915 0.0074442056762802555 0.0020429638448344312 0.030524318378978982 -0.036802654408862837 0.029207268763536229 0.031575553216726164 0.023152124100959168 0.0033803566660798225 0.031575553216726164 -0.0274156709475563 0.031575553216726164 0.017039020938363122 0.043305413955124383 0.010090189304511051 0.00058402743969571721 0.015999616483765838 -0.0062274652452328425 0.011299207453620367 0.0085087282455329274 0.011299207453620367 0.043305413955124383 0.025132386296296369 -0.046147687505603135 -0.031910812834110146 0.026258523884595805
leaf_weight=41164.167358264327 4859.9114030301571 5538.8002262711525 10381.768619924784 8999.0088765770197 10486.955354347825 17501.539187058806 10443.890251711011 29777.546630576253 5608.6804552078247 4479.8884818553925 9233.8045444041491 26401.836526423693 28144.955122709274 23016.927256837487 14917.371769949794 1141.9520178884268 17008.084823936224 14542.641028508544 10450.157476693392 531.70482574403286 3419.6978681087494 747.79582761228085 94812.906060278416 16670.402819946408 10107.769777581096 319.97736048698425 331.7062830477953 4440.2669986635447 28644.837618157268 13607.591920867562 17094.456069335341 19299.312097430229 921.73069456219673 2785.8422161340714 371.11636418104172 18295.764614403248 8781.7414080202579 4000.0669335573912 1043.9823849052191 1958.7747995555401 12243.899574995041 14600.680166482925 19126.800992444158 6376.0061169862747 4577.4248716533184 138.96665406227112 29916.899582743645 2356.7562091946602 22818.680177554488 770.18096283078194 12281.575922578573 14895.040091738105 3736.7941374629736 7323.1834386885166 11971.65081243217 15991.394342631102 1631.4903561025858 674.25751326978207 23449.582481592894 1605.909959346056 7898.9062629938126 6092.4031728208065
leaf_count=260141 22470 32220 52619 53542 42615 78285 45848 155010 23481 18138 46098 118919 112781 104993 92908 5723 84410 70823 42513 2248 14763 3595 402707 94025 55886 1267 1407 18871 116311 64743 79205 82756 3801 11346 1503 90986 35430 15831 4135 7839 67016 61654 81397 25533 19363 573 146812 9484 91768 3131 50296 61001 15329 30224 49055 64374 6479 2777 97745 7935 42437 25637
internal_value=-4.45119e-05 -0.0192949 0.0334068 -0.0386266 -0.00606303 -0.00358225 -0.0287574 0.0516136 0.0200063 0.0171909 -0.0222022 0.0441629 0.0039699 -0.0108114 -0.0531558 -0.0470061 -0.0352051 -0.0139362 0.00699939 0.0378512 0.0369379 -0.0445802 -0.00861807 -0.0404032 -0.0405033 0.00989329 0.0239103 0.0226842 0.0207802 0.0562794 -0.0182095 -0.00442104 0.012922 -0.00143279 0.0279551 0.0624693 0.00306203 0.00672091 0.0172033 0.0301969 -0.0423695 0.032379 0.0305243 0.0133556 -0.00800013 -0.00699108 -0.0307364 0.0143813 0.0148585 0.0258783 0.0033819 0.00167867 0.00461539 0.00287709 0.0053589 0.0135245 0.0248816 0.0240792 0.0261512 -0.0284463 -0.029324 0.0327141
internal_weight=762766 484150 278616 196729 287421 264874 117154 118123 160493 137612 82837.6 70049.7 129543 135331 79575.2 38411 22546.9 42081 95179.4 46060.3 22880.3 34316.1 112314 25317.1 23493.6 65968.9 71643.4 66034.7 55502.1 23989.4 31637.1 34363.7 45704.5 4217.66 1292.85 48073.3 20264.5 15784.6 7002.82 3002.76 22351.7 18020.4 19658.5 34521 23876.7 2924.81 40756.6 41486.8 41166.8 26857.2 60658.4 48376.8 37926.7 34189.9 26866.7 38810.1 26087 25755.3 24123.8 31522.8 8646.7 10532.7
internal_count=3532212 2306075 1226137 1071994 1234081 1117451 590320 565922 660215 561328 396721 319926 531466 585985 481674 221533 116630 195876 386732 202564 98887 193599 480992 140057 128625 265489 295839 272358 227850 117362 150028 144734 184116 17223 5304 245996 81373 63235 27805 11974 122902 76417 83645 138314 102119 11919 200845 166893 165626 111539 248418 198122 155609 140280 110056 156142 108408 107001 100522 154747 46032 44508
is_linear=0
shrinkage=0.05


Tree=17
num_leaves=63
num_cat=0
split_feature=0 0 0 1 1 9 0 0 1 9 1 9 0 1 1 9 1 9 1 9 9 9 1 9 9 9 9 9 0 1 1 9 10 10 9 10 10 10 9 9 10 10 10 9 10 9 9 9 10 10 10 10 9 10 9 9 12 1 9 9 10 0
split_gain=180114 46152.2 26041 11265.3 7683.87 5396.62 4099.19 3814.87 2903.18 2418.3 2153.84 2071.81 1508.91 1313.39 1291.16 1101.42 810.253 795.721 784.324 778.676 738.901 693.114 685.735 615.492 498.698 504.458 488.21 442.01 419.539 402.302 377.894 344.096 354.492 333.653 324.429 415.662 498.897 322.534 337.549 342.078 322.077 535.332 315.134 307.559 302.837 299.355 393.349 297.196 300.343 348.473 301.719 281.72 280.858 274.665 300.532 338.437 266.206 254.85 250.233 319.632 244.06 239.203
threshold=1.0000000180025095e-35 -1.0000000180025095e-35 1.5000000000000002 1500.5000000000002 540.50000000000011 0.33322560787200933 -1.4999999999999998 2.5000000000000004 801.50000000000011 0.33563746511936193 770.50000000000011 0.34619495272636419 -1.4999999999999998 682.50000000000011 2490.5000000000005 0.44720508158206945 152.50000000000003 0.25309312343597418 142.50000000000003 0.3380760401487351 0.21753472089767459 0.21753472089767459 1290.5000000000002 0.32093408703804022 0.26678894460201269 0.32093408703804022 0.25309312343597418 0.4151990413665772 -2.4999999999999996 2070.5000000000005 1350.5000000000002 0.26678894460201269 0.22047543525695804 0.22401636093854907 0.37209375202655798 0.21752139925956729 0.22965607047080996 0.22516405582427981 0.34546682238578802 0.33654683828353887 0.2275783717632294 0.22359875589609149 0.22808807343244555 0.31948421895504003 0.1979838311672211 0.2993187159299851 0.31268626451492315 0.43506775796413427 0.24846510589122775 0.24268008023500445 0.24136773496866229 0.21239183843135837 0.16865611076354983 0.24089600890874865 0.32850436866283422 0.33089359104633337 2.5000000000000004 2539.5000000000005 0.3302708119153977 0.31666114926338201 0.24110610783100131 3.5000000000000004
decision_type=2 2 2 2 2 2 2 2 2 2 2 2 2 2 2 2 2 2 2 2 2 2 2 2 2 2 2 2 2 2 2 2 2 2 2 2 2 2 2 2 2 2 2 2 2 2 2 2 2 2 2 2 2 2 2 2 2 2 2 2 2 2
left_child=1 3 8 12 18 14 23 10 16 24 -4 17 -1 -14 26 22 -2 -8 -3 57 -15 -16 -7 28 -10 -26 32 -11 -5 60 -9 -18 44 -24 42 45 40 -35 39 -39 41 -37 -22 -43 52 -28 -47 48 49 50 -40 -30 -6 54 -38 -56 -25 -12 59 -55 -21 -32
right_child=2 4 7 6 5 15 11 30 9 27 19 -13 13 20 21 -17 31 -19 -20 29 34 -23 33 56 25 -27 35 -29 51 -31 61 -33 -34 37 -36 36 53 38 47 -41 -42 43 -44 -45 -46 46 -48 -49 -50 -51 -52 -53 -54 58 55 -57 -58 -59 -60 -61 -62 -63
leaf_value=-0.057611725812717708 0.050848152651259984 -0.053483265200807963 0.058211648164852019 -0.051753155358493723 -0.0021934424711184844 -0.018476790264246704 -0.0021934424711184844 0.064441342806547217 0.028059616108841941 0.011732863180497542 0.045114213309280983 -0.029003324517639945 -0.055610442989974002 -0.0021934424711184844 0.019661544066296156 -0.019406496633411145 0.041584981557095821 -0.016767640116307308 -0.030362084405049602 0.032876469015252555 -0.027907168156156736 0.0059233700819742927 -0.012526027543471863 -0.042007088177513224 0.019661544066296156 0.031004765503678151 -0.016767640116307308 0.0027855401577911755 -0.016767640116307308 0.021365714309168376 0.051522523651024291 0.02647513341434319 0.028059616108841941 0.0027855401577911755 -0.046431170934552651 0.0091895930027827682 -0.014800627203729997 -0.015074526987822648 -0.0086448101213575743 0.0027855401577911755 0.018350046549673933 -0.016767640116307308 -0.042413536726841873 0.013914511717328847 -0.0021934424711184844 0.019661544066296156 -0.016767640116307308 0.0027855401577911755 0.0027855401577911755 -0.016767640116307308 0.0027855401577911755 -0.033672493002188705 0.017135579936820629 -0.0049325746399323522 0.019661544066296156 -0.016767640116307308 -0.053579446771809897 0.032800044156723683 -0.016767640116307308 0.019661544066296156 0.051522523651024291 0.064646547737493162
leaf_weight=43154.308872401714 5310.5190508812666 4918.9720194190741 17024.650777608156 2153.8203455805779 1726.1320192813873 14347.794334307313 9864.8077345341444 31420.502465978265 24822.673573747277 41539.704334691167 24567.757918432355 37899.841631948948 15960.986309237778 1320.3121546804905 10688.061153292656 28114.616197392344 4643.8158992826939 29836.540549784899 14449.637501984835 12364.359722167253 7974.9630043804646 65086.093217685819 19680.902396276593 10550.1470015347 32853.474590614438 9891.2211794108152 6613.7430067509413 20673.759610071778 2556.9516928195953 7694.8930540531874 10852.743582680821 20062.64155395329 1340.7955056875944 2899.6939699053764 9795.6586725264788 6723.215708091855 11032.452718257904 2715.3445266187191 43128.61635915935 8822.4615065455437 3135.3612854629755 3655.6634097844362 7075.1347519904375 883.34893380105495 8710.066693380475 931.11249557137489 903.70000275969505 3390.4295981824398 2869.3442604988813 8090.443667396903 2159.436908736825 5195.5311881303787 4924.9819597750902 1876.1262383759022 582.90804524719715 625.63774901628494 9453.4032218009233 5085.1180191487074 317.65208587050438 1192.6961984783411 2049.1358700692654 4468.3593927323818
leaf_count=281891 24946 29547 87066 13268 6895 65489 43063 168630 104470 167368 113239 188568 102431 6530 42530 127841 20082 141610 73599 54391 43782 264938 85208 59470 133464 42090 28364 83057 13281 32490 54982 84179 5390 12281 54780 28521 46469 11187 184144 36657 13175 15363 38906 3718 35372 4083 3818 14481 11667 34478 9131 28039 20028 8031 2488 2658 57098 23080 1338 4961 8935 22826
internal_value=-4.10475e-05 -0.018554 0.0321891 -0.0374684 -0.0058276 -0.00362295 -0.0267034 0.0502741 0.0191142 0.0158728 0.0427829 -0.0206416 -0.051039 -0.0443047 0.00362481 -0.0105903 0.0331276 -0.0126589 -0.0362365 0.0377072 -0.0374065 0.00786139 -0.00829736 -0.0424294 0.0224221 0.0191477 -0.00219344 0.00875973 -0.0322304 0.0306017 0.0612971 0.0293167 0.0049447 -0.0067394 -0.0393444 -0.00529227 -0.00253523 -0.00520182 -0.00603068 0.00179758 0.00417943 0.000233108 -0.0347291 -0.0130324 0.00278764 -0.015089 0.00374537 -0.00754516 -0.00845569 -0.00934807 -0.00759559 -0.0268005 0.0108875 -0.00872132 -0.0122076 0.0114558 -0.0474784 0.0430037 0.00388044 0.00920033 0.0355307 0.054845
internal_weight=754655 479330 275325 192792 286537 267169 107511 115528 159798 129781 68785.9 77601.2 85281.4 42127.1 130950 136219 30017 39701.3 19368.6 51761.3 26166.1 75774.2 108104 29909.9 67567.4 42744.7 55175.6 62213.5 9906.3 22108.4 46741.6 24706.5 16702 93756.7 24845.8 38473.6 30025.1 74075.8 71176.1 11537.8 14397.6 11262.2 15050.1 4539.01 15361.2 8448.56 1834.81 59638.3 56247.8 53378.5 45288.1 7752.48 6651.11 15627.5 12241 1208.55 20003.6 29652.9 3386.47 3068.82 14413.5 15321.1
internal_count=3531862 2306567 1225295 1072717 1233850 1130704 544397 565639 659656 530449 319201 373241 528320 246429 538140 592564 129207 184673 103146 232135 143998 307468 464723 171156 280024 175554 230672 250425 54588 95816 246438 104261 67685 399234 137468 162987 126722 314026 301745 47844 60777 47602 82688 19081 62295 36265 7901 253901 239420 227753 193275 41320 26923 65945 51615 5146 116568 136319 14330 12992 63326 77808
is_linear=0
shrinkage=0.05


Tree=18
num_leaves=63
num_cat=0
split_feature=0 0 0 1 1 9 0 0 1 9 1 9 9 0 1 1 9 9 1 0 9 1 9 9 10 1 9 1 11 1 1 10 1 9 1 1 9 0 9 9 9 1 9 10 10 11 10 10 10 10 9 10 10 10 10 9 10 10 9 10 9 9
split_gain=164235 43304.6 24506.3 11004 7232.62 4918.02 4448.76 3885.36 2727.63 2547.69 2173.69 2097.99 1356.04 1120.09 1007.58 920.305 854.704 824.697 753.732 680.404 649.305 574.847 558.998 550.685 537.816 526.888 517.869 446.334 437.231 435.948 414.563 414.188 399.491 395.413 373.892 325.239 313.928 309.232 293.727 292.357 289.877 282.104 272.116 258.76 253.741 401.67 273.89 251.718 333.398 306.975 249.953 241.917 294.045 233.591 231.095 228.662 227.145 343.902 314.193 216.316 259.821 213.913
threshold=1.0000000180025095e-35 -1.0000000180025095e-35 1.5000000000000002 1370.5000000000002 540.50000000000011 0.3504349440336228 -1.4999999999999998 2.5000000000000004 390.50000000000006 0.34226986765861517 810.50000000000011 0.34619495272636419 0.26416507363319403 -1.4999999999999998 570.50000000000011 1608.5000000000002 0.45885890722274786 0.25309312343597418 152.50000000000003 -2.4999999999999996 0.32093408703804022 1880.5000000000002 0.20178101211786273 0.26678894460201269 0.21684378385543826 1470.5000000000002 0.3159004300832749 1311.5000000000002 0.71563252806663524 2520.5000000000005 60.500000000000007 0.23318386822938922 1080.5000000000002 0.4151990413665772 2688.5000000000005 1580.5000000000002 0.31268626451492315 3.5000000000000004 0.32264570891857153 0.35194084048271185 0.37209375202655798 420.50000000000006 0.19466029852628711 0.22650390863418582 0.21752139925956729 0.60353919863700878 0.2065781503915787 0.23443890362977984 0.22933929413557055 0.21787931025028232 0.48981106281280523 0.21066060662269595 0.21574497967958453 0.21466173976659778 0.20552200078964236 0.26678894460201269 0.21719129383563998 0.22386372834444049 0.22858365625143054 0.19427843391895297 0.16865611076354983 0.20178101211786273
decision_type=2 2 2 2 2 2 2 2 2 2 2 2 2 2 2 2 2 2 2 2 2 2 2 2 2 2 2 2 2 2 2 2 2 2 2 2 2 2 2 2 2 2 2 2 2 2 2 2 2 2 2 2 2 2 2 2 2 2 2 2 2 2
left_child=1 3 8 13 18 12 19 10 30 23 41 17 29 -1 -15 44 27 -8 -3 -5 61 -12 -16 -10 -18 -11 35 47 -28 56 -2 -26 -9 -27 -19 46 51 -34 -30 43 -24 -4 -31 -29 -14 55 -25 48 49 -7 -33 -37 -53 -36 -17 -46 59 58 -58 60 -6 -21
right_child=2 4 7 6 5 16 11 32 9 25 21 -13 15 14 22 54 24 34 -20 20 -22 -23 40 26 31 33 28 39 38 42 -32 50 37 -35 53 36 -38 -39 -40 -41 -42 -43 -44 -45 45 -47 -48 -49 -50 -51 -52 52 -54 -55 -56 -57 57 -59 -60 -61 -62 -63
leaf_value=-0.057307458057915567 0.056177966307151161 -0.05150252531869285 0.062489557553065844 -0.054518289626641681 0.0023036732384862555 -0.035846934865371716 -0.00035743006822630107 0.064219522481285887 0.027884775695618858 0.015485685932515701 0.040682348655299211 -0.028612250688370991 -0.020643088785566335 -0.05632820882052253 0.0023036732384862555 -0.020643088785566335 -0.012010611603267949 -0.020643088785566335 -0.02920851174306105 -0.00080206701954152341 -0.043941523361671092 0.029922630878260748 -0.035846934865371716 -0.020643088785566335 -0.028612250688370991 0.0093195271215650629 0.028830616439921603 -0.00053345014023183481 0.029922630878260748 0.023747082359912422 0.035591584123402777 -0.00053345014023183481 0.050445632651330764 -0.00053345014023183481 -0.025595261327518659 0.029922630878260748 0.0014612693659210917 0.063734925186426747 0.0025414518677457643 -0.0073246936704953122 -0.047435392425187531 0.049840881585782815 0.011089527752096829 -0.028612250688370991 0.027884775695618858 0.0014612693659210917 0.023142352076500273 -0.0092229519400358374 -0.035846934865371716 -0.010262806234337903 -0.028612250688370991 0.0014612693659210917 0.014681263663619288 -0.0059790383757342518 0.0014612693659210917 -0.013797835555810432 0.0023036732384862555 0.0023036732384862555 0.027884775695618858 0.0023036732384862555 0.020576786994685278 -0.029187054152953813
leaf_weight=38251.723633900285 2329.3019456267357 5239.7794149070978 8868.2209938168526 8383.4090138971806 1769.7716631442308 749.84257674217224 10413.540768757463 25257.737896248698 27596.433113262057 20333.069011792541 27358.265529438853 39634.234201982617 3195.7975854277611 12826.771052971482 794.99059797823429 981.36445592343807 10948.157272428274 20227.055989816785 13738.969973966479 726.78790923953056 15836.220561750233 22759.518815651536 13935.304263271391 195.91300871968269 10496.541471913457 28161.776105552912 16942.783189609647 255.19942229986191 1050.8209667652845 5284.0230525881052 11402.202915504575 1152.5313014686108 13568.09804713726 15948.950807884336 1815.4270385056734 1456.4588171690702 1616.2496569007635 6498.225505232811 3010.9288017749786 75748.835240885615 8837.6962041854858 8841.4059347063303 21629.862726405263 1446.2820593416691 108.23482669889927 4950.2050113230944 11109.842697903514 4785.1067705452442 2506.6115497499704 4007.9852673262358 260.27246336638927 2106.505099222064 15888.994050219655 9232.8585750758648 85913.110317468643 11731.994827598333 334.35540434718132 1805.8257214128971 2118.667033970356 11125.882922172546 3620.4312578141689 7657.6011314839125
leaf_count=259973 11341 32370 47639 53238 7069 3540 45818 140567 117177 82021 125793 200774 14450 85649 4014 4134 50145 98750 70649 3534 94068 101376 79823 839 49520 113497 71280 1077 4391 21220 50806 5189 71215 64095 8537 6065 6484 34665 12784 325352 51835 45125 86641 6205 481 21771 45907 21563 11552 18621 1121 8508 64137 43127 353455 51456 1349 7311 8556 45296 14834 42462
internal_value=-4.69389e-05 -0.0178102 0.0309051 -0.0364095 -0.00554261 -0.00342201 -0.0266324 0.0486942 0.0182572 0.0162455 0.0411191 -0.0203758 0.00236438 -0.0513311 -0.0450484 -0.000763891 -0.0113823 -0.0125449 -0.035366 -0.0422368 -0.0379837 0.0357968 -0.0389074 0.0221495 -0.0200115 0.00882681 0.019184 -0.00917825 0.0252985 0.00937537 0.0395583 -0.027365 0.0600293 0.00575709 -0.0166027 0.0152162 0.011544 0.0547522 0.0105616 -0.00778535 -0.040346 0.056178 0.0135754 -0.0282769 -0.0104378 -0.00792412 0.0220576 -0.01813 -0.023995 -0.0161017 -0.00129769 0.0137272 0.0121132 -0.00920435 0.00146127 -0.0130202 0.00393386 0.0143978 0.0268852 0.00230367 0.0124924 -0.0267269
internal_weight=746781 474479 272302 188574 285906 266927 113927 113151 159150 145419 67827.4 81323.1 154570 74646.5 36394.8 106881 112357 41688.9 18978.7 32604 24220.6 50117.8 23568 80974.9 22857.5 64443.8 53378.5 89499.9 21004.5 47688.8 13731.5 11909.3 45324.1 44110.7 31275.3 32374 21068.2 20066.3 4061.75 77450.3 22773 17709.6 26913.9 1701.48 19986.2 16790.4 11305.8 12049.5 7264.44 4757.83 1412.8 19452 17995.5 11048.3 86894.5 11840.2 20774.9 4258.85 2453.02 16516.1 5390.2 8384.39
internal_count=3532241 2306529 1225712 1071602 1234927 1131908 590308 566380 659332 597185 319933 397006 638023 481294 221321 445747 493885 196232 103019 193302 140064 227169 135672 337572 105975 259613 220395 387910 88455 192276 62147 55830 246447 177592 150414 131940 85194 105880 17175 332634 131658 92764 107861 7282 88158 73708 46746 55276 33713 22161 6310 78710 72645 51664 357589 51937 84415 17216 9905 67199 21903 45996
is_linear=0
shrinkage=0.05


Tree=19
num_leaves=63
num_cat=0
split_feature=0 0 0 1 1 0 9 0 1 9 1 9 1 0 9 1 9 9 9 0 9 10 9 8 9 1 1 1 10 1 10 11 10 1 10 11 11 1 10 8 10 8 9 9 10 9 0 8 9 11 8 1 10 8 1 8 10 8 10 10 10 12
split_gain=150050 40581.1 23601.7 10716.8 6706.66 4208.11 4130.79 3839.69 2619.85 2155.15 2090.3 1932.88 1641 1146.88 1111.21 983.24 740.831 712.155 701.224 665.649 619.292 524.585 568.769 486.181 483.515 476.416 458.561 449.914 437.628 418.264 413.163 381.022 409.778 377.435 373.292 369.901 382.287 348.799 324.043 318.584 293.812 309.138 288.863 510.193 440.414 329.14 286.959 277.442 270.557 268.609 341.755 265.597 244.643 362.927 268.132 314.258 243.891 241.597 230.685 672.348 339.332 262.552
threshold=1.0000000180025095e-35 -1.0000000180025095e-35 1.5000000000000002 1370.5000000000002 951.50000000000011 -1.4999999999999998 0.3504349440336228 2.5000000000000004 420.50000000000006 0.3340155184268952 810.50000000000011 0.34619495272636419 339.50000000000006 -1.4999999999999998 0.26416507363319403 540.50000000000011 0.21470168977975848 0.45885890722274786 0.3380760401487351 -2.4999999999999996 0.32093408703804022 0.2233121916651726 0.31948421895504003 0.34916566312313085 0.33483597636222845 2490.5000000000005 2220.5000000000005 80.500000000000014 0.22545928508043292 1215.5000000000002 0.23318386822938922 -0.10886942967772482 0.23795686662197116 90.500000000000014 0.2248843312263489 0.55947309732437145 0.58007952570915233 1429.5000000000002 0.21466173976659778 0.43059198558330541 0.22301587462425235 0.31977939605712896 0.32506214082241064 0.27884887158870703 0.21574497967958453 0.25834909081459051 3.5000000000000004 0.44034637510776525 0.48981106281280523 0.66384690999984752 0.49985919892787939 390.50000000000006 0.22868927568197253 0.5077456831932069 2177.5000000000005 0.45320136845111852 0.22022562474012378 0.30652734637260443 0.24660515785217288 0.24268008023500445 0.24136773496866229 1.5000000000000002
decision_type=2 2 2 2 2 2 2 2 2 2 2 2 2 2 2 2 2 2 2 2 2 2 2 2 2 2 2 2 2 2 2 2 2 2 2 2 2 2 2 2 2 2 2 2 2 2 2 2 2 2 2 2 2 2 2 2 2 2 2 2 2 2
left_child=1 3 8 13 12 19 14 10 27 21 51 16 33 -1 36 -15 35 38 -12 -5 -21 42 52 -11 -14 49 -18 -2 34 -9 -30 -24 47 -3 40 -7 -6 -20 39 -8 41 57 43 44 45 -10 -31 -33 -32 -16 -45 -4 -23 54 55 -54 -51 -19 59 60 61 -40
right_child=2 4 7 5 6 11 17 29 9 23 18 -13 24 15 25 -17 26 28 37 20 -22 22 31 -25 -26 -27 -28 -29 30 46 48 32 -34 -35 -36 -37 -38 -39 58 -41 -42 -43 -44 50 -46 -47 -48 -49 -50 56 -52 -53 53 -55 -56 -57 -58 -59 -60 -61 -62 -63
leaf_value=-0.056595771657457376 0.054864341638200177 -0.055710920895204179 0.061559304379247587 -0.053500691942185798 0.011753014659888227 0.0096223626541577234 -0.027632133348950524 0.06275045601380308 0.027247439048440375 0.0027224673479036721 0.039794265961723585 -0.027632133348950524 -0.011152750900008807 -0.055821677311038376 -0.006416456967215288 -0.038117516077831336 -0.021340467944788253 -0.013639201665185289 0.037218075919503289 -0.025860460696981214 -0.042830895472462757 0.011753014659888227 0.039794265961723585 0.011756606325987356 -0.025242467029548861 0.0027224673479036721 -0.0099546317737869358 0.033316277859799681 -0.027632133348950524 0.048358693262609991 0.0027224673479036721 0.0027224673479036721 0.039794265961723585 -0.035542928899202346 0.0027224673479036721 -0.024012879054463417 -0.00042272257685704162 0.023441189926178347 -0.005047346079963785 0.011756606325987356 -0.027632133348950524 -0.027632133348950524 0.039794265961723585 0.019254894801006308 0.039794265961723585 0.011753014659888227 0.062495849653253124 0.023230343348587645 -0.027632133348950524 -0.0099546317737869358 0.0027224673479036721 0.049073675618292137 0.011753014659888227 0.039794265961723585 0.011753014659888227 0.028290270691274551 0.0027224673479036721 0.0027224673479036721 0.0027224673479036721 -0.023138112258356432 0.0027224673479036721 -0.011586191943179039
leaf_weight=36845.478571243584 2652.7994963824749 3299.1881173998117 7974.5697660893202 8115.605770803988 36839.013424172997 3529.2814285904169 2313.4588024020195 26983.749983742833 18638.518838703632 21394.774087876081 28308.795116454363 39062.905737429857 11910.879324048758 11741.103930972517 30309.334785893559 23668.664669081569 14559.11322312057 11927.598249420524 6711.858125269413 8272.7839097231627 15386.245585471392 8368.9459375441074 2279.4426115751266 49004.955655172467 12462.348635315895 61852.534284800291 22531.363886281848 12024.900947928429 3506.99547919631 11722.158982932568 1080.4361898452044 1797.784478828311 1994.2358924150467 7856.5050872415304 294.73849381506443 836.42268721759319 7814.0527397841215 14596.718926712871 43439.316210970283 262.08128760755062 1440.5423999428749 1043.2266119420528 1667.976949647069 9827.6084004342556 5648.8132266253233 3514.3985797464848 5201.555064484477 2675.8946571350098 258.67295236885548 1856.9242613166571 1773.2178772836924 9229.5456022620201 2126.0069186389446 761.35882730782032 6198.1995811164379 6391.6249629557133 6069.8035596907139 1683.9026475548744 4659.9472853243351 6689.3659447878599 2457.8398086875677 23743.91178265214
leaf_count=259943 13207 21179 44211 53326 147820 15068 10222 155254 79840 85953 133816 200589 54700 81264 127620 139964 72408 55211 30915 46043 93743 34153 9902 198179 60706 253276 104950 53770 17024 62650 4858 7592 8388 44481 1409 3683 31591 62955 186601 1146 6960 4684 7412 40872 24039 14608 28461 11614 1127 7965 7312 48410 8700 3306 24954 26162 25719 7690 19428 28819 10392 104107
internal_value=-6.47263e-05 -0.0171303 0.0296764 -0.0353977 -0.0053043 -0.0257323 -0.00241049 0.0473937 0.0173175 0.015267 0.039845 -0.0196516 -0.0256289 -0.0504184 0.00306346 -0.0439892 -0.0121312 -0.0099705 0.0346363 -0.0411402 -0.0368982 0.0212455 0.016508 0.00901117 -0.0183577 0.000137237 -0.0144244 0.037441 -0.0181466 0.0588807 -0.0276321 0.0274133 0.0209582 -0.0415119 -0.0140906 0.00734963 0.00962236 0.0277822 -0.00789257 -0.0253495 -0.0158742 -0.0134191 0.0250046 0.0240984 0.0277738 0.0245922 0.0527072 0.0125506 0.00128047 -0.00425203 0.0152884 0.0548643 0.0125067 0.018109 0.0162074 0.0223824 0.00272247 -0.0110695 -0.00733713 -0.00799802 -0.00654343 -0.00735844
internal_weight=739092 469622 269470 184549 285073 112294 249544 110729 158741 144064 66821.5 80519.1 35528.9 72255.2 144742 35409.8 41456.2 104802 49617.4 31774.6 23659 73664 32593.5 70399.7 24373.2 100089 37090.5 14677.7 21236.1 43907.5 4846.1 8747.36 6467.92 11155.7 16390 4365.7 44653.1 21308.6 83565.9 2575.54 16095.3 14654.7 41070.5 39402.6 27801.7 22152.9 16923.7 4473.68 1339.11 38236.1 11600.8 17204.1 23846.1 15477.2 14715.8 8517.63 7926.73 13611.5 80990.4 76330.4 69641.1 67183.2
internal_count=3532351 2305716 1226635 1070981 1234735 589810 1053669 566672 659963 592986 320307 396698 181066 481171 593991 221228 196109 459678 227686 193112 139786 308854 134771 284132 115406 414580 177358 66977 98963 246365 23009 37496 27594 65660 75954 18751 179411 93870 360715 11368 74545 67585 174083 166671 118487 94448 91111 19206 5985 161304 48184 92621 97275 63122 59816 34862 33684 62901 349347 329919 301100 290708
is_linear=0
shrinkage=0.05


Tree=20
num_leaves=63
num_cat=0
split_feature=0 0 0 1 1 0 9 0 1 1 9 9 1 8 1 0 0 1 8 8 1 8 1 10 9 1 1 8 1 9 10 11 9 9 10 10 10 10 9 10 8 9 10 11 11 8 0 8 10 1 9 9 10 9 9 10 10 9 8 10 10 10
split_gain=136881 37961.9 22540.8 10579 6288.26 4135.91 3952.11 3867.06 2341.7 2103.4 1948.78 1833.24 1155.43 1020.04 995.061 934.836 663.624 627.61 619.566 619.082 599.642 564.794 517.902 491.965 481.817 468.329 417.84 395.571 355.348 353.74 332.656 328.417 316.071 308.953 333.237 383.925 305.192 347.147 302.185 306.519 298.497 297.108 312.594 307.193 488.851 351.021 294.093 288.676 285.113 257.031 243.509 243.244 333.77 240.478 505.512 317.273 533.654 394.63 725.926 388.616 372.435 350.117
threshold=1.0000000180025095e-35 -1.0000000180025095e-35 1.5000000000000002 1370.5000000000002 502.50000000000006 -1.4999999999999998 0.33322560787200933 2.5000000000000004 339.50000000000006 770.50000000000011 0.3340155184268952 0.32264570891857153 742.50000000000011 0.35430321097373968 2340.5000000000005 -1.4999999999999998 -2.4999999999999996 90.500000000000014 0.57808911800384533 0.45149688422679907 1880.5000000000002 0.5077456831932069 1320.5000000000002 0.2233121916651726 0.25309312343597418 1311.5000000000002 1080.5000000000002 0.34756815433502203 50.500000000000007 0.25309312343597418 0.21719129383563998 0.071967758238315596 0.31948421895504003 0.26267747581005102 0.21752139925956729 0.21927379071712497 0.22401636093854907 0.22516405582427981 0.40693396329879766 0.25297999382019049 0.27788905799388891 0.43506775796413427 0.23507919907569888 1.1085497140884402 0.10889730975031854 0.30878235399723059 3.5000000000000004 0.36279271543025976 0.1979838311672211 2610.5000000000005 0.4138051718473435 0.52515390515327465 0.21097603440284732 0.34546682238578802 0.33949495851993566 0.22716157883405688 0.22796162217855456 0.36824318766593939 0.39315852522850042 0.23531123995780948 0.2370238080620766 0.23318386822938922
decision_type=2 2 2 2 2 2 2 2 2 2 2 2 2 2 2 2 2 2 2 2 2 2 2 2 2 2 2 2 2 2 2 2 2 2 2 2 2 2 2 2 2 2 2 2 2 2 2 2 2 2 2 2 2 2 2 2 2 2 2 2 2 2
left_child=1 3 8 12 17 16 14 9 28 -4 23 24 -1 31 29 -14 -5 -3 -16 -18 -11 -17 -12 -10 -7 47 -9 41 -2 30 48 -8 -25 -26 -31 -36 -27 -38 39 53 -13 50 43 44 45 51 -28 -15 -6 -42 -24 -43 -53 54 -39 -55 -57 61 59 -59 -61 -58
right_child=2 4 7 5 6 11 13 26 10 20 22 40 15 25 18 21 19 -19 -20 -21 -22 -23 27 32 33 36 46 -29 -30 34 -32 -33 -34 -35 35 -37 37 38 -40 -41 49 42 -44 -45 -46 -47 -48 -49 -50 -51 -52 52 -54 55 -56 56 57 58 -60 60 -62 -63
leaf_value=-0.055863365404181423 0.054472726734363743 -0.054697029684813825 0.054472726734363743 -0.052807662178447713 0.0093686820078126218 -0.0026602110894114296 -0.012161454287420667 0.062307595478700732 0.024113676065937964 0.038387103243398522 0.015700052639894147 -0.037786055837033303 -0.052033721247386561 0.011408202514709616 0.0045577371611469847 -0.039336664698015132 -0.041906632329213808 -0.0300926945447023 0.016953503174627894 -0.024856541557501877 0.027362562662385931 -0.01596937956526721 0.027362562662385931 0.016953503174627894 -0.024856541557501877 -0.010745027114177417 0.048025772626432824 0.0090927276790406346 0.034436727027626894 -0.011551943348152051 0.016953503174627894 -0.021019550580629418 0.026655395298977785 -0.011551943348152051 0.02332451336249303 -0.0040669658459175978 0.0090927276790406346 -0.0095654087536481483 0.0090927276790406346 0.0090927276790406346 -0.024856541557501877 -0.012161454287420667 0.027362562662385931 0.027362562662385931 -0.013413639863232374 0.02279982955275224 0.061427743932098801 -0.01596937956526721 -0.0026602110894114296 -0.021019550580629418 -0.012161454287420667 -0.0034052971169637723 0.027362562662385931 -0.01596937956526721 0.0090927276790406346 0.0090927276790406346 -0.01596937956526721 -0.015064866698058963 0.0090927276790406346 0.0090927276790406346 -0.0053581701551553545 -0.0066166372338107033
leaf_weight=35761.566987790167 1772.1428472846746 3210.2343664839864 15669.066277012229 7852.1354591473937 5927.7750086039305 10378.082091927528 30589.514504209161 23544.528120830655 41739.313607305288 27691.917148992419 20281.971908524632 4087.5772248655558 15626.4639910236 975.18136338889599 70784.250510066748 15544.767909698188 15186.388449177146 13490.102867752314 11753.765786141157 7979.2799522131681 22268.506407871842 3104.1962865442038 232.29928527772427 24228.584914728999 2137.3231041580439 16029.337206110358 12861.171725466847 36658.101089254022 9606.2514648735523 7472.6028241664171 1973.4096968024969 15909.42978002131 8859.8389866352081 19048.431035861373 1346.048960223794 25419.689278826118 2567.5471720099449 5633.5526186674833 2449.8262897878885 664.52460426092148 27231.060682550073 2149.2521368712187 1065.3584044575691 407.77601611614227 4653.458154797554 2437.1540575027466 6036.1683076918125 11410.93955783546 7060.4634731113911 16913.537918806076 2823.0967086851597 1166.7297797650099 314.47315138578415 3584.9977368861437 5761.9330393970013 1624.8600537031889 4557.4179840087891 7882.8226789087057 2114.8364372253418 1974.9165251553059 10134.055241942406 11929.689540326595
leaf_count=258008 9069 21341 87170 53357 24068 45813 139514 140541 178136 131503 82504 21569 113995 4481 287836 92442 94750 73611 46998 45063 101217 17263 907 99267 10566 69460 71037 148007 44363 32609 7958 72534 38288 90985 5736 108426 10853 23406 10463 2602 142604 8703 4173 1621 18636 9722 34403 53278 28816 85235 11454 4768 1258 15347 23859 6903 19576 33681 9119 8469 42878 50745
internal_value=-8.36592e-05 -0.0164547 0.0284898 -0.0343629 -0.00505998 -0.0247487 -0.00320181 0.0460953 0.0164776 0.0384881 0.0147861 -0.0187258 -0.0495742 -0.00918739 0.00296814 -0.043011 -0.0402419 -0.0348253 0.00632313 -0.0359806 0.0334739 -0.0354481 0.00892504 0.0204403 -0.00935703 -0.00606018 0.0578573 0.00627758 0.0383298 -0.00266021 0.00375313 -0.0151926 0.0169535 -0.0137809 -0.00546277 -0.00268863 -0.00460693 -0.00299068 -0.00384255 -0.00462527 -0.0248565 -0.000489821 0.00304631 0.000564049 -0.00122361 0.00812602 0.0523096 -0.0150829 0.000681732 -0.0236585 -0.0121615 -0.0017282 0.0138591 -0.00520177 0.00126853 -0.00688501 -0.00549993 -0.00692228 -0.00255574 -0.00642556 -0.000800679 -0.0127766
internal_weight=731552 465085 266467 180851 284234 110814 267533 108071 158396 65629.5 147017 79796 70037 135795 131738 34275.4 31017.8 16700.3 82538 23165.7 49960.4 18649 72189.7 74827.7 31563.8 89296.4 42441.9 51907.7 11378.4 49200 14961.6 46498.9 33088.4 21185.8 34238.3 26765.7 76910.3 60881 58313.4 55863.6 48232.2 15249.6 12194.2 11128.8 10721.1 6067.61 18897.3 12386.1 12988.2 44144.6 3055.4 3630.46 1481.2 55199.1 11395.5 43803.6 40218.6 38593.7 22106.6 19991.8 12109 16487.1
internal_count=3532964 2306217 1226747 1071650 1234567 589942 1139615 565871 660876 319890 607444 396772 481708 597168 542447 223700 193170 94952 334834 139813 232720 109705 291753 315691 147364 385120 245981 209249 53432 207613 60842 212048 137555 101551 146771 114162 327361 257901 247048 236585 249408 61242 48881 44708 43087 24451 105440 57759 52884 227839 12361 14729 6026 233983 47265 186718 171371 164468 94147 85028 51347 70321
is_linear=0
shrinkage=0.05


Tree=21
num_leaves=63
num_cat=0
split_feature=0 0 0 1 1 0 0 9 1 1 9 9 1 0 9 1 9 9 9 0 9 1 8 1 1 10 9 1 10 10 9 1 9 9 9 8 9 10 1 9 9 11 11 10 12 8 10 8 10 10 10 10 10 10 8 10 10 8 8 10 10 10
split_gain=124845 35390.8 21597.9 10186.1 5779.87 3880.02 3847.89 3530 2322.47 2031.23 1741.36 1717.65 1192.85 1040.8 986.689 889.517 703.039 701.049 684.553 651.959 616.164 609.238 550.124 459.531 445.105 423.807 536.992 422.616 418.184 409.32 479.92 406.691 388.837 381.556 372.634 642.225 380.322 369.171 341.701 334.184 457.593 324.251 368.556 318.235 317.784 421.682 303.264 310.327 297.895 574.531 430.587 952.941 405.603 411.537 375.684 370.221 329.486 394.815 601.182 680.323 325.241 394.458
threshold=1.0000000180025095e-35 -1.0000000180025095e-35 1.5000000000000002 1370.5000000000002 652.50000000000011 -1.4999999999999998 2.5000000000000004 0.3504349440336228 451.50000000000006 872.50000000000011 0.33563746511936193 0.34619495272636419 682.50000000000011 -1.4999999999999998 0.26416507363319403 214.50000000000003 0.4151990413665772 0.44970461726188665 0.21470168977975848 -2.4999999999999996 0.32264570891857153 1491.5000000000002 0.46895973384380346 80.500000000000014 1194.5000000000002 0.2233121916651726 0.31948421895504003 2390.5000000000005 0.21738760173320773 0.21770152449607852 0.36257559061050421 1980.5000000000002 0.48604546487331396 0.4768217951059342 0.36119578778743749 0.39419347047805792 0.35653373599052435 0.23318386822938922 472.50000000000006 0.37323163449764257 0.37613216042518621 0.58007952570915233 0.58007952570915233 0.24660515785217288 1.5000000000000002 0.3996726274490357 0.24160283803939822 0.40799815952777868 0.24786309152841571 0.24390045553445819 0.23531123995780948 0.23154356330633166 0.22401636093854907 0.22244768589735034 0.3365717232227326 0.22098699957132342 0.23683736473321917 0.33831831812858587 0.35915148258209234 0.23853246867656711 0.2283434867858887 0.22992139309644702
decision_type=2 2 2 2 2 2 2 2 2 2 2 2 2 2 2 2 2 2 2 2 2 2 2 2 2 2 2 2 2 2 2 2 2 2 2 2 2 2 2 2 2 2 2 2 2 2 2 2 2 2 2 2 2 2 2 2 2 2 2 2 2 2
left_child=1 3 8 12 15 19 9 14 23 38 25 18 -1 -14 42 -3 31 29 41 -5 -21 -16 -15 -2 -8 -10 -27 -20 -19 30 -9 -11 -26 -12 36 39 43 -30 -4 -36 -41 -7 -6 46 -37 -46 47 -31 49 50 51 52 53 55 -53 -42 -52 -58 -59 -60 -54 -62
right_child=2 4 6 5 7 11 24 17 10 16 33 -13 13 22 21 -17 -18 28 27 20 -22 -23 -24 -25 32 26 -28 -29 37 34 -32 -33 -34 -35 35 44 -38 -39 -40 40 48 -43 -44 -45 45 -47 -48 -49 -50 -51 56 54 60 -55 -56 -57 57 58 59 -61 61 -63
leaf_value=-0.055701572617123066 0.051695685252281798 -0.044868492325447533 0.058586240292046225 -0.051839442189309796 0.010317454046111986 0.0081625351761194283 0.061122988567808727 0.0079408953479294803 0.022440642663656807 0.038504258133408645 0.0092578956679809938 -0.025702675864383559 -0.051633650362309817 -0.039907521592849805 -0.009627808007846168 -0.022901368258565296 0.016469923412185304 -0.0095593057462421294 -0.0188374307226181 -0.023893147378904044 -0.041063457977980583 0.0010474613520139637 -0.021401710990576136 0.030181543757359139 0.051983216158376061 0.010752829034194528 0.024965613446849177 -0.0080760910584884663 -0.021401710990576136 0.0092578956679809938 -0.021401710990576136 0.028333577474395327 0.016469923412185304 -0.0025505939702005946 -0.021401710990576136 0.0092578956679809938 -0.021401710990576136 -0.0025505939702005946 0.044645136673963283 0.0092578956679809938 -0.016178362952888929 -0.023312973979415567 -0.00092285944783372848 0.0092578956679809938 0.0092578956679809938 -0.01824036372262787 -0.021401710990576136 -0.010390878569302188 0.0092578956679809938 -0.021401710990576136 0.0092578956679809938 0.0068103973783397087 0.0083383113466644863 -0.021401710990576136 -0.021401710990576136 0.0092578956679809938 0.0092578956679809938 -0.025702675864383559 -0.021401710990576136 0.0092578956679809938 -0.018209058124077578 0.0049304716522551219
leaf_weight=31476.969609081745 2564.5482061505318 6593.6606777384877 8915.7521816492081 7569.0302306860685 38038.087431386113 3518.5310624241829 24357.010457903147 946.78497233986855 40389.540345594287 23441.202172890306 61334.049624145031 38208.462372556329 16544.011753611267 14040.730509124696 15713.587456151843 15319.165797695518 6462.1698792129755 11392.658601284027 17376.209790229797 8166.8261279687285 14532.28957991302 89387.437963306904 5630.3740345090628 12891.765435501933 16230.568349272013 23440.813362136483 9276.5762494951487 19213.373428061604 12466.507062584162 699.76287367939949 4622.3941918760538 16958.065612092614 576.48332624137402 7699.1671003103256 3875.5156397819519 7482.4617485105991 4864.1942598074675 2149.2069516628981 8720.7422425746918 1733.8318289518356 3028.1769595146179 817.80575443804264 9022.1974758952856 582.1618095934391 1687.2652875036001 2653.5517067462206 1141.0393281579018 5146.0692890137434 1795.335206091404 3372.0320248007774 2923.6544691324234 1272.218352869153 7195.8791071027517 2135.7856819182634 6861.513759046793 2293.4096765816212 2169.84663438797 2813.6309666484594 1609.5596117079258 3213.3016386777163 3672.1093830764294 3693.2976849675179
leaf_count=236947 13391 43252 52563 53254 152923 14999 150605 4130 173064 112718 247633 201239 125146 86196 69485 78874 28664 52916 86997 46782 93179 368323 32704 58586 92779 96033 40276 90011 59106 3041 20754 78545 3099 31004 16592 32182 21013 9535 47099 7396 13364 3630 36651 2432 7539 11741 4935 22571 7602 14686 12682 5574 31390 9488 29981 10241 9265 12304 6822 13829 16155 16203
internal_value=-0.000102163 -0.0157989 0.0273647 -0.0333356 -0.00484674 -0.0239028 0.044855 -0.0027809 0.015638 0.0372311 0.0136362 -0.0180789 -0.0485802 -0.0423892 0.00214556 -0.0295131 0.0317863 -0.00962709 -0.0109608 -0.0391279 -0.0348871 -0.000548668 -0.034612 0.0340444 0.0567992 0.019014 0.0147833 -0.013187 -0.016795 -0.00739386 -0.0204881 0.0342358 0.05053 0.0079409 -0.00645767 -0.00495082 -0.0143928 -0.0214017 0.0516957 -0.00727513 -0.00617391 0.00782188 0.00816254 -0.00703675 0.00559766 -0.0055571 -0.0107796 -0.00513526 -0.0071903 -0.00798004 -0.00630831 -0.0095637 -0.00407784 -0.0135597 -0.0214017 -0.00468174 0.00140257 -0.00355224 -0.00918033 0.00157219 0.000778764 -0.00660692
internal_weight=723920 460662 263258 177095 283567 109403 105662 261654 157596 64497.9 142140 79134.4 67692.1 36215.1 152161 21912.8 46861.4 109493 40925.9 30268.1 22699.1 105101 19671.1 15456.3 41164.1 73106.9 32717.4 36589.6 26008.4 83484.8 5569.18 40399.3 16807.1 69033.2 77915.6 65482.4 12433.2 14615.7 17636.5 53659.1 49783.6 4336.34 47060.3 7569.03 11823.3 4340.82 6986.87 5845.83 48049.8 46254.4 42882.4 30152.4 22018.7 7457.37 8133.73 5321.59 12730 9806.34 7636.49 4822.86 14561.3 7365.41
internal_count=3532120 2306061 1226059 1071084 1234977 590091 566072 1112851 659987 319589 588010 396876 480993 244046 627382 122126 219927 485469 195637 193215 139961 437808 118900 71977 246483 309373 136309 177008 121557 363912 24884 191263 95878 278637 339028 285036 53992 68641 99662 233574 216982 18629 189574 32979 51462 19280 30547 25612 209586 201984 187298 132396 96841 33093 35555 23605 54902 42220 32955 20651 63748 32358
is_linear=0
shrinkage=0.05


Tree=22
num_leaves=63
num_cat=0
split_feature=0 0 0 1 1 0 0 9 1 1 9 9 1 0 1 9 1 0 9 9 9 1 9 1 10 9 9 9 9 1 10 10 9 9 10 10 10 1 9 9 1 0 1 9 9 10 9 9 11 10 9 10 10 1 10 9 9 9 9 10 10 9
split_gain=114100 33127.3 20553.8 10142.8 5236.17 3940.86 3857.2 3125.24 2144.9 2027.75 1668.93 1510.55 1117.67 1044.04 884.291 832.99 751.33 735.392 732.788 637.291 570.523 550.513 512.194 443.188 430.274 426.895 426.455 399.645 345.817 327.668 326.078 317.617 388.418 312.154 307.912 424.479 677.114 305.711 286.994 281.928 281.106 271.816 265.9 258.84 260.815 255.784 250.888 239.05 238.196 236.526 234.824 354.408 549.439 227.289 226.114 218.204 211.299 406.03 404.363 212.129 337.074 294.584
threshold=1.0000000180025095e-35 -1.0000000180025095e-35 1.5000000000000002 1290.5000000000002 780.50000000000011 -1.4999999999999998 2.5000000000000004 0.3504349440336228 901.50000000000011 780.50000000000011 0.32264570891857153 0.33563746511936193 276.50000000000006 -1.4999999999999998 540.50000000000011 0.25124679505825048 152.50000000000003 -2.4999999999999996 0.3380760401487351 0.45885890722274786 0.3302708119153977 2209.5000000000005 0.20509092509746554 1320.5000000000002 0.2170238792896271 0.21753472089767459 0.3159004300832749 0.33483597636222845 0.27884887158870703 1980.5000000000002 0.23318386822938922 0.21770152449607852 0.36257559061050421 0.26678894460201269 0.23318386822938922 0.2233121916651726 0.21301037073135379 1429.5000000000002 0.4151990413665772 0.19037871062755587 80.500000000000014 3.5000000000000004 360.50000000000006 0.45174847543239599 0.41682600975036627 0.22289190441370013 0.48981106281280523 0.3534794300794602 -0.45348028838634485 0.20552200078964236 0.44099158048629766 0.22545928508043292 0.2248843312263489 2360.5000000000005 0.25167453289031988 0.4138051718473435 0.36119578778743749 0.3879420012235642 0.35653373599052435 0.22417488694190982 0.22244768589735034 0.45658147335052496
decision_type=2 2 2 2 2 2 2 2 2 2 2 2 2 2 2 2 2 2 2 2 2 2 2 2 2 2 2 2 2 2 2 2 2 2 2 2 2 2 2 2 2 2 2 2 2 2 2 2 2 2 2 2 2 2 2 2 2 2 2 2 2 2
left_child=1 3 8 13 12 17 9 15 16 42 22 25 40 -1 -15 -6 -2 -5 -11 31 39 54 -7 -8 -21 -10 28 -14 34 45 51 32 47 -18 35 36 -27 -20 -13 -19 -3 -25 -4 -34 -40 -24 -32 -9 -39 -23 -12 52 -26 -22 -17 -35 58 -58 -33 60 -59 -61
right_child=2 4 6 5 7 10 23 19 11 18 50 38 27 14 -16 21 33 20 37 24 53 49 29 41 30 26 -28 -29 -30 -31 46 56 43 55 -36 -37 -38 48 44 -41 -42 -43 -44 -45 -46 -47 -48 -49 -50 -51 -52 -53 -54 -55 -56 -57 57 59 -60 61 -62 -63
leaf_value=-0.0550228938147517 0.044528663646325149 -0.05377945864374753 0.059404494756334171 -0.051561726202461668 0.0088633354509046417 0.0088633354509046417 0.059665162011023447 -0.023384779912427222 0.02717438528915548 0.03635396269447122 -0.023384779912427222 0.0086497424489751281 -0.011326045574236996 -0.05377945864374753 -0.035839076897084529 -0.0057880017965440166 0.034223881752000883 0.0088633354509046417 0.032752482841667721 -0.0092979808222041806 -0.044789291445832824 -0.0075279821843031993 -0.011248672535188815 0.044092006689030738 -0.023140168955969386 0.011526452702305921 0.023543636530879375 -0.025974592884399517 0.0088794323783093123 -0.0075279821843031993 0.0033969864533467454 -0.005397643383934652 -0.023384779912427222 0.023149457042122817 0.03635396269447122 0.0088633354509046417 0.033328060159912104 0.0086497424489751281 -0.0061422100352165124 -0.026237414806954136 -0.034634994248279816 0.059579630769087712 0.046032995648984373 0.0013203208165266992 0.0033969864533467454 -0.026237414806954136 -0.023384779912427222 0.0086497424489751281 0.022269263595169425 0.0029445974879808751 -0.030597400432052821 -0.030597400432052821 0.0033969864533467454 -0.031146914499759471 0.0086497424489751281 0.011217788218744633 -0.00014029881949523417 -0.008015007165050941 -0.023384779912427222 -0.0061422100352165124 -0.023384779912427222 -0.030597400432052821
leaf_weight=31345.859505258501 4800.0004670768976 2570.6242912188172 6692.9082218110561 7976.2938348203897 36359.740247294307 3589.5077227652073 26015.397321715951 190.52189616858959 9256.2692283540964 27470.018903061748 37209.785561323166 39998.885298416018 9181.7987941801548 10482.771825283766 19964.185943379998 33888.597436755896 5176.194439470768 399.77864544838667 6697.9563868045807 10367.494732901454 9408.1767908483744 1548.1308967769146 4560.235956594348 9832.5042337179184 5950.702345713973 8324.0486833304167 12820.961968824267 9451.158678740263 22387.137143716216 20329.105828434229 1114.928870677948 7312.5491901785135 4625.6176397651434 18163.442017272115 1132.6297105848789 3856.3169961422682 6225.8735706210136 1495.0507282018661 614.48762053251266 8882.4568874761462 5757.5292780920863 3997.8855732232332 8438.424511179328 521.58177341520786 19436.988798081875 3617.5167982280254 261.6571429669857 737.84668529033661 12774.644198298454 76756.635718092322 11294.397180944681 3475.7498216480017 299.85133135318756 4537.784532815218 319.77968238294125 4859.9955906271935 26506.264221400023 5673.6903725415468 4711.1273764669895 32476.377632603049 2222.4743244796991 342.9841273277998
leaf_count=247617 24811 18237 40865 58434 146031 15318 166199 826 40303 135910 196335 161454 44541 81214 127046 144951 23351 2041 32313 48305 63925 6471 23336 56531 28663 35963 55885 48796 91433 94541 5041 31853 20875 78478 4772 15955 26859 6646 2421 53221 36059 23941 48227 2338 78114 18738 1161 3208 56326 313700 61559 17373 1451 28561 1328 20145 114175 25147 20408 141553 9911 1522
internal_value=-9.31687e-05 -0.0151674 0.0263101 -0.0323586 -0.00460793 -0.0233733 0.043619 -0.00239781 0.0149125 0.0359727 -0.0175321 0.0118987 -0.0255649 -0.0486155 -0.0420174 0.00228424 0.0262417 -0.03846 0.0309803 -0.00892481 -0.0339589 0.000158084 -0.00868705 0.0558164 -0.0166245 0.0172429 0.0155633 -0.0187572 0.0131224 -0.0109285 -0.0233848 -0.00698707 -0.018004 0.0231275 0.0179831 0.0163504 0.020857 0.0239388 0.00620243 -0.0243492 -0.040792 0.0485729 0.051951 -0.0233848 0.00132032 -0.0193801 0.000950454 0.00620243 0.0197999 0.00246974 -0.0233848 -0.0233848 -0.0178332 -0.0403528 -0.00513334 0.0206314 -0.00614221 -0.00614221 -0.0127704 -0.00809178 -0.0154493 -0.00632118
internal_weight=716691 456223 260468 173598 282625 111805 103415 255664 157053 63569 80600.5 124054 26961.1 61792.8 30447 148873 32999.6 31204.5 48437.7 106791 23228.2 112513 32096.4 39845.8 21470.4 64003.2 54747 18633 41926 28506.9 11102.9 85321 6075.57 28199.6 19538.9 18406.2 14549.9 20967.7 60050.4 9282.24 8328.15 13830.4 15131.3 5147.2 20051.5 8177.75 1376.59 928.369 14269.7 78304.8 48504.2 9726.3 6250.55 13946 34208.4 23023.4 79245.5 67221.8 12023.7 40715.5 7896.16 32819.4
internal_count=3532712 2305810 1226902 1071886 1233924 616009 566958 1086291 659944 320287 409827 513159 147633 455877 208260 612481 146785 206182 231195 473810 147748 466450 151933 246671 101994 271170 230867 93337 174982 136615 53689 371816 27247 121974 83549 78777 62822 95285 241989 55262 54296 80472 89092 23213 80535 42074 6202 4034 62972 320171 257894 47487 30114 92486 146279 98623 344569 292308 52261 178133 35058 143075
is_linear=0
shrinkage=0.05


Tree=23
num_leaves=63
num_cat=0
split_feature=0 0 0 1 1 0 0 9 1 1 9 8 0 1 8 1 0 1 8 8 1 1 9 9 8 1 1 9 1 9 1 9 11 9 1 9 10 10 10 10 11 9 9 11 8 9 11 9 9 8 8 11 1 11 9 10 9 10 10 9 8 10
split_gain=103958 30940.4 19423.9 9916.7 5025.59 3924.99 3799.98 2990.66 2005.27 1998.97 1568.94 1498.03 974.606 828.523 810.681 808.09 718 618.064 583.709 578.44 529.857 456.27 454.228 457.571 407.887 405.996 399.717 376.604 373.652 368.195 357.005 350.786 417.526 312.35 282.285 272.349 271.659 640.46 342.988 596.576 340.875 309.189 453.567 350.323 283.188 512.98 325.86 295.042 485.96 247.636 236.64 233.915 231.639 268.271 265.691 411.589 311.858 220.873 220.156 219.355 285.379 213.691
threshold=1.0000000180025095e-35 -1.0000000180025095e-35 1.5000000000000002 1260.5000000000002 502.50000000000006 2.5000000000000004 -1.4999999999999998 0.33322560787200933 360.50000000000006 780.50000000000011 0.34226986765861517 0.44098128378391271 -1.4999999999999998 1729.5000000000002 0.35287474095821386 540.50000000000011 -2.4999999999999996 90.500000000000014 0.45149688422679907 0.57808911800384533 1669.5000000000002 1459.5000000000002 0.26678894460201269 0.21753472089767459 0.30652734637260443 2717.5000000000005 1250.5000000000002 0.25309312343597418 60.500000000000007 0.34384369850158697 1280.5000000000002 0.32093408703804022 0.54921168088912975 0.33563746511936193 360.50000000000006 0.26267747581005102 0.22919906675815585 0.21738760173320773 0.22273061424493792 0.2257240638136864 0.53859612345695507 0.25717833638191229 0.30915527045726782 0.29403549432754522 0.43628826737403875 0.30770036578178411 -0.017492477782070633 0.29361659288406378 0.28810557723045355 0.40625980496406561 0.49880145490169531 1.1085497140884402 980.50000000000011 0.051492474973201759 0.52515390515327465 0.23346950113773349 0.54747599363327037 0.19427843391895297 0.2233121916651726 0.43672624230384832 0.34916566312313085 0.2233121916651726
decision_type=2 2 2 2 2 2 2 2 2 2 2 2 2 2 2 2 2 2 2 2 2 2 2 2 2 2 2 2 2 2 2 2 2 2 2 2 2 2 2 2 2 2 2 2 2 2 2 2 2 2 2 2 2 2 2 2 2 2 2 2 2 2
left_child=1 3 8 12 17 9 16 13 28 34 22 25 -1 57 52 -14 -5 -3 -18 36 -11 -7 61 -17 51 -8 -16 -13 -2 -26 59 -24 -33 -34 -4 -29 37 41 -39 40 -40 43 -43 -15 -38 46 -46 48 50 -25 -48 53 -9 54 55 -12 -56 -6 -28 60 -31 -10
right_child=2 4 5 6 7 21 11 14 10 20 24 27 15 19 26 23 18 -19 -20 -21 -22 -23 31 49 29 -27 58 35 -30 30 -32 32 33 -35 -36 -37 44 38 39 -41 -42 42 -44 -45 45 -47 47 -49 -50 -51 -52 -53 -54 -55 56 -57 -58 -59 -60 -61 -62 -63
leaf_value=-0.054510388561260718 0.050788702500937533 -0.052496514476631576 0.058521029403618488 -0.050518784477119882 0.0091243701718305929 0.058521029403618488 -0.026040236737038681 -0.026268401021080318 0.024304330887768181 0.035568010019412996 -0.012486915004012129 -0.0049416764882167256 -0.052985752663654677 0.010254043708327562 -0.014041256135764674 -0.0049416764882167256 -0.038941572214591595 -0.027061618138794437 -0.022278553719844999 0.013879449582599401 0.024971138217952035 0.046615657875630975 0.013879449582599401 -0.043841505359328847 -0.0039997266248584847 -0.01598342236510903 -0.010040349329665311 -0.022278553719844999 0.029929556792956044 -0.0074960234367538294 0.0068525631316757978 0.024971138217952035 0.016713085544292308 -0.0039997266248584847 0.044611876038060293 -0.010996681526237173 0.01044526437864304 0.013879449582599401 -0.0049416764882167256 0.013327632355774817 0.013879449582599401 -0.0049416764882167256 0.013879449582599401 -0.0049416764882167256 -0.0049416764882167256 -0.010707418180215594 0.013879449582599401 0.013879449582599401 -0.010996681526237173 -0.031946827275756394 -0.0049416764882167256 0.024971138217952035 -0.012486915004012129 -0.012486915004012129 0.024971138217952035 0.024971138217952035 -0.0022959254021027021 -0.0049416764882167256 -0.0039997266248584847 0.03200635875185167 0.016401920008151032 0.013879449582599401
leaf_weight=29469.92749261111 2063.2463504374027 2934.3823584914207 6468.3466131687164 7942.0265594050288 2789.9841466844082 26896.553878828883 31515.60417406261 3291.1716955453157 23760.06178689003 21256.344532832503 2682.0545354038477 10659.414979323745 10080.025365747511 9773.6861175894737 11339.337772414088 959.72426112741232 14951.984010525048 12862.470141202211 8112.4880952611566 14665.594841912389 26542.521809846163 11526.164696827531 36363.326997026801 7903.6479499861598 1183.8228481709957 14734.061616659164 15083.130622804165 2185.8773898184299 9712.7260137945414 1410.9410441666842 40059.958559900522 11895.639449104667 3039.1973827779293 1466.1998780220747 8196.9980984181166 21626.326157897711 4806.6220441609621 13494.130638495088 6366.0302187055349 9558.6640575528145 695.00143541395664 12444.587163507938 2431.4690377563238 3394.7621327638626 4872.5585238784552 11335.682192981243 2736.8565930277109 4299.8883725404739 1060.8072464764118 9849.7164264321327 1149.2664748579264 482.72918036580086 41458.244560703635 3798.8671724200249 719.6915458291769 531.14344248175621 1182.3739300370216 25760.936615735292 63530.925052151084 1877.304765984416 10863.599097177386 3268.8726877272129
leaf_count=242167 11343 21534 40922 60385 11425 177301 173002 16340 104690 106154 10898 47611 81088 39205 53911 5320 101668 73455 48694 58784 124886 68659 150707 53056 4753 77099 65948 11114 46038 5725 161233 51328 13564 5993 48035 106259 19630 55264 25774 39003 2842 51483 10019 13874 19908 45910 11138 17591 4335 63668 4621 1914 190927 15271 2902 2110 4844 111742 270512 7548 44546 14052
internal_value=-0.000104076 -0.0145421 0.0252714 -0.0313928 -0.00438925 0.0423758 -0.0226716 -0.00276401 0.0142352 0.0346399 0.0126191 -0.0169563 -0.0481162 0.00259563 -0.00800163 -0.04157 -0.0375497 -0.0317894 -0.0330819 0.00468321 0.0296843 0.0549509 0.0173125 -0.0354183 0.00683887 -0.0228368 -0.00526568 -0.00906626 0.0340753 0.00847277 0.0092645 0.0146119 0.0213094 0.0138794 0.0507887 -0.012952 0.00315776 0.00515689 0.0102203 0.00516953 -0.00494168 -0.000280267 -0.00521958 0.00529952 -0.000684304 -0.0027862 0.00357362 0.00915828 6.74248e-05 -0.0372444 0.0106458 -0.00279305 -0.0135011 -0.00466422 0.00293222 -0.00583499 0.0177381 -0.00494168 -0.00399973 0.016091 0.0136545 0.0225837
internal_weight=709376 452127 257249 169991 282136 100887 111728 266339 156362 62464.2 144586 80721.3 58263 131637 134703 28793.1 31006.5 15796.9 23064.5 103086 47798.9 38422.7 79793.3 18713.1 64792.5 46249.7 89953.4 34471.6 11776 55395.6 54211.8 52764.4 16401 4505.4 14665.3 23812.2 88420 58158.3 30113.8 16619.7 7061.03 28044.5 14876.1 13168.4 30261.7 25455.1 14119.4 9246.82 4946.93 17753.4 3886.12 9396.86 44749.4 8914.13 5115.26 3213.2 1902.07 28550.9 78614.1 14151.8 12274.5 27028.9
internal_count=3531722 2306306 1225416 1071131 1235175 565957 625832 1140186 659459 319997 602078 415085 445299 542548 597638 203132 210747 94989 150362 419381 231040 245960 340334 122044 261744 250101 390371 164984 57381 223805 219052 221592 70885 19557 88957 117373 360597 237464 122883 67619 28616 114581 61502 53079 123133 103503 57593 37685 20094 116724 15759 37939 207267 36025 20754 13008 7746 123167 336460 57819 50271 118742
is_linear=0
shrinkage=0.05


Tree=24
num_leaves=63
num_cat=0
split_feature=0 0 0 1 1 0 9 0 1 1 1 0 9 9 1 9 9 1 1 9 1 9 1 8 9 1 1 9 0 1 8 10 9 8 10 10 8 10 10 10 9 0 9 9 10 9 1 12 9 10 10 10 9 8 10 10 10 8 8 1 10 8
split_gain=94910.4 28812.8 18534 9504.58 4651.87 3901.27 2748.41 2609.19 2053.34 1953.11 1770.12 1710.06 1253.25 1192.22 793.795 748.383 699.594 678.881 578.078 534.956 503.319 501.375 471.46 444.586 385.857 377.901 362.437 322.88 351.953 308.849 304.529 303.909 301.043 280.052 374.959 426.536 283.93 291.549 272.533 290.65 269.225 284.141 261.341 318.548 232.032 222.756 222.235 241.601 237.951 220.27 334.323 219.796 213.715 210.009 212.303 213.485 204.742 204.47 203.663 195.528 190.932 430.144
threshold=1.0000000180025095e-35 -1.0000000180025095e-35 1.5000000000000002 1819.5000000000002 451.50000000000006 2.5000000000000004 0.33322560787200933 -1.4999999999999998 901.50000000000011 540.50000000000011 750.50000000000011 -1.4999999999999998 0.33563746511936193 0.34619495272636419 1800.5000000000002 0.3380760401487351 0.45885890722274786 90.500000000000014 1290.5000000000002 0.32093408703804022 90.500000000000014 0.25309312343597418 1080.5000000000002 0.57808911800384533 0.19466029852628711 831.50000000000011 1580.5000000000002 0.3159004300832749 -2.4999999999999996 1758.5000000000002 0.50110575556755077 0.22022562474012378 0.26678894460201269 0.34756815433502203 0.22545928508043292 0.21097603440284732 0.42881587147712713 0.21752139925956729 0.22638466209173205 0.22742586582899096 0.20178101211786273 -2.4999999999999996 0.46828548610210424 0.44970461726188665 0.19427843391895297 0.31948421895504003 382.50000000000006 5.5000000000000009 0.31268626451492315 0.22844710946083072 0.23832755535840991 0.22844710946083072 0.3534794300794602 0.24668355286121371 0.22218484431505206 0.228565588593483 0.24326356500387195 0.30652734637260443 0.42460070550441747 1080.5000000000002 0.21752139925956729 0.5077456831932069
decision_type=2 2 2 2 2 2 2 2 2 2 2 2 2 2 2 2 2 2 2 2 2 2 2 2 2 2 2 2 2 2 2 2 2 2 2 2 2 2 2 2 2 2 2 2 2 2 2 2 2 2 2 2 2 2 2 2 2 2 2 2 2 2
left_child=1 3 8 7 20 9 14 25 17 -4 46 19 24 21 44 29 18 -2 -8 40 -3 -13 -7 -16 -10 -1 56 30 -27 -11 -26 -23 -19 34 35 -14 37 -35 -39 -40 -5 -42 43 -36 -6 48 -9 -47 60 -29 -51 -32 -38 -15 -55 -56 -17 -34 -52 -12 -46 -62
right_child=2 4 5 11 6 22 16 10 12 15 59 13 33 53 23 26 -18 32 -20 -21 -22 31 -24 -25 27 28 -28 49 -30 -31 51 -33 57 36 42 -37 52 38 39 -41 41 -43 -44 -45 45 47 -48 -49 -50 50 58 -53 -54 54 55 -57 -58 -59 -60 -61 61 -63
leaf_value=-0.056530423323773685 0.048043109226067283 -0.048625242400536783 0.054025276590258277 0.0029272965959350034 0.0083351995669921405 0.059161948390085296 -0.015059621536675467 -0.055182753904420956 0.028970472596511157 0.039777505077944919 -0.03426924194352305 0.0029272965959350034 -0.004742398323942981 -0.037719870975277695 0.0031667854030979128 0.027342261197878318 -0.015870458423881226 0.033053704150460515 -0.004742398323942981 -0.037719870975277695 -0.027586403438618678 -0.01998025431446283 0.047818944976081246 0.012693550194294632 0.0083351995669921405 -0.05513683067648463 0.016914697797289401 0.029507197370514673 -0.041796959887183807 0.029507197370514673 0.015260161461656123 -0.007687005792872412 0.0083351995669921405 -0.004742398323942981 -0.004742398323942981 0.014044263702688893 -0.004742398323942981 0.016914697797289401 -0.004742398323942981 0.0090529747592327965 -0.046970643010987273 -0.01998025431446283 -0.015870458423881226 0.016914697797289401 -0.011504339396301362 0.0083351995669921405 -0.042611997202564325 -0.026475370406024878 -0.023062144717002863 0.012693550194294632 0.0083351995669921405 0.029507197370514673 0.016914697797289401 -0.015870458423881226 -0.031240530900707809 -0.020060805900386378 0.047818944976081246 0.02146416710548087 0.029507197370514673 -0.026475370406024878 -0.0068868575193453815 0.015260161461656123
leaf_weight=18829.207093238831 2837.6351716816425 2811.4180543273687 9492.1291733235121 549.65584072470665 3052.1005925387144 20272.376832164824 15784.816137105227 6764.0068794414401 4882.7702953070402 15889.481167331338 8476.4002195298672 8402.1252651959658 2667.4412005245686 1338.4047621041536 86567.648647755384 9079.1543518006802 22339.914339378476 5460.4791003614664 97043.724414348602 12033.690180875361 11109.203855797648 6994.3152201324701 16786.969901517034 14263.471263617277 23079.057935655117 7910.9049854949117 12434.067258447409 5036.7466215491295 13270.06921235472 13611.506626710296 21697.243321359158 17317.867940366268 1958.5777926892042 2220.9745993614197 5144.0057298988104 6913.4857277721167 3687.2592585980892 7890.9097532629967 1389.0955203920603 26679.684189006686 1062.114718914032 4964.5497193783522 1593.126767411828 1728.3166176229715 9596.4794138967991 3653.2847802340984 7384.4024268239737 544.65751656889915 2317.4582084566355 4941.7158440649509 640.05289559066296 1041.2324684113264 135.12425911426544 7264.7217723727226 5986.6025954335928 14939.138955175877 945.30304464697838 22296.032769218087 2014.0085800886154 23369.648485600948 9759.1328745782375 2559.1558706313372
leaf_count=161624 15756 21386 61285 2738 12536 140261 75678 56522 21681 84749 54911 36637 10807 7434 352786 46158 107892 25377 418732 83093 65269 34340 105195 57240 94465 65460 55428 22822 103016 67757 94244 84794 8188 9036 20581 27644 15083 31949 5534 107544 8240 28875 6526 6877 41323 15799 57836 2467 10281 21381 2786 4566 557 39865 32481 79676 4755 97873 8749 134775 43125 10618
internal_value=-0.000155755 -0.0140001 0.0242339 -0.0304622 -0.00423878 0.0412118 -0.00277215 -0.0420327 0.013508 0.0334838 -0.0339086 -0.0181542 0.0105608 -0.0141778 0.00235055 0.0296724 -0.00778662 0.0246782 -0.00618591 -0.0314525 -0.0324175 -0.00778662 0.0540253 0.00451454 0.0154676 -0.0513708 0.0246782 0.0143391 -0.0467817 0.03504 0.0126936 -0.0112405 0.0224454 0.0053855 0.000176168 0.00723248 0.00762361 0.00892575 0.0100436 0.00770779 -0.0199803 -0.0232313 -0.0047424 -0.00263695 -0.0045802 -0.00598681 -0.0486252 0.00464617 -0.00778662 0.0214363 0.0160561 0.0164887 -0.0047424 -0.0214626 -0.0205292 -0.0232605 0.0296951 0.0200559 0.0295072 -0.027369 -0.00621709 -0.0020975
internal_weight=702706 448260 254446 166858 281402 98511 267482 86004.6 155935 61451.6 45994.5 80853.2 123382 62243.2 132313 51959.5 135168 32552.7 112829 18610 13920.6 32714.3 37059.3 100831 63332.8 40010.2 22458.5 58450.1 21181 29501 45817.5 24312.2 29715.1 60049.4 18046.4 9580.93 42003 38180.7 35959.7 28068.8 6576.32 6026.66 8465.45 6872.32 31482.3 28430.2 14148.4 4197.94 24232.2 12632.5 7595.78 22738.5 3822.38 29528.9 28190.5 20925.7 10024.5 24254.6 2654.06 31846 21914.8 12318.3
internal_count=3533063 2307449 1225614 1072317 1235132 565588 1148477 634144 660026 320132 304044 438173 512832 315227 546175 258847 602302 147194 494410 122946 86655 155771 245456 410026 270694 330100 106341 249013 168476 152506 193275 119134 131438 242138 72435 38451 169703 154063 145027 113078 39853 37115 33984 27458 136149 123613 114358 18266 105347 55738 32916 98810 15640 159456 152022 112157 50913 106061 11535 189686 95066 53743
is_linear=0
shrinkage=0.05


Tree=25
num_leaves=63
num_cat=0
split_feature=0 0 0 1 1 0 0 8 1 1 8 1 8 0 1 0 8 1 10 8 8 1 1 1 8 8 8 8 8 8 8 11 1 11 11 10 10 8 10 8 8 1 10 11 12 10 10 8 10 8 1 8 8 10 8 8 8 8 10 8 12 10
split_gain=86619.4 26601.5 17771.5 9391.4 4312.04 3829.91 3482.21 2389.15 1955.66 1797.7 1260.54 1128.12 1094.04 961.54 822.991 703.035 698.369 683.394 538.958 521.571 520.191 516.134 514.39 480.251 467.659 463.567 429.591 473.509 371.849 476.079 330.159 312.665 309.108 332.303 299.463 348.832 426.82 306.579 290.393 287.779 338.103 274.388 273.219 270.867 269.303 256.157 471.701 394.624 255.128 254.216 252.349 247.197 248.894 242.108 463.273 234.309 233.487 218.347 215.932 411.259 349.291 326.592
threshold=1.0000000180025095e-35 -1.0000000180025095e-35 1.5000000000000002 1290.5000000000002 451.50000000000006 2.5000000000000004 -1.4999999999999998 0.42247545719146734 682.50000000000011 930.50000000000011 0.45149688422679907 630.50000000000011 0.39419347047805792 -1.4999999999999998 1380.5000000000002 -2.4999999999999996 0.35430321097373968 152.50000000000003 0.21787931025028232 0.5077456831932069 0.45149688422679907 90.500000000000014 1789.5000000000002 1101.5000000000002 0.5077456831932069 0.49985919892787939 0.5077456831932069 0.40150643885135656 0.51051765680313121 0.51510196924209606 0.37921610474586492 0.16720794141292575 2118.5000000000005 0.12011427804827692 -0.031407041475176804 0.23531123995780948 0.22796162217855456 0.41979065537452703 0.18845019489526751 0.47112825512886053 0.42793531715869909 1950.5000000000002 0.21066060662269595 0.40724173188209539 3.5000000000000004 0.24110610783100131 0.25001473724842077 0.40702675282955175 0.23628672212362292 0.30652734637260443 2340.5000000000005 0.52585986256599437 0.57808911800384533 0.23346950113773349 0.3365717232227326 0.37921610474586492 0.30652734637260443 0.41306217014789587 0.22545928508043292 0.31539092957973486 1.5000000000000002 0.22474194318056109
decision_type=2 2 2 2 2 2 2 2 2 2 2 2 2 2 2 2 2 2 2 2 2 2 2 2 2 2 2 2 2 2 2 2 2 2 2 2 2 2 2 2 2 2 2 2 2 2 2 2 2 2 2 2 2 2 2 2 2 2 2 2 2 2
left_child=1 3 9 11 21 8 15 16 -4 17 41 -1 -11 -13 -9 -5 31 -2 -18 25 -17 -3 30 -7 -15 39 27 -14 -21 -30 -10 53 33 -29 45 36 37 -36 -24 40 -16 -8 -22 -31 -41 47 -47 55 -49 -19 -38 -45 -53 58 -55 -20 -40 -52 61 -60 -61 -6
right_child=2 4 5 6 7 23 10 14 22 12 -12 13 26 24 19 20 18 49 34 28 42 -23 38 -25 -26 -27 -28 32 29 43 -32 -33 -34 -35 35 -37 50 -39 56 44 -42 -43 -44 51 -46 46 -48 48 -50 -51 57 52 -54 54 -56 -57 -58 -59 59 60 -62 -63
leaf_value=-0.05388912640189461 0.041171329610059149 -0.051049240743905079 0.050832970562733004 -0.049185918550505157 -0.011531007610002947 0.058413094927404263 -0.027465152411208657 -0.0071891459765994516 0.022188440766669065 0.0030000011974524983 -0.007326351805451394 -0.049453555650445832 0.02273379171550069 -0.035403437573365046 0.0074011241923282456 -0.036885542678348933 -0.020332453557432545 0.0026377395268810866 -0.0085851914824740076 0.018771937405672356 -0.007326351805451394 -0.026610706148933384 0.046776808160981093 0.046776808160981093 -0.013307347291150002 -0.007326351805451394 0.018771937405672356 0.02067508910249688 -0.007326351805451394 0.0098615276039791099 0.036036030950251555 -0.019743590291337973 0.0074011241923282456 0.0091753323981859491 0.0030000011974524983 0.0030000011974524983 -0.020332453557432545 -0.020332453557432545 0.0030000011974524983 0.0074011241923282456 -0.0017402541094014607 -0.020332453557432545 -0.027026556926884396 0.018771937405672356 -0.007326351805451394 -0.020332453557432545 0.0030000011974524983 -0.020332453557432545 0.0030000011974524983 0.021559681007404331 -0.0021131832209819483 -0.007326351805451394 0.007015671134475353 0.0026377395268810866 -0.017495658420799871 0.0030000011974524983 0.02273379171550069 -0.020332453557432545 -0.020332453557432545 0.0026377395268810866 -0.020332453557432545 0.0026377395268810866
leaf_weight=25157.943291604519 4546.25276504457 2692.0709284991026 11759.41106466949 7156.715553201735 17325.642251372337 19687.339737266302 13490.483621194959 22548.906750813127 5503.4005901515484 37735.226908013225 30384.316183626652 13716.069456845522 3690.2279158383608 14111.310567863286 5890.2186321020126 14000.208285622299 4028.0000914931297 1899.8701559305191 6344.6294507682323 1862.5498523265123 2409.625112362206 10966.25953155756 1117.1226667761803 16201.046652838588 2885.9739340543747 5351.988955527544 24800.469557330012 10517.734114721417 2931.5192462652922 32616.340320199728 19864.10932213068 11868.711625337601 29728.77321010828 15604.373655810952 9597.0288775116205 19624.87564907968 4713.8962672352791 465.37095563113689 1282.1618491411209 21103.148566186428 45319.556119784713 34669.76918438077 5392.3634948059916 1019.5959034264088 1671.6000657975674 5298.6575605273247 668.06486809253693 4353.2924569696188 1135.0449543893337 27081.94351695478 6540.276105672121 4150.1514762043953 3729.5402556657791 4306.5697446912527 3353.6155823469162 8795.3945819437504 20848.624406248331 1526.4122710824013 3057.5649612694979 3312.0940359830856 1813.0811990499496 643.40281844139099
leaf_count=221398 24988 21191 76655 58193 82378 141630 78222 100434 27072 152008 145646 120796 14973 95452 24485 99943 18469 7853 27742 7692 14131 65407 5522 104412 17629 22070 109371 43827 12054 131330 104704 55817 123169 65188 42282 84222 21544 2099 5600 86817 186712 186024 33737 4122 7148 23001 2705 19190 4878 119547 28078 17059 14797 18909 15255 38707 100109 6490 15387 14726 8255 3039
internal_value=-8.20027e-05 -0.0133685 0.0233397 -0.0294083 -0.00403027 0.0402256 -0.0207658 -0.00262831 0.0325353 0.0128932 -0.0153013 -0.046037 0.0100766 -0.0396036 0.00160619 -0.0355858 -0.0079118 0.023148 -0.00488066 0.00318468 -0.0311194 -0.031431 0.0281084 0.0531616 -0.0316527 0.000723427 0.0132427 0.0109393 0.00740112 0.00629652 0.0330328 -0.0127615 0.00971436 0.0138062 -0.00383402 -0.00122847 -0.00545081 0.00225177 0.0227338 0.00190139 -0.000178238 -0.0203325 -0.0207691 0.00775198 0.0065773 -0.00799444 -0.0171178 -0.00535484 -0.0168396 0.0203194 -0.0115149 2.01227e-05 -0.00303603 -0.0103102 -0.00249224 -0.00119071 0.0227338 -0.00613999 -0.0126 -0.0193327 -0.00611118 -0.00953311
internal_weight=695868 444000 251868 163375 280625 96263.2 107503 266967 60374.8 155605 78544.6 55871.3 122077 30713.4 148195 28958.9 118772 33528.1 73090.9 125646 21802.2 13658.3 48615.4 35888.4 16997.3 79336.5 84341.6 59541.1 46309.7 44447.1 25367.5 45680.7 55850.9 26122.1 69062.9 42467.9 22843 10062.4 23247.9 73984.5 51209.8 48160.3 7801.99 41515.6 22774.7 26595.1 5966.72 20628.4 5488.34 28981.8 12780.6 8899.29 7879.69 33812 7660.19 15140 22130.8 8066.69 26151.8 8182.74 5125.18 17969
internal_count=3532290 2305662 1226628 1071171 1234491 565704 615896 1147893 319662 660924 409892 455275 508536 233877 614720 206004 533173 152388 319407 514286 147811 86598 243007 246042 113081 327232 356528 247157 187054 179362 131776 213766 232184 109015 300938 184715 100493 44381 111231 305162 211197 264246 47868 167308 93965 116223 25706 90517 24068 127400 56112 35978 31856 157949 34164 66449 105709 34568 123785 38368 22981 85417
is_linear=0
shrinkage=0.05


Tree=26
num_leaves=63
num_cat=0
split_feature=0 0 0 1 1 0 0 9 1 1 8 9 0 1 0 1 9 8 9 1 9 1 1 9 8 10 9 9 10 10 9 1 0 10 1 1 1 9 8 8 8 10 9 10 8 8 9 9 9 8 10 11 10 10 8 1 8 1 1 9 10 10
split_gain=78334.8 24802.9 16890.7 9325.75 3961.28 3903.1 3507.65 2279.96 1895.1 1669.5 1350.41 1186.17 1043.25 851.602 723.784 685.556 661.344 627.118 534.057 498.305 490.604 481.548 452.287 409.119 372.67 321.096 315.241 308.562 351.746 314.845 289.858 295.069 288.703 285.651 275.176 271.991 259.902 251.575 244.232 268.809 421.461 292.892 242.397 234.093 274.578 227.957 215.809 461.266 265.025 329.428 290.813 354.006 274.328 270.312 218.266 214.777 208.082 197.181 190.711 190.585 185.519 386.042
threshold=1.0000000180025095e-35 -1.0000000180025095e-35 1.5000000000000002 1250.5000000000002 451.50000000000006 2.5000000000000004 -1.4999999999999998 0.33322560787200933 750.50000000000011 510.50000000000006 0.44098128378391271 0.34226986765861517 -1.4999999999999998 482.50000000000006 -2.4999999999999996 2629.5000000000005 0.3380760401487351 0.35430321097373968 0.32093408703804022 90.500000000000014 0.21753472089767459 1340.5000000000002 60.500000000000007 0.25309312343597418 0.56662777066230785 0.22401636093854907 0.19466029852628711 0.40693396329879766 0.22516405582427981 0.25297999382019049 0.44099158048629766 2688.5000000000005 3.5000000000000004 0.24110610783100131 1740.5000000000002 951.50000000000011 420.50000000000006 0.26267747581005102 0.30652734637260443 0.32536515593528753 0.34756815433502203 0.25297999382019049 0.26678894460201269 0.19427843391895297 0.66708189249038707 0.40625980496406561 0.34546682238578802 0.33949495851993566 0.36557076871395117 0.39419347047805792 0.23531123995780948 0.036138294264674194 0.23683736473321917 0.22892133146524432 0.43628826737403875 1770.5000000000002 0.44325809180736547 980.50000000000011 2370.5000000000005 0.26811902225017553 0.23465987294912341 0.24160283803939822
decision_type=2 2 2 2 2 2 2 2 2 2 2 2 2 2 2 2 2 2 2 2 2 2 2 2 2 2 2 2 2 2 2 2 2 2 2 2 2 2 2 2 2 2 2 2 2 2 2 2 2 2 2 2 2 2 2 2 2 2 2 2 2 2
left_child=1 3 9 12 19 8 14 15 36 22 30 26 -1 -14 -5 43 55 34 -16 -3 -15 -7 -2 -12 -17 56 -11 28 -27 35 31 -8 -23 -18 -9 -30 -4 -25 -13 -40 -41 -42 -24 44 -6 -22 47 54 -48 50 -50 52 -52 -51 60 -10 -19 -47 -20 -39 -37 -62
right_child=2 4 5 6 7 21 10 17 16 11 23 38 13 20 18 24 33 25 58 -21 45 32 42 37 -26 27 -28 -29 29 -31 -32 -33 -34 -35 -36 46 -38 59 39 40 41 -43 -44 -45 -46 57 48 -49 49 53 51 -53 -54 -55 -56 -57 -58 -59 -60 -61 61 -63
leaf_value=-0.052965306828721276 0.048263446393111982 -0.049877397258620691 0.05496455170416225 -0.048587088946561177 0.013680357032018392 0.056718470432434234 -0.020314186017413215 -0.018866253937879308 0.036374423642627253 0.026247775719870317 -0.0016146942459040277 -0.0023687602548616029 -0.052384003016779063 -0.0016146942459040277 -0.020314186017413215 0.0039311927582701264 0.01750699100641364 -0.010497492855749805 -0.040263393390981346 -0.025550670107932938 -0.041211264858124028 0.039486958181627188 0.037484130446377668 -0.020314186017413215 0.013558541389199628 0.0052580115243586918 0.013680357032018392 0.0052580115243586918 -0.016926886774085947 0.0052580115243586918 -0.027434031550170136 -0.011815879404404227 0.056587630623026512 0.034852985977158538 -0.0096656172596006548 -0.011815879404404227 0.040695345640525682 -0.0016146942459040277 0.01750699100641364 -0.0064907540974696379 0.0067953385354015934 0.034852985977158538 0.021074211569932031 -0.0016146942459040277 -0.0016146942459040277 -0.035646929085111793 -0.010497492855749805 0.0067953385354015934 -0.010497492855749805 -0.010497492855749805 0.0067953385354015934 0.0067953385354015934 -0.010497492855749805 0.0067953385354015934 0.0067953385354015934 0.027309445032901999 0.0067953385354015934 -0.021060566362641642 -0.027563222679967456 -0.010646030083399515 0.0067953385354015934 -0.011815879404404227
leaf_weight=25880.342060282826 1905.5443724840879 2617.1482163965702 6814.7497847378254 7258.6085757985711 4664.1585328578949 22483.319985210896 22589.971921749413 10606.005626618862 13083.027275398374 5369.7213152199984 10645.756404146552 8980.9542379677296 7998.6015538051724 954.62087620049715 8077.6545988768339 58065.7351654917 17694.599523693323 17360.958021149039 9554.8311559930444 10781.55379922688 7596.6588285565376 8701.8670949265361 2772.0483941137791 2140.8006267100573 12155.856490552425 2743.7490104734898 70637.71668343246 3097.7420950233936 4770.5651742219925 780.68650837242603 10847.749461650848 11498.085040152073 3457.2666778191924 2741.8286702036858 34783.213825508952 2369.3547329455614 6040.3202760368586 1170.3234857916832 4818.1999159902334 6435.3902134895325 41555.700407758355 417.80872093141079 11999.604635700583 56178.219797760248 1219.8902347236872 5591.3447789549828 17792.870103791356 6223.4352096021175 10866.818424209952 1471.4168940037489 1143.8842240273952 6225.0698562413454 6410.5794504582882 3003.8501568138599 782.64383882284164 13101.284146010876 928.41428439319134 3966.8321396484971 4296.033932313323 20198.142345786095 1594.5970020592213 1369.6244828850031
leaf_count=239252 11313 21354 47641 61358 19123 166731 128111 51595 71100 24271 47834 36252 72251 5590 50603 235964 83639 77682 72464 65275 55821 55727 13791 11130 48848 11848 302978 13497 23974 3128 62617 61222 23399 12998 161894 10015 37964 5648 19057 25990 168361 1673 56311 237484 4939 41315 77061 25969 47129 6309 4870 26720 27390 13017 3346 66784 3971 25670 29566 101148 6570 5731
internal_value=-8.04808e-05 -0.0127569 0.0223325 -0.0284432 -0.0037785 0.039038 -0.0200854 -0.00244524 0.0312661 0.0121814 -0.0146182 0.0103781 -0.0458495 -0.038794 -0.0348994 0.00221407 0.0265784 -0.00703371 -0.0303666 -0.0303057 -0.0327889 0.0523799 0.0271251 -0.00712401 0.00559792 -0.00459299 0.0145685 -0.00306428 -0.00389933 -0.00479071 -0.0203142 -0.0180477 0.0443535 0.0198358 -0.0118159 -0.00544255 0.0482634 -0.0109742 0.00525801 0.00654489 0.00542328 0.00725005 0.024156 -0.00161469 0.00835748 -0.0347418 -0.00451768 0.00136589 -0.0060652 -0.0031217 -0.00543662 -0.000568979 -0.00790359 0.00679534 -0.00895231 0.03184 -0.0104975 -0.0295961 -0.0363265 -0.0104975 -0.0118159 0.000776483
internal_weight=689285 440274 249011 160266 280008 94118.3 108278 266609 59475.8 154893 79090.8 138215 51988.4 26108.1 29187.1 132284 46620.7 134325 21928.5 13398.7 18109.5 34642.5 16677.2 34155 70221.6 88936.3 76007.4 70646.9 67549.1 64805.4 44935.8 34088.1 12159.1 20436.4 45389.2 64024.7 12855.1 23509.3 62208.1 53227.1 48408.9 41973.5 14771.7 62062.3 5884.05 17154.8 59254.1 12339.7 46914.5 29121.6 24646.4 13779.5 7554.46 4475.27 6116.22 26184.3 18289.4 9558.18 13850.9 21368.5 5333.58 2964.22
internal_count=3532283 2306303 1225980 1071600 1234703 565983 631701 1148074 320126 659997 417710 578582 439899 200647 213991 546358 234521 601716 152633 86629 128396 245857 81415 165760 284812 388227 327249 306574 293077 281229 251950 189333 79126 96637 213489 278101 85605 117926 251333 215081 196024 170034 70102 261546 24062 122806 254127 51631 202496 125435 106109 58980 32260 19326 25662 137884 81653 66985 102030 106796 22316 12301
is_linear=0
shrinkage=0.05


Tree=27
num_leaves=63
num_cat=0
split_feature=0 0 0 1 0 1 0 9 1 1 9 9 0 1 0 1 9 9 8 1 1 1 1 9 1 9 9 9 1 0 1 9 1 1 9 8 1 8 8 9 8 1 11 9 8 8 11 9 11 12 1 9 8 8 11 9 11 9 1 11 9 8
split_gain=71684.1 23247.7 15858.9 9136.14 3888.05 3649.65 3340.52 2082.56 1911.89 1585.26 1244.47 1140.83 1035.66 817.341 711.559 649.947 624.343 553.943 534.533 514.942 505.921 497.1 468.182 430.061 375.164 364.108 620.692 362.271 342.441 320.382 311.948 306.784 304.59 311.236 257.338 235.285 225.521 226.882 223.738 223.223 254.218 212.62 225.095 209.162 207.983 213.955 199.731 196.969 238.37 264.778 183.256 241.898 175.994 367.14 180.916 185.247 163.651 207.134 152.49 151.627 146.112 143.622
threshold=1.0000000180025095e-35 -1.0000000180025095e-35 1.5000000000000002 1250.5000000000002 2.5000000000000004 451.50000000000006 -1.4999999999999998 0.33322560787200933 801.50000000000011 307.50000000000006 0.34619495272636419 0.3340155184268952 -1.4999999999999998 482.50000000000006 -2.4999999999999996 1980.5000000000002 0.4151990413665772 0.45885890722274786 0.36753095686435705 1170.5000000000002 120.50000000000001 2177.5000000000005 1410.5000000000002 0.21753472089767459 1459.5000000000002 0.32093408703804022 0.26678894460201269 0.21273195743560794 1700.5000000000002 3.5000000000000004 2118.5000000000005 0.25309312343597418 472.50000000000006 50.500000000000007 0.4151990413665772 0.40625980496406561 1938.5000000000002 0.24668355286121371 0.46154439449310308 0.24495873600244525 0.55064404010772716 2070.5000000000005 0.66384690999984752 0.26267747581005102 0.4489418119192124 0.50657013058662426 0.04092128016054631 0.34165079891681677 0.56957179307937633 2.5000000000000004 930.50000000000011 0.31948421895504003 0.43135935068130499 0.35915148258209234 -0.058124108240008347 0.33949495851993566 -0.39941892027854914 0.22264148294925692 780.50000000000011 0.14369793981313708 0.20509092509746554 0.609165519475937
decision_type=2 2 2 2 2 2 2 2 2 2 2 2 2 2 2 2 2 2 2 2 2 2 2 2 2 2 2 2 2 2 2 2 2 2 2 2 2 2 2 2 2 2 2 2 2 2 2 2 2 2 2 2 2 2 2 2 2 2 2 2 2 2
left_child=1 3 9 12 8 20 14 15 32 33 21 25 58 -14 -5 39 28 22 -16 -6 -3 38 -9 -15 -13 26 -11 -17 -10 -21 -20 -23 -4 -2 52 -25 -12 -38 -8 40 -7 44 -43 -33 -28 46 -46 61 -27 -50 -37 -41 -26 -49 55 -54 -42 -58 -1 -36 -40 -30
right_child=2 5 4 6 19 7 10 17 16 11 36 24 13 23 18 27 -18 -19 30 29 -22 31 -24 35 34 48 41 -29 47 -31 -32 43 -34 -35 59 50 37 -39 60 51 56 42 -44 -45 45 -47 -48 53 49 -51 -52 -53 54 -55 -56 -57 57 -59 -60 -61 -62 -63
leaf_value=-0.055371763448429118 0.05284675979907906 -0.046474582252065313 0.053651225961734841 -0.047767467439487954 0.056874927047227658 0.0092443083773693542 -0.020663157507150916 -0.012617029502529742 0.032831493962642018 0.019282679101397471 -0.026866907317952167 0.010764617128957916 -0.051686229372485307 -0.0034534198764399299 -0.042104172331715962 0.012601335520763025 0.010764617128957916 -0.013936420608963286 -0.031732804469155322 0.039367903865200414 -0.023675178230300749 0.0031997474427671656 -0.0038369742256448231 -0.04068481104025562 0.0071407074995945181 0.026657854048022591 0.0031997474427671656 0.0031997474427671656 0.026657854048022591 0.055660103855577618 -0.020663157507150916 -0.020663157507150916 0.038460501411157956 0.027800623248238433 0.0032999012000085311 -0.035449224554449127 -0.039630046334165579 -0.017211908540290515 0.0013573918179150728 -0.0080079633596684772 0.0092443083773693542 0.0031997474427671656 0.018363754966595657 -0.00542188817204599 0.023834488735114429 0.0031997474427671656 0.012659386468688758 0.039367903865200414 0.0031997474427671656 0.026580040191010054 -0.021450125195897039 0.0031997474427671656 0.026657854048022591 0.012410105362255853 -0.0038369742256448231 -0.0038369742256448231 0.0013573918179150728 -0.012617029502529742 -0.047202073600396806 -0.0038369742256448231 -0.012774472555319183 0.039367903865200414
leaf_weight=15861.749019600451 1477.7578194439411 3225.8353142514825 7316.3964307531714 7050.3313971534371 19226.079997949302 1124.3858823925257 5590.4797301739454 18102.600534826517 17501.924212813377 26588.094885498285 10503.723817609251 23526.188916966319 7674.8815911635756 944.96356023102999 6013.1098661869764 11678.374008566141 6389.0213258713484 21961.509660348296 8251.5991652905941 9938.1395900174975 9919.2089146599174 6597.9288246780634 94129.18908585608 7395.3927515223622 30076.436910316348 7126.5995408147573 1498.4624231904745 83526.623199865222 13159.104865670204 4347.2827844172716 7199.7725063636899 1299.9599363654852 6040.8794028833508 7755.3603272736073 8872.5472396016121 4889.0597277134657 1180.8250641673803 25388.518448963761 1397.993434920907 22304.125749707222 1221.9759983420372 14413.97849111259 2740.7893129736185 17479.452544987202 5181.1919364929199 1773.2707619071007 10990.950258374214 567.62666583061218 1172.3187764436007 1485.754019588232 4493.4736513197422 4937.5319426506758 394.6369833946228 6227.2404969632626 1839.3550271093845 401.78894680738449 5080.5319027453661 2364.4634714871645 9025.5365486368537 7151.8376866728067 9147.3281230553985 1287.6806443929672
leaf_count=153902 9042 26612 52830 61767 149303 4588 31432 87158 93888 120001 63804 96947 72131 5538 45080 47079 29750 108014 60852 66168 59987 28652 407667 55871 121591 32468 6358 339639 67921 30872 46560 6513 38172 39319 35798 37508 6872 141098 6183 98091 4994 59363 11442 85768 21935 7638 46711 2577 5332 6771 29540 21363 1707 28312 7563 1636 20613 9884 85647 28637 47870 6605
internal_value=-4.66436e-05 -0.0122083 0.0215146 -0.0275793 0.0379487 -0.00355518 -0.0193245 -0.0022862 0.0301674 0.0117263 -0.0140051 0.010449 -0.0451603 -0.0380536 -0.0339839 0.0021669 0.0252486 -0.00667441 -0.0294544 0.0515285 -0.0292733 -0.00805877 -0.00525327 -0.0321475 0.0059957 0.0148588 0.0134686 0.00435312 0.0276367 0.0443294 -0.0245292 -0.00525327 0.0467846 0.0318145 0.00348677 -0.0340115 -0.0206632 -0.0182097 -0.0151155 -0.00345342 0.00302137 0.00924431 0.00518654 -0.00693905 0.0128239 0.0145722 0.0164883 0.0238345 0.0238345 0.0107295 -0.0287478 -0.00578065 0.00602961 0.0163302 -0.00383697 0.0124101 -0.00157601 -0.00345342 -0.052411 -0.00170425 -0.012617 0.0266579
internal_weight=683431 436962 246469 157386 92001.4 279576 107101 266431 58489.9 154467 78586.2 145234 50285.1 25397.8 28514.8 132238 45132.6 134193 21464.5 33511.5 13145 41513.1 112232 17722.9 72262.8 72971.4 63186.7 95205 38743.6 14285.4 15451.4 25377.3 13357.3 9233.12 48736.6 16777.9 37073.1 26569.3 16135.8 37033 9791.36 36598.6 17154.8 18779.4 19443.9 17945.4 16172.1 21241.7 9784.67 2658.07 9382.53 27241.7 32712.2 6794.87 2635.78 796.426 8666.97 7445 24887.3 16024.4 10545.3 14446.8
internal_count=3534934 2308277 1226657 1072588 566398 1235689 632451 1149090 320055 660259 418192 611898 440137 200588 214259 546251 229053 602839 152492 246343 86599 206418 494825 128457 293879 318019 273448 386718 199303 97040 107412 120933 91002 48361 196932 122919 211774 147970 85485 159533 40079 153447 70805 92281 82642 76284 68646 105415 44571 12103 67048 119454 132497 30889 10906 3343 35491 30497 239549 64435 54053 74526
is_linear=0
shrinkage=0.05


Tree=28
num_leaves=63
num_cat=0
split_feature=0 0 0 1 0 0 1 9 1 1 9 9 0 0 1 1 9 9 1 1 1 1 9 10 0 10 8 11 9 9 1 1 10 9 1 1 1 11 10 9 10 8 10 9 9 9 8 9 8 9 9 9 8 8 10 10 10 10 11 10 10 8
split_gain=65499.3 21419 15401.1 8685.23 3825.9 3499.59 3369.89 1953.79 1796.62 1477.73 1285 1032.94 872.452 777.916 721.781 658.86 563.442 513.99 512.85 470.964 458.538 437.866 429.26 354.769 346.876 344.019 340.759 328.599 320.634 313.676 309.452 295.984 294.275 271.829 267.78 264.943 253.061 237.988 229.726 228.004 223.648 217.933 212.912 356.799 242.69 367.137 216.437 211.886 210.967 205.444 193.878 193.036 184.65 183.146 174.801 231.123 248.03 222.033 274.983 200.481 440.039 371.566
threshold=1.0000000180025095e-35 -1.0000000180025095e-35 1.5000000000000002 1162.5000000000002 2.5000000000000004 -1.4999999999999998 420.50000000000006 0.3504349440336228 750.50000000000011 329.50000000000006 0.34619495272636419 0.34226986765861517 -1.4999999999999998 -2.4999999999999996 482.50000000000006 1608.5000000000002 0.3380760401487351 0.32093408703804022 1080.5000000000002 1850.5000000000002 2390.5000000000005 90.500000000000014 0.26416507363319403 0.23443890362977984 3.5000000000000004 0.22289190441370013 0.30878235399723059 -0.51530927419662464 0.19466029852628711 0.21753472089767459 1401.5000000000002 50.500000000000007 0.21066060662269595 0.35194084048271185 390.50000000000006 1040.5000000000002 1429.5000000000002 0.43313702940940862 0.2170238792896271 0.32093408703804022 0.22067216038703921 0.24668355286121371 0.21752139925956729 0.30191217362880712 0.32093408703804022 0.32445858418941503 0.42793531715869909 0.3302708119153977 0.42545528709888464 0.53810203075408947 0.21753472089767459 0.30284313857555395 0.47435149550437933 0.29441830515861517 0.24660515785217288 0.25297999382019049 0.25297999382019049 0.24268008023500445 -0.047598851844668381 0.23531123995780948 0.23291677981615069 0.39604650437831884
decision_type=2 2 2 2 2 2 2 2 2 2 2 2 2 2 2 2 2 2 2 2 2 2 2 2 2 2 2 2 2 2 2 2 2 2 2 2 2 2 2 2 2 2 2 2 2 2 2 2 2 2 2 2 2 2 2 2 2 2 2 2 2 2
left_child=1 3 9 12 8 13 21 15 34 31 20 28 -1 -5 -14 -8 47 32 -6 23 25 -3 37 49 -20 39 38 40 -11 -16 -13 -2 -15 -28 -4 -30 -18 -17 -21 -7 -12 -29 -24 -44 -45 -46 -47 50 -27 -9 -10 52 -50 -19 -38 -32 57 59 -59 60 -35 -62
right_child=2 6 4 5 18 10 7 19 16 11 27 30 14 17 29 22 36 53 24 26 -22 -23 42 -25 -26 48 33 41 35 -31 55 -33 -34 56 -36 -37 54 -39 -40 -41 -42 -43 43 44 45 46 -48 -49 51 -51 -52 -53 -54 -55 -56 -57 -58 58 -60 -61 61 -63
leaf_value=-0.052581945180084459 0.046539446754027942 -0.04849595107123468 0.054202925300629361 -0.047690831400156598 0.056751646036877393 -0.0052243718260630689 -0.0052243718260630689 -0.017941180856604219 0.037891809716396246 0.025341347291002958 -0.017941180856604219 0.010378920837602383 -0.051189138461733889 -0.006763734328359531 -0.0052243718260630689 0.0092372754628033231 0.026800693910054043 -0.047690831400156598 0.038991455333568667 -0.0059515939622523037 -0.0025883984654913542 -0.024664111944147915 -0.0025883984654913542 -0.0049295099317891999 0.055445176565024235 -0.0052243718260630689 -0.017941180856604219 -0.0349511106748066 0.018575794932943764 -0.033742935116526998 0.0028776719021615165 0.02483247571442207 -0.025454245168527324 -0.0024468714572390658 0.039278453553523947 0.011334990142076333 0.013534762244224464 -0.00079241944614490535 -0.017941180856604219 -0.029245363544483823 -0.034185404471656702 -0.017941180856604219 0.0073318086157253635 -0.0025883984654913542 0.011334990142076333 0.0028776719021615165 -0.0025883984654913542 0.038991455333568667 -0.0052243718260630689 0.0028776719021615165 0.026177396726592209 -0.025454245168527324 -0.020850563304852236 -0.034185404471656702 0.038991455333568667 0.026800693910054043 0.026800693910054043 -0.017941180856604219 -0.0039562047968191563 0.0025317694681152685 -0.017941180856604219 0.0028776719021615165
leaf_weight=21918.803863510489 1435.1331675648689 2423.9056749641895 5868.185728892684 7581.2776593193412 17347.224593602121 10024.784329280257 30969.143832802773 17977.012294992805 4335.7892411202192 5460.9023904651403 2643.1905608922243 19708.765969827771 7378.0037038102746 2469.5911647379398 782.24079670757055 31042.514110580087 6380.8084937781096 2006.0089838653803 10323.923615120351 6823.6479454189539 20989.605286851525 9429.3901466280222 14589.563960716128 9328.4685305953026 4658.0748456194997 1401.6737525761127 1444.2995393127203 1076.3493505269289 13791.492667421699 13696.770118191838 45116.087018892169 8154.7583894282579 5720.5046868696809 38576.254389241338 6199.9310741424561 59635.719613417983 13104.922276452184 7306.4156157821417 7197.3854666650295 1032.3343317359686 6177.1319905892015 28053.157497510314 22862.386304885149 18638.664115592837 3329.3228519707918 12232.111281022429 15115.482055470347 1773.1742429882288 976.10850176215172 1164.6280209422112 19204.673356816173 5430.8492122590542 2878.3599351346493 12012.693182222545 592.33241528272629 348.42661935091019 510.90011921525002 2771.7926927357912 5128.1955070644617 13965.118822082877 4271.8443213701248 1282.9845800548792
leaf_count=220124 9059 21212 44182 69435 140508 50854 137808 87561 23235 25132 16002 81067 72111 15461 4688 124898 33447 15423 71055 32863 99727 59556 60527 43172 34582 8145 6306 6574 62264 104409 181941 41669 38697 170782 41276 256439 60344 29517 36054 5947 36892 161687 93560 76044 13513 50535 62815 9578 5244 5831 104684 30332 15176 94417 2694 1405 2018 12175 22076 59991 18650 5557
internal_value=-6.33674e-05 -0.0117376 0.0206835 -0.0266834 0.037135 -0.0192145 -0.00345621 -0.00229602 0.0293923 0.0110697 -0.0138068 0.00980439 -0.0455311 -0.0338599 -0.0384582 0.00130499 0.0248325 -0.0291366 0.050895 -0.00738521 -0.00786018 -0.0295412 0.00292118 -0.0129255 0.0441105 -0.0129487 -0.00546086 -0.0205026 0.0136526 -0.0319678 0.00514622 0.0300738 -0.0191811 -0.00399638 0.0465394 0.012783 0.0185758 0.0073264 -0.0125575 -0.00676373 -0.0289588 -0.0179412 0.000974127 0.00216886 -0.000224756 0.00277431 0.000575235 0.0297942 -0.0191811 -0.0168218 0.0283365 -0.0221459 -0.0131376 -0.0349511 0.0147426 0.00287767 -0.0034877 -0.003759 -0.0116232 -0.00268944 -0.00434169 -0.0174977
internal_weight=676071 432631 243440 154249 89789 110474 278381 266528 57459.8 153651 80683.5 144061 43775.8 29790.1 21857 156086 45391.7 22208.8 32329.2 110443 42733.7 11853.3 125116 28470.1 14982 21744.1 81972.4 37949.8 78888.1 14479 65173.3 9589.89 8190.1 67951.4 12068.1 73427.2 20078.1 38348.9 14021 11057.1 8820.32 29129.5 86767.5 72178 49315.6 30676.9 27347.6 25313.6 10687 19141.6 23540.5 9285.32 3854.47 14018.7 13697.3 45464.5 66507.1 65996.2 7899.99 58096.2 44131.1 5554.83
internal_count=3528927 2304366 1224561 1071345 565585 670013 1233021 1152253 319440 658976 436580 608248 401332 233433 181208 649217 233982 163998 246145 503036 215425 80768 511409 136564 105637 115698 366472 221155 343835 109097 264413 50728 54158 297555 85458 318703 96485 154415 68917 56801 52894 168261 356994 296467 202907 126863 113350 137497 58897 93392 127919 50752 20420 109840 63038 183346 291249 289231 34251 254980 194989 24207
is_linear=0
shrinkage=0.05


Tree=29
num_leaves=63
num_cat=0
split_feature=0 0 0 1 0 0 0 1 1 9 1 9 1 9 9 1 1 9 1 9 1 9 9 9 9 8 9 1 1 1 1 9 9 11 9 8 8 1 1 8 11 9 1 11 11 8 9 9 1 8 8 5 8 8 11 9 8 9 8 9 9 11
split_gain=59548.9 20157.5 14301.2 7649.62 3961.89 3812.86 2418.16 2074.98 1802.73 1602.22 1423.81 1288.77 1107.75 957.691 646.469 605.201 538.116 522.08 471.893 471.159 386.46 350.621 348.679 381.722 339.905 344.672 309.815 306.083 304.756 302.919 298.055 293.625 309.604 296.675 289.637 338.68 252.452 219.076 270.908 215.054 230.541 214.393 217.67 208.548 213.721 201.678 200.777 266.194 197.902 196.078 247.009 191.869 183.404 205.661 178.808 174.519 171.15 164.03 163.048 161.019 155.08 219.474
threshold=1.0000000180025095e-35 -1.4999999999999998 1.5000000000000002 980.50000000000011 -1.0000000180025095e-35 2.5000000000000004 -1.0000000180025095e-35 1758.5000000000002 540.50000000000011 0.35653373599052435 329.50000000000006 0.32264570891857153 237.50000000000003 0.34226986765861517 0.3380760401487351 1999.5000000000002 1340.5000000000002 0.26416507363319403 482.50000000000006 0.20509092509746554 892.50000000000011 0.26416507363319403 0.44970461726188665 0.36557076871395117 0.37613216042518621 0.40702675282955175 0.37882085144519811 50.500000000000007 2539.5000000000005 1530.5000000000002 1980.5000000000002 0.26678894460201269 0.3159004300832749 1.1579905152320864 0.3879420012235642 0.33260269463062292 0.27788905799388891 2490.5000000000005 1880.5000000000002 0.35169780254364019 -0.21516663581132886 0.4768217951059342 1290.5000000000002 -0.29511401057243342 0.88146960735321056 0.40256786346435552 0.32579620182514196 0.34619495272636419 80.500000000000014 0.36406168341636663 0.36890326440334326 1.0000000180025095e-35 0.50657013058662426 0.45320136845111852 -0.34846766293048853 0.39969487488269811 0.46154439449310308 0.38902904093265539 0.35287474095821386 0.34726093709468847 0.33322560787200933 0.59266486763954174
decision_type=2 2 2 2 2 2 2 2 2 2 2 2 2 2 2 2 2 2 2 2 2 2 2 2 2 2 2 2 2 2 2 2 2 2 2 2 2 2 2 2 2 2 2 2 2 2 2 2 2 2 2 2 2 2 2 2 2 2 2 2 2 2
left_child=1 7 10 6 11 8 18 20 -4 17 27 19 48 31 28 -13 -7 -6 -3 33 -1 -14 23 -11 25 -25 -26 -2 43 -16 56 -12 38 -5 45 -36 -17 -19 52 54 -41 42 59 -10 -40 -28 -38 -48 -8 58 -51 55 53 -33 -37 -23 -21 -52 -42 -15 -34 -62
right_child=2 3 5 4 9 16 12 -9 14 22 13 15 21 41 29 36 -18 37 -20 30 -22 51 -24 24 26 -27 34 -29 -30 -31 -32 32 60 -35 35 39 46 -39 44 40 49 -43 -44 -45 -46 -47 47 -49 -50 50 57 -53 -54 -55 -56 -57 -58 -59 -60 -61 61 -63
leaf_value=-0.053940022450231495 0.049967201014743799 -0.048569429701871898 0.049967201014743799 0.0064720014964335911 0.0064720014964335911 0.054880725855921686 -0.048569429701871898 -0.027301753023010744 0.041163557929547352 -0.013914666095898502 0.017410886917456667 -0.026174818009719127 -0.0016539502698548762 -0.0027811752449632987 0.025103750732944598 -0.027301753023010744 0.041163557929547352 -0.0028925228204092781 -0.033623633323569879 -0.027301753023010744 -0.042993084767555714 -0.014602274765628868 -0.011689619458619431 0.0049039268884786061 -0.014769480220212731 -0.014769480220212731 0.0049039268884786061 0.02455625124240008 0.017669344673333462 0.013090976500422874 -0.0049487923336440295 -0.0027811752449632987 0.017669344673333462 -0.027301753023010744 0.0049039268884786061 0.0016626497057898944 -0.027301753023010744 0.0017764439556051911 0.0017764439556051911 -0.014002597695850489 -0.014769480220212731 -0.0027811752449632987 0.0049039268884786061 0.030089459041015339 0.017669344673333462 -0.014769480220212731 -0.0028925228204092781 -0.014769480220212731 -0.030656359809137224 -0.014769480220212731 -0.014769480220212731 -0.0027811752449632987 -0.0027811752449632987 0.016129811505650647 -0.014769480220212731 -0.024919014694884917 -0.012385980915263554 0.0013500026440374812 0.0049039268884786061 0.012501236411471078 0.013090976500422874 0.0017764439556051911
leaf_weight=16468.008159309626 1396.1941270679235 7114.9288723915815 8026.7633638009429 3613.2421021610498 44152.25477193296 19989.428450003266 2020.9582254961133 17779.252271860838 2953.8089257180691 9613.3657973408699 26249.26457311213 18457.234589353204 5148.1202003359795 789.53695626556873 8906.0216739922762 2619.0117395818233 11161.814419537783 40443.466590166092 9866.4400403127074 1838.3108559027314 15869.055791951716 15340.741675540805 23529.191891342402 9496.3788942545652 2798.7186595499516 1596.4952712059021 8200.0302279442549 8050.8860039561987 4427.3885860294104 12500.530760884285 19937.602918058634 961.7525373250246 13166.922057703137 310.36870835721493 5306.6690597385168 1726.0135557800531 858.27341535687447 66325.274087518454 15717.443127766252 5236.0783080756664 690.46639750897884 7966.9673195183277 41926.633408129215 19782.605235077441 1726.6690552979708 219.62009105086327 5639.7868698984385 22349.257653325796 3801.7875882163644 2855.321325480938 590.91712541878223 1343.5572831779718 1495.4664591699839 12292.78635814786 8995.1481098681688 5598.0915669202805 8903.3556780666113 6589.4531832188368 6401.0937542617321 14598.673136770725 5423.7609639465809 1850.6446048766375
leaf_count=173337 9069 72372 61307 15680 178002 166636 18371 131910 17049 42123 119843 118323 23674 3259 48630 15585 79063 172473 78988 10995 148475 79692 114636 40912 12268 6974 35418 41598 23314 57538 94684 4028 59815 1467 23233 7973 4444 272240 64465 23330 3109 32157 169115 111805 7239 997 29762 126282 27990 12416 2676 7048 6493 52548 41221 30276 50382 29021 27891 60487 22837 7814
internal_value=-5.79935e-05 -0.0112221 0.019815 -0.00728652 -0.00451393 0.0359182 -0.0254606 -0.0410252 0.0281849 -0.00129098 0.0106161 -0.0138466 -0.0176204 0.00938376 0.0245563 -0.0189866 0.0499672 0.00189898 -0.0408116 -0.00643053 -0.0485694 -0.0134149 -0.00642103 -0.00465791 -0.00319172 0.00472034 -0.00496095 0.0294199 0.0296774 0.0180567 -0.0085666 0.013091 0.0109363 0.006472 -0.00388326 -0.0057251 -0.0147695 7.85209e-06 0.00746634 -0.00761361 -0.00482209 0.00490393 0.00597221 0.0320148 0.00324846 0.00451465 -0.0147695 -0.0147695 -0.0374264 -0.00201481 -0.00651169 -0.016132 0.0124541 0.0143328 -0.0134355 -0.0173616 -0.0152805 -0.00130382 0.00434902 0.0111978 0.013091 0.0100632
internal_weight=671005 429643 241362 379527 329292 87748.4 50234.6 50116.3 56597.1 244766 153614 84526.4 33253.3 144167 48570.4 49923.6 31151.2 150921 16981.4 34602.9 32337.1 27430.5 93845 70315.8 60702.4 11092.9 49609.5 9447.08 27163.8 21406.6 30679.3 78884.7 52635.4 3923.61 46810.8 38391.2 31466.3 106769 32194.1 33084.5 22363.3 65281.8 57314.8 22736.4 17444.1 8419.65 28847.3 27989 5822.75 17127.3 10035.7 22282.4 14750 13254.5 10721.2 20938.8 10741.7 7180.37 7091.56 15388.2 20441.3 7274.41
internal_count=3532759 2306650 1226109 1852928 1514517 565342 338411 453722 319643 1046913 660767 467604 187051 610100 258336 294396 245699 622715 151360 173208 321812 140690 424198 309562 267439 47886 219553 50667 152168 106168 156061 345082 225239 17147 207285 170870 176073 444713 134773 147637 98443 265018 232861 128854 71704 36415 160488 156044 46361 75113 44113 117016 63069 56576 49194 109968 61377 31697 31000 63746 90466 30651
is_linear=0
shrinkage=0.05


Tree=30
num_leaves=63
num_cat=0
split_feature=0 0 0 1 0 0 0 1 1 9 1 9 1 9 9 1 1 8 8 1 8 1 9 10 9 9 1 1 10 1 11 9 9 10 9 9 1 10 8 9 11 9 1 8 1 10 8 9 10 10 8 8 9 8 9 8 9 1 10 11 8 8
split_gain=54443.1 19114.5 13500.1 7082.81 3819.34 3414.12 2416.07 2017.6 1755.29 1422.55 1325.91 1215.87 1103.23 884.824 593.907 569.403 560.491 487.092 431.713 380.428 520.86 370.694 355.736 354.514 362.682 411.317 346.427 327.018 322.731 285.903 285.297 266.658 325.413 415.062 292.432 265.036 255.435 244.077 344.957 241.482 272.134 235.384 233.564 228.215 225.257 242.879 216.308 216.117 216.068 446.944 210.134 204.964 201.201 198.844 198.695 350.295 196.202 188.876 188.672 185.121 181.395 183.024
threshold=1.0000000180025095e-35 -1.4999999999999998 1.5000000000000002 1050.5000000000002 2.5000000000000004 -1.0000000180025095e-35 -1.0000000180025095e-35 1700.5000000000002 540.50000000000011 0.3504349440336228 382.50000000000006 0.3504349440336228 276.50000000000006 0.3340155184268952 0.3380760401487351 531.50000000000011 1410.5000000000002 0.57808911800384533 0.5077456831932069 831.50000000000011 0.49985919892787939 1680.5000000000002 0.45885890722274786 0.2233121916651726 0.31948421895504003 0.32725121080875402 2280.5000000000005 50.500000000000007 0.22301587462425235 1429.5000000000002 1.1579905152320864 0.32506214082241064 0.27884887158870703 0.21574497967958453 0.25124679505825048 0.33483597636222845 80.500000000000014 0.22868927568197253 0.4489418119192124 0.3302708119153977 0.46017353236675268 0.3302708119153977 2087.5000000000005 0.31977939605712896 2040.5000000000002 0.22289190441370013 0.55064404010772716 0.22264148294925692 0.23318386822938922 0.22878771275281909 0.34916566312313085 0.5077456831932069 0.35194084048271185 0.27788905799388891 0.2393506318330765 0.56662777066230785 0.27409091591835028 1999.5000000000002 0.22301587462425235 -0.82285931706428517 0.47112825512886053 0.45149688422679907
decision_type=2 2 2 2 2 2 2 2 2 2 2 2 2 2 2 2 2 2 2 2 2 2 2 2 2 2 2 2 2 2 2 2 2 2 2 2 2 2 2 2 2 2 2 2 2 2 2 2 2 2 2 2 2 2 2 2 2 2 2 2 2 2
left_child=1 7 10 6 8 11 15 19 -4 18 27 17 36 23 41 -3 -6 44 20 -1 60 -13 52 31 37 -26 -9 -2 43 -16 -19 32 33 34 54 -14 -8 -25 -39 -27 48 -10 -40 53 45 -5 -35 -38 49 -41 -15 61 -11 -24 55 -12 -36 -52 -34 -54 -7 -44
right_child=2 3 4 5 16 9 12 26 14 22 13 21 35 50 29 -17 -18 30 -20 -21 -22 -23 28 24 25 39 -28 -29 -30 -31 -32 -33 58 46 56 -37 47 38 42 40 -42 -43 51 -45 -46 -47 -48 -49 -50 -51 57 -53 59 -55 -56 -57 -58 -59 -60 -61 -62 -63
leaf_value=-0.053996112482531 0.049380184630547885 -0.048249886097200947 0.049380184630547885 -0.0094343602586908562 0.054191107273439544 -0.00032288885900382571 -0.048249886097200947 -0.033661388489069806 0.028660060843701415 -0.016983016523334393 0.0049727387636099981 -0.029093824138656629 -0.007104611734527342 0.0011199339198288871 0.025153603250517211 -0.031012883914488022 0.039688485268574852 0.0049727387636099981 0.0049727387636099981 -0.042715756492389817 -0.0094343602586908562 -0.016983016523334393 -0.009935895327030729 0.0049727387636099981 0.028563702553345227 0.0049727387636099981 -0.019939037005202873 0.02359662801979464 -0.016983016523334393 0.013069991500954344 -0.019939037005202873 0.028660060843701415 0.0067452115312315059 0.028660060843701415 0.0049727387636099981 -0.016591287072015567 0.0099570184118951827 0.0011199339198288871 0.021036229661537079 0.039688485268574852 0.0049727387636099981 0.039688485268574852 0.028660060843701415 -0.016983016523334393 -0.0094343602586908562 -0.019939037005202873 0.0049727387636099981 -0.030901642078916026 0.039688485268574852 0.0049727387636099981 0.010101941926280292 0.028660060843701415 -0.015911371707890986 0.0011199339198288871 0.028660060843701415 0.019422543872841345 0.028660060843701415 0.0049727387636099981 0.028660060843701415 -0.0033061817527169262 0.0047616780042849987 0.0047616780042849987
leaf_weight=14703.393043704331 1355.3872715011239 7470.1742895245552 7711.8344573229551 6333.0323427468538 20110.329996243119 61815.480643436313 1930.6270152255893 9842.0000444352627 24887.129804335535 1781.2190176099539 1935.344177082181 8132.2307472601533 14675.122331723571 21613.842353925109 7682.5290918201208 10789.989402353764 9987.2826970517635 4959.3665614724159 49696.222675189376 15275.66086833179 5761.7320430874825 28369.006021603942 7462.3603204041719 8184.1103219091892 4335.1226853579283 1751.3013581335545 8646.3848555311561 9904.6812379509211 5928.1244477033615 13503.61865234375 340.30654141306877 1558.2583358734846 11004.171786502004 4665.6705560684204 3825.6115485131741 14778.953680276871 347.47071035206318 2232.0657289028168 7067.6231334060431 417.49971038103104 644.15602473914623 1875.1191947832704 313.00074505805969 949.04409220814705 25483.838690191507 8372.7896390706301 663.2815672904253 4635.382590919733 806.92354212701321 306.46801672875881 24065.664494946599 335.97596389055252 3029.1805459111929 5084.5834791064262 2596.994871199131 11725.439621195197 816.78562641143799 25064.909316986799 323.26937857270241 75187.305498123169 24489.76716466248 5229.9729207605124
leaf_count=161793 9086 78547 60991 35823 173482 256059 18210 77906 141656 7866 8767 55419 70030 87059 43146 85315 72477 21874 201297 150064 23886 164277 36276 34299 20076 7960 62734 50836 30552 62795 1624 7481 47198 21259 16883 78194 2455 9304 30149 2005 2915 10683 1292 4523 125483 49784 2978 33631 3591 1331 99073 1571 13805 25191 12034 54187 3509 101602 1375 330953 101405 21362
internal_value=2.53515e-05 -0.0106777 0.0191547 -0.00688535 0.0350305 -0.00407065 -0.0235367 -0.0402382 0.0272704 -0.00107425 0.0102411 -0.0128848 -0.0160849 0.00892678 0.0237085 -0.0383761 0.0493802 -0.00743035 0.00214154 -0.0482499 6.7096e-05 -0.0196819 -0.00565954 0.012881 0.00894394 0.0179478 -0.0272453 0.0267536 -0.011729 0.0174527 0.00214154 0.0160638 0.0151315 0.0181901 0.014976 -0.0118651 -0.0340589 0.00575937 0.0113877 0.00622247 0.0217138 0.0286601 0.0149116 -0.00700663 -0.00943436 -0.0156228 0.0286601 -0.028051 0.0286601 0.0113672 0.00497274 0.00754623 -0.00418569 -0.004632 0.0181486 0.0157019 0.00497274 0.00678268 0.00804826 -0.00379455 0.00111993 0.00488225
internal_weight=664772 426271 238501 377803 85757.8 323176 54627.7 48467.4 55660.2 241185 152744 81990.6 36367.6 141483 47948.4 18260.2 30097.6 45489.3 141763 29979.1 92067 36501.2 99421.8 70739 31624.2 8261.47 18488.4 11260.1 19424.1 21186.1 5299.67 39114.8 37556.6 26229.1 20900.2 29454.1 6913.48 23362.7 15178.6 3926.35 2175.05 26762.2 12946.6 13496 40189.7 14705.8 5328.95 4982.85 1530.89 723.968 70744.4 5878.95 79997.7 12546.9 16257.8 13660.8 4642.4 49130.6 11327.4 78216.5 86305.2 5542.97
internal_count=3529388 2304976 1224412 1852479 565230 1486097 366382 452497 319271 1031813 659182 454284 202520 599260 258280 163862 245959 234588 582647 311857 381350 219696 449166 311526 135855 37878 140640 59922 96542 105941 23498 175671 168190 119617 95380 148224 54296 97977 63678 17802 9842 152339 54374 65990 211090 85607 24237 36086 6927 3336 287734 24225 352624 61467 74988 62954 20392 200675 48573 344758 357464 22654
is_linear=0
shrinkage=0.05


Tree=31
num_leaves=63
num_cat=0
split_feature=0 0 0 1 0 0 0 1 1 1 8 8 1 8 1 1 1 1 8 8 10 10 10 1 10 10 1 11 8 11 10 8 8 10 1 8 8 11 1 1 8 10 10 10 8 8 8 10 8 8 10 8 1 10 10 10 10 8 8 8 8 8
split_gain=49209.5 17989.5 12938.1 6423.89 3781.28 3239.3 2317.19 2107.82 1724.23 1289.68 1224.44 1041.36 1021.62 717.116 588.606 574.889 537.586 471.8 461.497 425.185 409.482 397.633 512.293 392.408 357.554 478.127 314.143 307.686 304.465 315.06 290.104 393.157 278.131 278.092 277.635 268.996 258.144 246.737 245.677 241.959 233.44 230.634 236.791 223.984 342.583 313.111 200.906 197.568 196.62 193.557 187.248 182.817 169.016 166.702 297.976 291.542 279.208 339.064 281.75 205.57 238.997 222.543
threshold=1.0000000180025095e-35 -1.4999999999999998 1.5000000000000002 980.50000000000011 2.5000000000000004 -1.0000000180025095e-35 -1.0000000180025095e-35 1710.5000000000002 540.50000000000011 276.50000000000006 0.44325809180736547 0.45149688422679907 268.50000000000006 0.44519373774528509 1950.5000000000002 1080.5000000000002 1370.5000000000002 451.50000000000006 0.35430321097373968 0.57808911800384533 0.22098699957132342 0.2233121916651726 0.22716157883405688 831.50000000000011 0.23465987294912341 0.22844710946083072 1320.5000000000002 0.061700316146016128 0.3415034711360932 0.48845502734184271 0.23211316019296649 0.3365717232227326 0.47690005600452429 0.21392750740051272 1580.5000000000002 0.48416106402873998 0.39804874360561376 1.1579905152320864 80.500000000000014 50.500000000000007 0.27788905799388891 0.22545928508043292 0.22474194318056109 0.21554413437843326 0.53528708219528209 0.48019985854625707 0.57808911800384533 0.18845019489526751 0.50912511348724376 0.56885173916816723 0.23832755535840991 0.3849149495363236 2118.5000000000005 0.21860953420400622 0.22289190441370013 0.21194376796483996 0.22689916938543322 0.51051765680313121 0.51051765680313121 0.49471981823444372 0.52896222472190868 0.541222244501114
decision_type=2 2 2 2 2 2 2 2 2 2 2 2 2 2 2 2 2 2 2 2 2 2 2 2 2 2 2 2 2 2 2 2 2 2 2 2 2 2 2 2 2 2 2 2 2 2 2 2 2 2 2 2 2 2 2 2 2 2 2 2 2 2
left_child=1 7 9 6 8 11 17 23 -4 39 18 14 38 26 -5 -6 51 -3 27 24 -20 43 -23 -1 25 32 -11 30 -18 34 41 -32 33 -13 50 -34 -14 -21 -8 -2 -16 42 -7 44 45 -15 -40 -30 -36 -19 -24 -10 -9 55 -55 -37 57 -56 -58 -57 -61 -62
right_child=2 3 4 5 15 10 12 52 16 13 -12 19 36 21 40 -17 28 49 20 37 -22 22 29 -25 -26 -27 -28 -29 47 -31 31 -33 35 -35 48 53 -38 -39 46 -41 -42 -43 -44 -45 -46 -47 -48 -49 -50 -51 -52 -53 -54 54 56 59 58 -59 -60 60 61 -63
leaf_value=-0.053676199874535813 0.048558837009049435 -0.047677138152142778 0.048558837009049435 -0.024616563807401508 0.055205283933919769 -0.0073873906745386617 -0.047677138152142778 -0.033757794383289949 0.020686343098787995 0.010192254588623204 0.0026711842179536426 -0.025892121190660394 -0.018608554007014364 0.020702739151728659 -0.025892121190660394 0.041105750445946387 0.0054517091910549721 -0.034137952190722763 -0.012193924818310749 0.0026711842179536426 -0.0013275954429132588 0.0026711842179536426 0.020702739151728659 -0.042062453664868847 0.0026711842179536426 -0.025892121190660394 0.0033165710499267055 -0.01322747629243207 0.039422432824943808 0.020702739151728659 0.0033165710499267055 -0.01322747629243207 -0.025892121190660394 0.0026711842179536426 0.0026711842179536426 -0.0043388266715201091 -0.0080774693919092172 -0.025892121190660394 -0.03029571618953247 0.022744720629057972 -0.01322747629243207 -0.01322747629243207 0.0033165710499267055 0.020453125388914469 0.016664252695709703 0.0026711842179536426 0.012655761005992592 0.020702739151728659 0.020702739151728659 -0.0080774693919092172 0.0026711842179536426 0.033045207468483009 -0.025892121190660394 0.0026711842179536426 -0.025892121190660394 0.0026711842179536426 0.0026711842179536426 0.0026711842179536426 -0.025892121190660394 -0.025892121190660394 0.0026711842179536426 -0.023796963879045153
leaf_weight=14108.407509878278 1304.7373910993338 6135.7214932963252 7428.802436709404 17347.005690835416 15356.913728669286 13845.110095247626 1878.3655475899577 6839.454917833209 3948.4527140036225 23455.228134587407 111211.4669765532 476.98241354525089 8710.5219385251403 1328.3073822408915 2630.1288426369429 13701.258312270045 3718.3555587530136 9208.4804013967514 9686.7783642709255 5066.410168170929 82512.112546592951 6887.2899855971336 3082.1113878190517 15082.818841159344 2383.6987333148718 4037.4288410246372 56944.398276209831 14351.221291750669 1409.7023605257273 6108.0218769162893 4097.2545294463634 3094.0723939985037 1388.6004446446896 3883.4964290484786 7362.1355462819338 5901.2757009789348 17536.157277971506 356.08563911914825 4198.4931291043758 6436.7696530669928 30169.749209746718 5226.6223910152912 509.7881286740303 14399.289903774858 17378.659732863307 7028.1273856014013 290.59863848984241 25934.008856385946 393.86153292655945 649.56071235239506 514.74691292643547 12446.710927419364 11087.162323720753 2248.0747652575374 1164.7930274829268 542.01520850509405 484.43919071555138 479.25793778896332 235.65717197954655 2598.366017498076 613.21409517526627 983.39649549126625
leaf_count=162121 9030 67396 60850 115101 140398 67123 18376 55943 22424 99028 455604 2638 47313 5981 16075 105659 16991 79175 43457 22425 353215 29349 13469 152761 12396 21110 232747 68376 7807 26424 18358 14244 7292 20414 30418 29587 87812 1731 31460 34614 169624 25004 2449 64434 80868 30375 2072 135370 1810 4610 2266 76200 82653 11419 6085 2939 2414 2327 1211 13755 3088 4703
internal_value=-5.67786e-05 -0.0102653 0.0182075 -0.00661681 0.0339742 -0.0040995 -0.0235782 -0.0393895 0.0262519 0.00953552 -0.00120269 -0.012635 -0.0159325 0.00847294 -0.0171676 0.0485588 0.0227447 -0.0391672 -0.00443408 -0.0057139 -0.00246937 0.0124009 0.0073594 -0.0476771 -0.00841831 -0.010382 0.00532254 -0.00883873 0.0188773 0.0128689 -0.00559059 0.00299763 -0.00735128 0.00267118 0.00790452 -0.0103118 -0.011573 0.00267118 -0.0338979 0.029418 -0.0132275 -0.00874461 -0.00500626 0.0154591 0.0126641 0.0043441 -0.0275131 0.0207027 0.00267118 -0.0322708 0.0193849 0.0300703 -0.0258921 -0.0083142 -0.000374756 -0.011756 -0.0155789 -0.0258921 0.00267118 -0.0209933 -0.024803 -0.00646208
internal_weight=659818 423250 236568 376132 83944.2 327525 48607.9 47117.8 54886 152624 244534 82990.1 32614.1 144882 50146.9 29058.2 47457.2 15993.8 133323 32843.2 92198.9 64482.6 24348.2 29191.2 27420.7 25037 80399.6 41124.1 31062.1 17460.9 26772.8 7191.33 20999.6 4360.48 11352.9 16639.1 26246.7 5422.5 6367.46 7741.51 32799.9 19581.5 14354.9 40134.4 25735.1 8356.43 4489.09 27343.7 7756 9858.04 3596.86 16395.2 17926.6 15250.5 4612.22 10638.3 2364.15 1644.05 720.096 4736.99 4194.98 1596.61
internal_count=3532368 2305856 1226512 1852378 565699 1514164 338214 453478 319642 660813 1047830 466334 187033 617169 300800 246057 258792 151181 592226 165534 396672 285394 103736 314882 141378 128982 331775 195554 160168 74387 127178 32602 107872 23052 47963 84820 135125 24156 51908 43644 185699 94576 69572 181658 117224 36356 33532 143177 32228 83785 15735 98624 138596 77528 23456 54072 12037 8412 3625 24485 21546 7791
is_linear=0
shrinkage=0.05


Tree=32
num_leaves=63
num_cat=0
split_feature=0 0 0 1 0 0 1 0 1 1 9 9 1 9 9 1 1 1 1 9 9 10 9 1 1 0 9 9 8 9 9 8 8 8 10 9 0 10 10 10 10 10 9 9 9 10 10 10 10 9 11 10 1 11 9 9 10 10 9 9 10 9
split_gain=44973.2 16996.1 12286 6166.31 3722.62 3061.12 2071.05 1972 1687.13 1182.32 1165.79 1131.68 868.432 623.546 593.049 571.515 546.195 476.377 452.119 442.391 491.666 423.865 413.378 408.408 396.403 369.506 359.412 448.396 376.629 345.475 331.263 327.238 292.387 288.296 296.746 398.458 284.261 271.643 501.456 339.008 424.225 662.703 267.86 261.501 261.451 467.371 319.394 269.876 259.048 256.091 255.435 234.465 226.716 226.499 221.826 215.888 210.687 602.019 210.283 226.225 239.329 209.077
threshold=1.0000000180025095e-35 -1.4999999999999998 1.5000000000000002 892.50000000000011 2.5000000000000004 -1.0000000180025095e-35 1710.5000000000002 -1.0000000180025095e-35 540.50000000000011 810.50000000000011 0.3504349440336228 0.3504349440336228 206.50000000000003 0.3340155184268952 0.29278907179832464 1080.5000000000002 1350.5000000000002 60.500000000000007 1401.5000000000002 0.25124679505825048 0.20509092509746554 0.21752139925956729 0.34165079891681677 810.50000000000011 390.50000000000006 -2.4999999999999996 0.30191217362880712 0.31515826284885412 0.46154439449310308 0.2993187159299851 0.26416507363319403 0.46553532779216772 0.29441830515861517 0.35430321097373968 0.21842505037784579 0.36557076871395117 -2.4999999999999996 0.17963672429323199 0.22207798063755038 0.23546514660120013 0.22965607047080996 0.22781910002231601 0.32093408703804022 0.30984808504581457 0.41056445240974432 0.23591431975364688 0.22232254594564441 0.22098699957132342 0.2170238792896271 0.26678894460201269 -0.80133870244026173 0.21752139925956729 1710.5000000000002 0.71563252806663524 0.29744088649749761 0.36257559061050421 0.23266435414552691 0.23479837924242022 0.35653373599052435 0.35194084048271185 0.22650390863418582 0.3534794300794602
decision_type=2 2 2 2 2 2 2 2 2 2 2 2 2 2 2 2 2 2 2 2 2 2 2 2 2 2 2 2 2 2 2 2 2 2 2 2 2 2 2 2 2 2 2 2 2 2 2 2 2 2 2 2 2 2 2 2 2 2 2 2 2 2
left_child=1 6 9 7 8 11 23 24 -4 17 19 20 -9 37 -8 -6 -10 -2 -13 -7 -5 29 -18 -1 -3 -25 38 28 -28 -21 -14 -30 -16 44 55 58 -34 -11 -23 40 41 54 -39 -33 -12 46 47 51 -31 -19 -37 -46 -22 -44 -40 61 -52 -58 59 60 -36 -35
right_child=2 3 4 5 15 10 14 12 16 13 33 18 30 -15 32 -17 22 49 -20 21 52 26 -24 25 -26 -27 27 -29 31 48 -32 43 36 34 35 50 -38 42 39 -41 -42 -43 53 -45 45 -47 -48 -49 -50 -51 56 -53 -54 -55 -56 -57 57 -59 -60 -61 -62 -63
leaf_value=-0.053419620368536418 0.044857583591719229 -0.05093990797638201 0.047873643075500745 0.0064892118849753447 0.054656000994183065 0.0064892118849753447 -0.0083069599115016546 -0.036754291473510128 0.02953177339280388 0.02313973200244478 -0.016389892175502251 -0.031577097937402605 -0.00090904015516240469 0.0035165754103764421 -0.050142716523694432 0.040355997723657278 0.02313973200244478 0.027639345907789489 -0.016389892175502251 -0.0083069599115016546 -0.01550118443805691 0.0098804254793769253 0.011489780684814647 -0.051571594070878135 -0.033335749833334115 -0.035242147002229454 -0.0083069599115016546 0.0018333086612694811 0.0035165754103764421 0.0035165754103764421 -0.015889035875721085 -0.0083069599115016546 -0.042779784774701284 -0.016389892175502251 0.0035165754103764421 -0.016389892175502251 -0.023561106877061252 0.0098804254793769253 -0.0079633535528419556 0.0098804254793769253 -0.0083069599115016546 0.0098804254793769253 0.022794239201676097 0.0098804254793769253 -0.0038088323922956949 0.0035165754103764421 -0.014696297829918976 0.0035165754103764421 -0.0083069599115016546 0.014556883833855967 0.0035165754103764421 -0.016389892175502251 -0.0083069599115016546 0.0035165754103764421 0.0098804254793769253 -0.016389892175502251 -0.016389892175502251 0.0016788709033211679 -0.013854906917466389 0.0028903411218476924 -0.016389892175502251 0.0035165754103764421
leaf_weight=13266.775523431599 1618.9553995504975 5148.4927904084325 7202.2277835607529 4035.5496567338705 14750.558474905789 35504.851772353053 4028.0845890492201 4598.5660753771663 15790.201498776674 2537.5476252436638 1435.1312536746264 5799.6382821127772 4562.7614897936583 62492.658119827509 1613.473609469831 13314.103119850159 17631.581925973296 4554.3630573004484 31640.406488053501 15793.723986059427 11074.98583111912 6552.1617888510227 13408.477228999138 5533.3801477700472 8472.0918725207448 9306.9385300427675 7972.0750702172518 42808.808473750949 2191.602559402585 5318.4974668622017 19307.489389166236 3715.6868123710155 2414.2122395560145 247.72850657999516 207.28740501403809 1727.1183252632618 9509.1039783135056 51827.483573466539 8236.5071650743484 5299.563296481967 7015.5959254801273 3421.096520870924 6766.1687362194061 690.04626347124577 11260.85466119647 6007.4581222981215 16580.91215147078 1935.8737084269524 555.02015165984631 20968.796497672796 19320.196660459042 4448.8215784728527 31864.030347168446 1469.1512425541878 736.8719374537468 4139.8767757713795 3049.9633353799582 15480.793679058552 8880.9819303750992 5286.1079402118921 1534.2513507008553 791.9537069350481
leaf_count=159293 11343 58822 61074 17719 140613 143131 27424 40740 96806 11987 6695 44374 21760 253109 13483 105649 98506 23214 189160 65800 70728 26949 63215 61598 77979 93988 32897 178346 8900 22315 106668 15374 23541 1111 895 7848 74112 225539 33695 22056 28636 14002 31637 2815 54806 26855 79774 9354 2356 97446 84494 21688 160028 6814 3047 19140 13320 66444 39162 23295 6858 3503
internal_value=-4.15159e-05 -0.0098266 0.01751 -0.00631609 0.0331002 -0.00403403 -0.0386229 -0.0243468 0.025426 0.00910243 -0.00123614 -0.0122587 -0.0168598 0.00704981 -0.0251519 0.0478736 0.0219603 0.018562 -0.0187432 0.00163491 -0.00708999 7.2396e-05 0.0181078 -0.0470401 -0.0399933 -0.0413338 0.0016048 -0.000745308 -0.00830696 -0.00619639 -0.0130258 0.00351658 -0.0301633 -0.00532692 -0.00312741 -0.00205886 -0.0274557 0.0105768 0.00591808 0.00147805 -0.00167559 0.00412003 0.00988043 -0.00830696 -0.00852905 -0.00743172 -0.00971373 -0.00503122 0.00351658 0.0168923 0.000627493 -0.00766436 -0.00830696 0.018898 -0.00530022 -0.0145718 0.00148978 -0.00255086 -0.00874169 -0.00227897 -0.0163899 0.00351658
internal_weight=654656 420323 234332 374651 82097.2 332562 45672 42089.4 54032.5 152235 248147 84414.6 28468.8 125093 17564.9 28064.7 46830.3 27142.1 37440 145812 46974.6 110307 31040.1 28107.1 13620.6 14840.3 88640 57378.2 14569.4 21667.2 23870.3 6597.34 13536.8 102335 60666.3 55486.7 11923.3 62600.4 31261.8 24709.6 19410.1 12394.5 60062.8 4405.73 41669.1 40233.9 34226.5 17645.5 5873.52 25523.2 39578.1 15709.7 42939 8235.32 8973.38 5179.56 37851 18530.8 15908.6 7027.65 1741.54 1039.68
internal_count=3533930 2306978 1226952 1853539 565863 1547570 453439 305969 319601 661089 1065561 482009 169168 529086 138560 246262 258527 132003 233534 600319 248475 457188 161721 314879 136801 155586 366717 238332 59986 90471 128428 27089 111136 465242 266070 242316 97653 275977 128385 101436 79380 50744 263990 18189 199172 192477 165622 85848 24671 120660 172106 76494 230756 38451 36742 23754 164258 79764 70210 31048 7753 4614
is_linear=0
shrinkage=0.05


Tree=33
num_leaves=63
num_cat=0
split_feature=0 0 0 1 0 0 0 1 1 1 8 1 9 1 8 1 1 1 1 1 9 1 9 8 10 12 9 10 9 10 9 10 8 12 9 1 1 8 8 9 10 9 10 10 8 8 9 8 8 9 9 9 11 9 9 8 8 8 8 10 10 10
split_gain=41042.4 15896.7 11465.6 5679.65 3702.07 2425.17 2324.01 2070.72 1681.05 1098.14 1018.36 991.502 937.037 658.649 604.988 594.745 518.288 476.228 445.378 382.224 364.678 311.876 302.468 292.464 400.967 281.269 371.434 278.415 269.263 269.195 251.194 248.573 338.152 341.963 247.125 239.119 237.813 235.046 229.787 202.368 195.513 183.385 180.246 259.754 239.318 372.81 177.568 176.696 315.791 333.232 176.481 168.195 161.825 159.577 171.1 168.806 155.685 153.301 145.489 144.952 141.687 242.718
threshold=1.0000000180025095e-35 -1.4999999999999998 1.5000000000000002 1132.5000000000002 2.5000000000000004 -1.0000000180025095e-35 -1.0000000180025095e-35 1789.5000000000002 540.50000000000011 840.50000000000011 0.45978543162345892 268.50000000000006 0.34619495272636419 540.50000000000011 0.39419347047805792 1080.5000000000002 1770.5000000000002 840.50000000000011 30.500000000000004 2390.5000000000005 0.4151990413665772 2778.5000000000005 0.37424677610397344 0.40150643885135656 0.2233121916651726 1.5000000000000002 0.25606970489025122 0.22289190441370013 0.27884887158870703 0.18845019489526751 0.39969487488269811 0.23117136210203174 0.30878235399723059 2.5000000000000004 0.26678894460201269 2280.5000000000005 80.500000000000014 0.35430321097373968 0.42545528709888464 0.31948421895504003 0.25297999382019049 0.42927433550357824 0.23318386822938922 0.25297999382019049 0.4355714619159699 0.45519419014453893 0.22264148294925692 0.42156024277210241 0.44325809180736547 0.30915527045726782 0.26811902225017553 0.46368840336799627 0.96983474493026745 0.4138051718473435 0.43506775796413427 0.30652734637260443 0.38402423262596136 0.29661081731319433 0.48320062458515173 0.2065781503915787 0.23330589383840564 0.23053456097841266
decision_type=2 2 2 2 2 2 2 2 2 2 2 2 2 2 2 2 2 2 2 2 2 2 2 2 2 2 2 2 2 2 2 2 2 2 2 2 2 2 2 2 2 2 2 2 2 2 2 2 2 2 2 2 2 2 2 2 2 2 2 2 2 2
left_child=1 7 9 6 8 12 13 17 -4 18 20 36 19 -3 31 -6 22 -1 -2 27 43 -14 -10 -16 28 60 -27 39 -25 -18 -13 32 52 37 -20 -9 -8 41 -29 -5 -33 -34 44 -7 -26 -46 -38 -30 -49 -50 -36 -43 -11 59 -55 57 -35 -56 -44 -52 61 -12
right_child=2 3 4 5 15 10 11 35 16 14 25 30 21 -15 23 -17 29 -19 34 -21 -22 -23 -24 24 42 26 -28 38 47 -31 -32 40 33 56 50 -37 46 -39 -40 -41 -42 51 58 -45 45 -47 -48 48 49 -51 53 -53 -54 54 55 -57 -58 -59 -60 -61 -62 -63
leaf_value=-0.052850252524194334 0.047111169911929623 -0.045879941513866977 0.047111169911929623 -0.0035112867922926375 0.054208585343227478 -0.0020064513189724793 -0.045879941513866977 -0.03001824564755734 0.029404798129562055 -0.0020064513189724793 0.0048330684919734874 -0.0079038714336537065 -0.019837342317656617 -0.027790952358713279 0.015338159562272073 0.039363757119012126 0.039363757119012126 -0.03983775144514709 0.02666380897568087 -0.0035112867922926375 -0.0076487612245628861 -0.009494352138205743 0.017013981436765909 0.015338159562272073 -0.0020064513189724793 0.0048330684919734874 -0.0035112867922926375 -0.0020064513189724793 0.015338159562272073 0.015338159562272073 -0.018582025054731801 -0.0020064513189724793 0.015338159562272073 0.015338159562272073 -0.0079038714336537065 -0.019837342317656617 0.0098840251194812698 -0.0020064513189724793 -0.019837342317656617 -0.019837342317656617 0.015338159562272073 -0.0020064513189724793 0.0097365101180645619 0.0097365101180645619 0.015338159562272073 0.0048330684919734874 -0.028715312748215163 -0.0020064513189724793 0.0048330684919734874 0.015338159562272073 -0.0079038714336537065 0.015338159562272073 0.015338159562272073 -0.0077743710788640485 0.011421332082596266 0.017013981436765909 -0.0020064513189724793 -0.0079038714336537065 0.015338159562272073 0.017013981436765909 0.0097365101180645619 -0.0035112867922926375
leaf_weight=13145.447122953832 951.24171239882708 6947.237680926919 6983.0014388114214 9936.9235407263041 14128.82845903188 106265.38618221879 1744.1793460324407 7712.3662592321634 17636.656979307532 6822.0502036362886 52620.837306916714 25801.266246885061 26206.648905627429 11522.903324142098 3780.781061783433 12949.436022765934 981.09160281717777 15172.422885842621 4849.7815738990903 20771.872659817338 39052.597179338336 10100.264671176672 6840.7301699817181 22832.436490222812 6774.0014344006777 12521.598470598459 17594.581582516432 1370.4140633866191 1825.9724891483784 20799.807789862156 7002.6227590590715 16259.532213911414 804.32586035132408 5138.6792623847723 126.74749393761158 8304.2586929425597 321.38791371136904 4522.4223981499672 9025.2883236780763 1085.308384180069 356.36762955784798 2875.6829515397549 17423.032392457128 1111.9777448177338 4446.2890924364328 12066.467541262507 4009.2297760993242 2745.6324574351311 7444.6056677699089 4205.8111614882946 109.49143871665001 647.53002189099789 568.21941547095776 1444.3864148259163 1402.0741837769747 1442.089663811028 770.01336655020714 429.2805044054985 1318.3814484626055 17282.440030530095 5022.2150299847126 2956.4674025475979
leaf_count=164675 6996 81464 61339 51411 140436 454584 18227 64347 108183 27606 213689 128124 165717 94950 15451 105714 5534 161427 25199 99938 186695 58458 37602 105186 27462 50452 74093 8334 7379 106939 38111 65238 3258 20994 608 63139 2314 18311 51741 6557 1449 11532 73376 4422 20379 50471 31268 11350 31402 19223 540 2565 2259 6510 6144 6472 3140 1897 5737 82322 20403 11991
internal_value=-7.58773e-05 -0.00944832 0.0167845 -0.00608387 0.032059 -0.00345389 -0.0205587 -0.037753 0.0244028 0.00869517 -0.000932363 -0.0136205 -0.0110716 -0.0351616 0.00666895 0.0471112 0.02095 -0.0458799 0.017629 -0.00600361 -0.00351129 -0.0169604 0.0259428 0.0090329 0.00822267 0.00323043 -0.000742338 -0.0110511 0.0118701 0.0153382 -0.0101838 0.00149371 0.00502899 0.00946341 0.0164369 -0.0233824 -0.032174 0.00292171 -0.0169208 -0.00551406 -0.00200645 0.0116103 0.00483307 -0.00200645 0.00483307 0.00492409 -0.0258491 0.00694395 0.00484538 0.00920823 0.0142053 0.00320455 -0.00200645 0.0147142 0.00655649 0.0128803 0.0153382 0.000858331 0.00973651 0.0169266 0.00483307 0.00437297
internal_weight=649311 417326 231985 372991 80319.6 315642 57348.8 44334.5 53241.3 151666 237146 38878.7 78496.7 18470.1 123628 27078.3 46258.3 28317.9 28037.5 42189.8 146430 36306.9 24477.4 84863.4 81082.6 90715.7 30116.2 21417.9 39054.5 21780.9 32803.9 38764.8 22148.9 14758.7 27086.3 16016.6 6074.8 8849.96 10395.7 11022.2 16615.9 4327.54 42028.2 107377 23286.8 16512.8 4330.62 16222 14396 11650.4 22236.5 3523.21 7390.27 22109.8 4717.83 3273.44 5908.69 1831.35 18741.4 17391.9 60599.5 55577.3
internal_count=3532734 2306531 1226203 1852943 565747 1458485 394458 453588 319597 660456 1016329 218044 442156 176414 523768 246150 258258 326102 136688 217981 645701 224175 145785 367416 351965 370628 124545 118043 174540 112473 166235 156352 89665 59800 129692 127486 51809 35666 60075 57968 66687 17355 177425 459006 98312 70850 33582 69354 61975 50625 104493 14097 29865 103885 21023 14513 24134 8041 79113 82862 246083 225680
is_linear=0
shrinkage=0.05


Tree=34
num_leaves=63
num_cat=0
split_feature=0 0 0 1 0 0 1 0 1 1 9 9 1 9 1 9 1 9 1 12 1 9 9 1 9 1 10 8 9 8 10 8 9 1 10 1 9 9 1 10 8 10 10 1 9 8 9 8 10 1 9 8 10 10 8 9 10 10 9 10 1 10
split_gain=37327.3 15069.5 10939.4 5402.93 3673.31 2214.41 2124.91 2116.23 1622.68 1089.1 1016.48 959.234 928.711 632.471 599.724 576.832 560.628 504.311 445.625 430.147 418.381 353.289 385.558 328.007 282.632 279.005 273.002 262.317 256.9 320.227 409.051 256.349 252.021 248.368 239.572 224.756 259.016 213.617 406.812 208.424 199.332 197.909 618.742 188.019 185.966 185.088 181.167 333.79 170.821 170.433 166.034 199.022 189.068 165.821 162.307 228.865 157.537 157.096 152.334 274.223 145.838 143.038
threshold=1.0000000180025095e-35 -1.4999999999999998 1.5000000000000002 1050.5000000000002 2.5000000000000004 -1.0000000180025095e-35 1758.5000000000002 -1.0000000180025095e-35 561.50000000000011 246.50000000000003 0.35653373599052435 0.3504349440336228 307.50000000000006 0.26678894460201269 1320.5000000000002 0.29278907179832464 482.50000000000006 0.3380760401487351 801.50000000000011 2.5000000000000004 2118.5000000000005 0.21273195743560794 0.20509092509746554 1590.5000000000002 0.3302708119153977 80.500000000000014 0.24110610783100131 0.56885173916816723 0.36119578778743749 0.35915148258209234 0.22008286416530612 0.34916566312313085 0.41834951937198644 2539.5000000000005 0.22545928508043292 2509.5000000000005 0.54747599363327037 0.20178101211786273 2414.5000000000005 0.21752139925956729 0.47435149550437933 0.23266435414552691 0.23455427587032321 50.500000000000007 0.22264148294925692 0.57808911800384533 0.37323163449764257 0.39419347047805792 0.23507919907569888 2209.5000000000005 0.39969487488269811 0.39419347047805792 0.25297999382019049 0.25001473724842077 0.40625980496406561 0.34226986765861517 0.22431967407464984 0.21663307398557666 0.40835168957710272 0.23519582301378253 276.50000000000006 0.24846510589122775
decision_type=2 2 2 2 2 2 2 2 2 2 2 2 2 2 2 2 2 2 2 2 2 2 2 2 2 2 2 2 2 2 2 2 2 2 2 2 2 2 2 2 2 2 2 2 2 2 2 2 2 2 2 2 2 2 2 2 2 2 2 2 2 2
left_child=1 6 9 7 8 11 18 16 60 43 21 22 25 -11 -6 37 -3 24 -1 32 31 -7 -5 -13 33 -9 49 -18 57 58 -31 34 40 -10 36 -23 -15 -8 -24 -33 -17 -32 -43 -2 -27 -14 47 53 -48 -19 51 52 -41 -44 -53 -56 -57 -12 -30 -60 -4 -22
right_child=2 3 4 5 14 10 15 12 17 13 28 23 45 20 -16 19 27 26 -20 -21 61 35 38 -25 -26 44 -28 -29 29 30 41 39 -34 -35 -36 -37 -38 -39 -40 50 -42 42 46 -45 -46 -47 48 -49 -50 -51 -52 54 -54 -55 55 56 -58 -59 59 -61 -62 -63
leaf_value=-0.052892120810496879 0.046105020763947784 -0.045697262117102511 0.052454058334673606 0.0089025221347312604 0.052454058334673606 0.0089025221347312604 0.0089025221347312604 -0.045697262117102511 0.025654872653689223 0.014413541847732039 0.0015190866245563261 -0.027002333162323477 -0.0097578263412016648 0.012048813801251557 0.036830679665304351 -0.01449182466788186 -0.030987253746002665 0.015142295953113874 -0.039900950964590239 -0.039957841083537921 0.002491498060490913 -0.0018796074911009084 -0.011412163954699368 -0.01449182466788186 0.036830679665304351 0.0075002530906137527 0.029120848935535033 -0.0097578263412016648 -0.01449182466788186 -0.014020640247004999 0.002491498060490913 0.0015190866245563261 -0.034779704260980565 0.014413541847732039 0.0007713371893509546 0.0023520708223925199 -0.0074931616738034947 -0.011412163954699368 -0.0018796074911009084 0.002491498060490913 -0.046663631135026196 -0.01449182466788186 -0.01449182466788186 0.020163025845990022 -0.027011384151381792 0.0015190866245563261 -0.01449182466788186 0.002491498060490913 0.002491498060490913 0.0042496111095576914 0.015142295953113874 0.015142295953113874 0.025654872653689223 0.002491498060490913 0.012086027782923652 0.015142295953113874 0.002491498060490913 -0.01449182466788186 -0.0084488617468104991 0.0007713371893509546 0.039050249775406561 0.014413541847732039
leaf_weight=11937.497320264578 1200.5667821466923 5867.7117508500814 3345.8906176611781 3842.5522935092449 16255.603938788176 14835.844597876072 536.62930636107922 1696.4167517870665 19506.319005347788 25874.458059176803 308.52182731032372 6417.9687618017197 25794.339624136686 5260.1197126358747 9894.7816030532122 5030.7986749410629 9759.0760458186269 12645.295256465673 14825.929788894951 4680.016072884202 51841.528083428741 50087.683706954122 22092.281311579049 28561.14402949065 1749.6759245619178 422.07914373278618 2699.5685990676284 736.85916485637426 2742.5206583291292 5602.4968596845865 18699.805396735668 6421.6740749329329 2273.080434538424 3867.9894922077656 5920.1234139949083 83998.957684904337 1054.9958291053772 3262.2562676891685 18687.149866193533 7820.3621037006378 481.99637565016747 2896.2758327722549 2968.5370328128338 5303.4740980863571 5127.6459032967687 2163.3114587515593 566.53161270916462 1915.059038490057 9879.0545667558908 5016.5817995518446 4005.3945619463921 3830.0735303461552 206.4609767049551 526.64552381634712 24549.91837027669 1704.1123753190041 4618.5607627183199 4426.2655346244574 34286.55831515789 6778.2762750536203 3602.9656776487827 1331.2592699080706
leaf_count=156570 9086 72155 31249 16669 165642 60038 2922 18369 119328 121987 1396 47583 133123 21508 80638 39393 86796 67577 164879 44673 214367 211036 126155 172404 10617 2871 14152 5135 12176 25676 81733 28086 18679 21557 23975 343234 4323 23312 91725 32443 3230 12731 12972 29816 38906 9486 2454 8325 42383 23391 16517 16000 862 2128 108711 7063 19128 19607 166131 30318 31508 5428
internal_value=-6.89712e-05 -0.00902263 0.0161087 -0.00577969 0.0312367 -0.00336015 -0.0370351 -0.0207993 0.0236018 0.00823245 -0.000967769 -0.0105887 -0.0138929 0.00733107 0.0465441 -0.0227798 -0.0356556 0.020163 -0.0456973 -0.0279775 0.00578535 0.00158143 -0.00572892 -0.016788 0.0249029 -0.0298438 0.0143136 -0.0286408 -0.00511236 -0.00448353 -0.00142116 0.00846364 -0.020772 0.0232953 0.00193822 0.000771337 0.0106437 -0.00572892 -0.00572892 0.00996556 -0.014991 0.000463938 -0.00339018 0.0282457 -0.0243858 -0.00975783 0.00110697 -0.00695931 0.0024915 0.0120488 0.0111261 0.00991151 0.00281586 -0.0144918 0.0115526 0.00988543 0.0024915 -0.0144918 -0.00749316 -0.00749316 0.046105 0.0024915
internal_weight=644244 414716 229528 371688 78584.7 320120 43028.2 51567.4 52434.3 150943 240519 79601.1 35203.8 144439 26150.4 16264.8 16363.6 45485.4 26763.4 12465.9 118565 148922 44622 34979.1 25124 7246.14 20361.4 10495.9 91596.5 86861.8 43054.4 65391.8 7785.88 23374.3 12235.2 134087 6315.12 3798.89 40779.4 53156.6 5512.8 37451.9 18752.1 6504.04 5549.73 27957.7 15855.8 5410.24 10445.6 17661.9 46734.9 42729.5 8026.82 3495.18 34702.7 30872.6 6322.67 4734.79 43807.4 41064.8 6948.86 53172.8
internal_count=3532332 2307373 1224959 1853715 565659 1486874 453658 366841 319379 659300 1032338 454536 202755 620398 246280 132209 164086 256622 321449 105975 498411 614308 234549 219987 151502 60146 105120 91931 418030 397027 188402 278616 61302 140885 49806 554270 25831 26234 217880 228810 42623 162726 80993 38902 41777 142609 68262 23425 44837 90968 200724 184207 33305 15100 150902 134902 26191 21003 208625 196449 62757 219795
is_linear=0
shrinkage=0.05


Tree=35
num_leaves=63
num_cat=0
split_feature=0 0 0 1 0 0 1 0 1 1 9 8 1 1 1 9 9 1 9 0 9 1 9 9 1 9 0 10 9 1 1 8 10 9 9 11 9 10 0 10 10 1 9 10 10 9 11 8 10 10 10 10 8 9 8 8 1 8 9 9 9 8
split_gain=33953 14107.1 10468.2 4842.76 3494.56 2418.3 2135.72 1762.15 1587.08 1008.62 1001.1 891.343 717.981 629.284 622.794 578.271 548.399 471.383 445.395 456.247 384.386 355.133 354.095 340.017 331.371 331.212 436.697 319.001 309.479 293.757 298.801 291.407 296.82 533.634 350.956 274.104 261.898 279.381 252.741 241.976 227.089 220.159 218.232 211.472 290.805 207.835 197.48 274.194 204.256 194.932 337.451 193.748 177.216 172.532 217.985 156.765 155.326 147.983 146.972 187.627 141.885 138.239
threshold=1.0000000180025095e-35 -1.4999999999999998 2.5000000000000004 840.50000000000011 1.5000000000000002 -1.0000000180025095e-35 1789.5000000000002 -1.0000000180025095e-35 770.50000000000011 360.50000000000006 0.32264570891857153 0.44325809180736547 142.50000000000003 1080.5000000000002 1650.5000000000002 0.32093408703804022 0.27884887158870703 862.50000000000011 0.4151990413665772 3.5000000000000004 0.4151990413665772 390.50000000000006 0.26678894460201269 0.45885890722274786 2040.5000000000002 0.32579620182514196 -2.4999999999999996 0.23211316019296649 0.44099158048629766 360.50000000000006 30.500000000000004 0.30652734637260443 0.21752139925956729 0.25717833638191229 0.2993187159299851 0.1263096630573273 0.28810557723045355 0.23346950113773349 -2.4999999999999996 0.2233121916651726 0.18845019489526751 360.50000000000006 0.48981106281280523 0.22218484431505206 0.22386372834444049 0.21470168977975848 -0.51530927419662464 0.42320542037487036 0.24846510589122775 0.23198642581701281 0.22516405582427981 0.23318386822938922 0.35915148258209234 0.2393506318330765 0.60423651337623607 0.27788905799388891 770.50000000000011 0.53528708219528209 0.16089829802513125 0.13645498454570773 0.20990382134914401 0.38795933127403265
decision_type=2 2 2 2 2 2 2 2 2 2 2 2 2 2 2 2 2 2 2 2 2 2 2 2 2 2 2 2 2 2 2 2 2 2 2 2 2 2 2 2 2 2 2 2 2 2 2 2 2 2 2 2 2 2 2 2 2 2 2 2 2 2
left_child=1 6 4 7 9 10 17 21 29 30 -5 23 -9 -4 -12 38 39 -1 24 20 -15 -3 -14 -7 -10 -16 -19 32 43 -6 -2 -18 33 35 -35 58 37 -29 60 -11 -26 -24 -17 -27 -45 -28 47 -46 -48 50 55 -41 -42 54 -37 -30 -33 -55 59 -13 -8 -47
right_child=2 3 13 5 8 11 15 12 18 16 14 27 22 19 25 42 31 26 -20 -21 -22 -23 41 -25 40 28 45 36 49 -31 -32 56 -34 34 -36 53 -38 -39 -40 51 52 -43 -44 44 46 61 48 -49 -50 -51 -52 -53 -54 57 -56 -57 -58 -59 -60 -61 -62 -63
leaf_value=-0.052039980109614054 0.050640101157743901 -0.049741009202214741 0.053432971391892063 -0.0045554494056514955 0.050678388269534282 -0.002876532553820605 -0.0045554494056514955 -0.038891432808300555 0.02449065877595177 0.014581178327035541 -0.025496239046814029 0.014581178327035541 -0.0001069078626156861 0.035246262601161892 -0.028889262117599415 -0.028889262117599415 -0.002876532553820605 -0.050468613697680402 0.0060984390820765623 0.052165086301988385 0.0060984390820765623 -0.031776234587927527 -0.024781719023278342 -0.0099614894844918672 0.035246262601161892 -0.002876532553820605 -0.0045554494056514955 -0.0045554494056514955 -0.024426030372234585 0.033345938533309381 0.020351959712125122 0.01185946989100249 0.0057830144374968247 -0.0045554494056514955 0.0057830144374968247 -0.0045554494056514955 -0.0045554494056514955 0.0057830144374968247 -0.0045554494056514955 0.0057830144374968247 0.035246262601161892 -0.012311146871423899 -0.049676154084146738 -0.028889262117599415 -0.027922553525970967 -0.041674968100309052 -0.0061832399349480201 -0.0045554494056514955 -0.028889262117599415 -0.0099614894844918672 -0.028889262117599415 0.014581178327035541 0.014581178327035541 -0.0045554494056514955 0.0057141363662718478 -0.0099614894844918672 0.0057830144374968247 0.014581178327035541 0.010486688390444364 -0.0045554494056514955 -0.041680010525974552 -0.028889262117599415
leaf_weight=12283.51317891106 893.29284726083279 4560.4236373454332 12995.839649707079 34947.117338761687 4231.544845379889 115866.75570422411 67.568201757967472 2839.8646801635623 21849.144623965025 25670.192917793989 12074.589101999998 447.17910158634186 4640.3817284330726 7412.2975037321448 1029.7071671187878 8476.6729675754905 9403.5186499357224 4998.386382304132 6157.9196718484163 3740.9461819455028 1063.6266703829169 6959.9312512725592 4789.9102844297886 19832.269875019789 751.94257681071758 4501.6345285028219 388.30468422919512 925.45965264737606 2639.6464903578162 5816.9742822423577 9173.5751209631562 10516.732571601868 43694.330696254969 13378.734591349959 5353.403786227107 6992.5970131903887 12821.145071059465 3686.4152505099773 4875.3991046324372 4375.1630544513464 341.54495476186275 13568.010485514998 1263.5686533227563 1290.6530511081219 2889.3315822929144 3337.0157900750637 16851.361642934382 730.36006946861744 929.60591867566109 870.10950708389282 1609.7451155483723 1317.238136857748 12659.179504975677 731.47749796509743 5223.7325924187899 3129.1405364349484 89364.639948040247 2429.5150833874941 17050.16295298934 837.80081458389759 792.52960825711489 5288.6134107261896
leaf_count=167758 7012 58565 140411 181665 41022 507278 610 29389 129121 120462 91051 1808 23392 62304 5626 75064 37973 61382 30224 34664 8687 70325 33647 100763 4395 26372 3623 3783 17014 46143 50135 47040 179226 56049 22429 28018 53074 15223 32156 18959 1635 73945 11454 7668 17673 37041 97964 4129 5325 5331 10138 5892 67426 3038 21090 19519 372354 10013 68850 3496 8247 56381
internal_value=-0.000102891 -0.00866868 0.0153896 -0.00556003 0.0116071 -0.00364366 -0.0362125 -0.0226291 0.0228093 0.0077562 -0.0110085 -0.00117678 -0.0153771 0.0457712 -0.0156538 -0.021473 0.00666179 -0.0448859 0.0185157 0.0376171 0.0311908 -0.0388914 -0.012447 -0.00391206 0.0206632 -0.0123946 -0.0386111 0.00209142 -0.0114719 0.0406491 0.0230444 0.00498916 0.00321983 0.000665091 -0.00455545 0.00449823 -0.00413133 0.00578301 -0.00887553 0.0124898 0.0145812 -0.0155661 -0.0288893 -0.00889801 -0.0110465 -0.0320311 -0.00961309 -0.0202573 -0.00744521 -0.019955 -0.0232918 0.00578301 0.0145812 -0.00115825 -0.00385237 -0.0152353 0.00578301 0.00925169 0.00578301 -0.00455545 -0.0338493 -0.0336952
internal_weight=639629 411894 227735 370123 202523 332764 41771.6 37358.5 51808.3 150714 83493 249271 25838.2 25212.7 48545.9 15475.7 140647 26295.8 41759.7 12216.9 8475.92 11520.4 22998.3 135699 35601.8 36471.3 14012.3 113572 35441.6 10048.5 10066.9 109285 96138.9 52444.6 18732.1 33712.5 17433 4611.87 5735.5 31362.6 13752.7 18357.9 9740.24 27192.9 22691.3 9013.93 21400.7 3619.69 17781 8248.64 7378.53 5692.4 13000.7 15377.3 12216.3 5768.79 99881.4 3160.99 18335.1 1284.98 860.098 8625.63
internal_count=3532451 2306592 1225859 1852876 979793 1563613 453716 289263 319966 659827 489475 1074138 160373 246066 307810 127531 602680 326185 232801 105655 70991 128890 130984 608041 202577 216759 158427 466097 211133 87165 57147 457367 394017 214791 78478 136313 72080 19006 41013 145313 73456 107592 86518 159131 132759 97045 125091 21802 103289 52002 46671 24851 69061 62159 49108 36533 419394 13051 74154 5304 8857 93422
is_linear=0
shrinkage=0.05


Tree=36
num_leaves=63
num_cat=0
split_feature=0 0 0 1 0 1 0 0 1 1 1 8 1 8 1 0 8 1 8 1 11 1 8 8 9 9 8 9 8 10 1 10 8 9 8 8 9 8 9 8 8 9 10 8 9 10 9 10 9 10 8 1 1 9 8 10 10 10 10 8 10 11
split_gain=30859.1 13324 10036.7 4519.84 3110.28 2109.95 2060.66 1646.03 1576.55 917.449 875.442 795.73 729.263 697.257 651.536 558.222 484.11 481.627 419.648 405.939 376.858 361.997 324.954 313.323 314.884 312.712 309.169 403.646 374.869 275.178 267.228 250.851 225.808 221.527 256.999 208.732 193.098 245.107 188.786 186.717 187.92 185.639 181.969 181.18 178.971 165.641 161.437 157.603 287.16 184.72 142.408 139.369 134.723 121.792 176.463 171.884 118.583 117.42 198.049 115.161 168.172 143.217
threshold=1.0000000180025095e-35 -1.4999999999999998 2.5000000000000004 1194.5000000000002 1.5000000000000002 1608.5000000000002 -1.0000000180025095e-35 -1.0000000180025095e-35 540.50000000000011 872.50000000000011 299.50000000000006 0.45978543162345892 502.50000000000006 0.39199665188789373 1080.5000000000002 -2.4999999999999996 0.45149688422679907 1470.5000000000002 0.39419347047805792 142.50000000000003 -0.51530927419662464 831.50000000000011 0.57808911800384533 0.40150643885135656 0.21753472089767459 0.30284313857555395 0.35915148258209234 0.31515826284885412 0.44429826736450201 0.22401636093854907 80.500000000000014 0.18845019489526751 0.57808911800384533 0.37882085144519811 0.29079855978488928 0.30652734637260443 0.44523863494396215 0.34329362213611608 0.22264148294925692 0.35915148258209234 0.36890326440334326 0.19466029852628711 0.21268417686223987 0.29441830515861517 0.3380760401487351 0.24326356500387195 0.4138051718473435 0.21770152449607852 0.39969487488269811 0.22460558265447619 0.58457565307617199 276.50000000000006 30.500000000000004 0.39328366518020635 0.39199665188789373 0.22150158137083056 0.21239183843135837 0.23359713703393939 0.23574929684400561 0.57808911800384533 0.22545928508043292 -0.65763115882873524
decision_type=2 2 2 2 2 2 2 2 2 2 2 2 2 2 2 2 2 2 2 2 2 2 2 2 2 2 2 2 2 2 2 2 2 2 2 2 2 2 2 2 2 2 2 2 2 2 2 2 2 2 2 2 2 2 2 2 2 2 2 2 2 2
left_child=1 5 4 6 9 21 12 13 51 19 30 26 -3 20 -4 50 43 44 56 52 42 -1 -15 -20 -25 59 -9 -28 29 -29 -8 -19 47 -22 -35 -33 37 -37 -32 -39 -41 -13 -5 -17 -10 -46 -21 61 49 -49 -7 -6 -2 54 -42 -55 -11 -56 -59 -14 -51 -12
right_child=2 3 14 7 8 15 10 11 17 18 32 41 25 22 -16 16 -18 31 23 46 33 -23 -24 24 -26 -27 27 28 -30 -31 38 35 -34 34 -36 36 -38 39 -40 40 53 -43 -44 -45 45 -47 -48 48 -50 60 -52 -53 -54 55 57 -57 -58 58 -60 -61 -62 -63
leaf_value=-0.052012795278721394 0.049036790070680077 -0.04569569810038035 0.053057425517971615 -0.0066884580054526153 0.052719506029285337 -0.042463318662683179 -0.04569569810038035 -0.0066884580054526153 0.029481655594526007 -0.0066693740231199604 -0.0066693740231199604 0.010270863574073573 -0.017695054490080284 -0.0066693740231199604 0.036680522711914187 -0.04044686273432483 -0.0066693740231199604 0.036680522711914187 0.014339432135082521 0.015244172786440656 -0.025537616713631767 -0.039321217621752572 0.0028947304764249684 0.014339432135082521 0.0056235062004990856 -0.030348220589312747 -0.0066693740231199604 -0.0066693740231199604 0.0056235062004990856 -0.00030255724749579074 0.010632178529544921 0.0012367818075534314 0.0056235062004990856 -0.024252746065664382 -0.0081757938545923142 0.0012367818075534314 0.036680522711914187 0.033925754273023356 -0.02558483665103415 0.0012367818075534314 0.0012367818075534314 0.0028947304764249684 -0.025537616713631767 -0.025537616713631767 0.016793473697379775 0.036680522711914187 0.0056235062004990856 0.0012367818075534314 -0.01764140218044228 -0.017695054490080284 -0.0066693740231199604 0.037793855301870523 0.025992320032440189 0.014339432135082521 0.014339432135082521 0.036680522711914187 0.0012367818075534314 0.036680522711914187 0.016713703423776163 0.0037135916064380166 -0.0058522308531272597 -0.017695054490080284
leaf_weight=11309.2659567222 866.07437836378813 5624.6193329542875 12476.943557344377 972.00719480961561 3112.2641794979572 3448.4996733441949 1580.7769644856453 42368.717173084617 9723.7173347622156 3418.263572588563 1345.1748932301998 8529.1983561962843 3070.2825376391411 45875.8171415627 11859.660569094121 1198.3588326498866 5499.1031910553575 1222.490135371685 3780.8145351111889 20888.662375852466 1505.5239333957434 11214.619076613337 5085.1734721958637 8483.2739633768797 71173.846135243773 8952.472593806684 7088.5211645960808 14923.299871847034 9805.4651155620813 70120.297244682908 390.19761884212494 1603.5824745893478 2587.8346414268017 3009.2841892242432 14281.355817981064 931.5399998575449 848.05726446211338 1235.9234022796154 4546.7777288556099 775.88327392935753 1589.9592838287354 81338.206531554461 4957.2258394137025 7708.5029788538814 6876.7915819212794 679.13378842175007 4521.786024287343 4080.5887592732906 5457.7221960276365 673.17413280904293 112.06637494266033 3179.1451915502548 2387.981677107513 254.35293518006802 14678.939600214362 441.42719699442387 34875.588739946485 937.71317388117313 2955.3384331762791 789.27300336956978 14348.564688190818 5628.292444139719
leaf_count=161852 7048 74402 140687 6589 31443 37993 18338 202659 65436 13791 7101 34908 25712 252249 105409 10901 37342 7319 15484 99860 9302 136266 22371 40525 307764 81357 29163 66701 40416 299181 2708 7372 11228 19694 88928 4400 3909 6034 36380 3683 7744 332209 32821 67714 41229 4186 19631 20328 29803 3341 1111 29813 15358 1250 82599 2162 140749 5125 16035 5102 72617 27965
internal_value=-9.12324e-05 -0.0082751 0.0147493 -0.00528692 0.011085 -0.0355017 -0.0179614 -0.00287044 0.0217492 0.00746532 -0.0116711 -0.00079864 -0.0318254 -0.0092805 0.0450785 -0.02272 -0.0183361 0.0184538 0.00557021 0.0155129 -0.0161702 -0.0456957 -0.00593751 0.00755901 0.00672417 -0.0252192 -0.00309871 -0.00160664 -0.000489861 -0.00163614 -0.0284609 0.0143394 -0.00846325 -0.0126696 -0.0109751 0.0143394 0.0144933 0.0143394 -0.0227208 0.0149126 0.0143394 0.00289473 -0.0255376 -0.0255376 0.0249945 0.019217 0.0133826 -0.0096285 -0.00752765 -0.00463728 -0.0404469 0.0450785 0.0321388 0.0149071 0.0143394 0.03548 0.00123678 0.0155914 0.0234451 -0.0133172 -0.00740133 -0.0133172
internal_weight=635205 409426 225779 368936 201443 40490.4 59075.8 309860 51046.3 150396 40639.1 234174 18436.6 75686.4 24336.6 17966.5 14406 44754.8 121732 28664.5 24725.4 22523.9 50961 83437.9 79657.1 12812 144306 101938 94849.1 85043.6 6517.75 27475.2 34121.4 18796.2 17290.6 26252.7 24649.1 23801.1 4936.98 22869.5 21633.6 89867.4 5929.23 8906.86 17279.6 7555.93 25410.4 31533.5 24560 19102.3 3560.57 6291.41 3254.06 20857.7 20162 695.78 38293.9 18572 3893.05 3859.56 15021.7 6973.47
internal_count=3532797 2306752 1226045 1853573 979949 453179 416382 1437191 319739 660210 229809 1005237 186573 431954 246096 155061 115957 258483 518313 141897 157334 298118 274620 363773 348289 112171 638120 435461 406298 365882 57426 147632 172383 117924 108622 140313 132941 129032 39088 124632 118598 367117 39410 78615 110851 45415 119491 161155 126089 96286 39104 61256 22406 114915 111503 3412 154540 103759 21160 30814 75958 35066
is_linear=0
shrinkage=0.05


Tree=37
num_leaves=63
num_cat=0
split_feature=0 0 0 1 0 1 0 0 1 1 9 8 1 1 9 9 1 9 1 1 1 9 9 1 8 10 0 1 9 8 9 8 8 8 10 10 10 1 11 8 10 9 10 10 1 8 10 9 9 9 10 9 8 8 11 9 9 1 10 10 8 8
split_gain=28143.3 12583.1 9587.94 4216.35 3021.55 2042.08 1738.5 1733.06 1506.89 858.091 826.216 697.519 697.265 664.821 546.488 533.757 512.417 467.359 396.911 368.283 346.327 282.182 273.437 274.582 258.452 257.832 254.469 250.011 239.083 202.438 245.596 446.382 270.248 257.253 276.508 269.956 337.501 192.192 184.251 180.302 233.143 236.529 204.492 195.644 179.399 159.519 211.092 202.555 149.278 305.958 166.14 148.133 138.05 134.874 271.145 223.886 130.211 129.575 127.594 127.174 125.763 238.454
threshold=1.0000000180025095e-35 -1.4999999999999998 2.5000000000000004 990.50000000000011 1.5000000000000002 1620.5000000000002 -1.0000000180025095e-35 -1.0000000180025095e-35 502.50000000000006 214.50000000000003 0.3504349440336228 0.37306414544582372 152.50000000000003 1194.5000000000002 0.34226986765861517 0.3302708119153977 472.50000000000006 0.3380760401487351 780.50000000000011 2629.5000000000005 1590.5000000000002 0.21753472089767459 0.3302708119153977 2539.5000000000005 0.5077456831932069 0.24110610783100131 -2.4999999999999996 2460.5000000000005 0.38671813905239111 0.30652734637260443 0.43672624230384832 0.34756815433502203 0.40625980496406561 0.39419347047805792 0.25297999382019049 0.23104770481586459 0.22179302573204043 30.500000000000004 -0.29511401057243342 0.60423651337623607 0.20740322023630145 0.27148680388927465 0.2233121916651726 0.23240628093481067 1620.5000000000002 0.57808911800384533 0.21752139925956729 0.26811902225017553 0.44099158048629766 0.40693396329879766 0.23198642581701281 0.20990382134914401 0.5077456831932069 0.39199665188789373 0.66384690999984752 0.36743076145648962 0.48604546487331396 360.50000000000006 0.2065781503915787 0.25167453289031988 0.35430321097373968 0.36649362742900854
decision_type=2 2 2 2 2 2 2 2 2 2 2 2 2 2 2 2 2 2 2 2 2 2 2 2 2 2 2 2 2 2 2 2 2 2 2 2 2 2 2 2 2 2 2 2 2 2 2 2 2 2 2 2 2 2 2 2 2 2 2 2 2 2
left_child=1 5 4 6 9 18 16 10 -6 37 24 -9 -8 -4 -11 26 -3 22 -1 52 -12 -21 23 38 44 -19 51 56 45 -16 31 -31 33 34 35 36 -33 -2 -10 40 -40 42 -42 -43 -5 46 -14 -48 49 53 -50 -7 54 -22 59 -55 -17 -49 -30 -13 -37 -62
right_child=2 3 13 7 8 15 12 11 17 14 20 19 28 -15 29 27 -18 25 -20 21 48 -23 -24 -25 -26 -27 -28 -29 58 30 -32 32 -34 -35 -36 60 -38 -39 39 -41 41 43 -44 -45 -46 -47 47 57 50 -51 -52 -53 -54 55 -56 -57 -58 -59 -60 -61 61 -63
leaf_value=-0.052077021986229211 0.044387388307878778 -0.044892660343742924 0.052029738121045901 -0.015801522910560827 0.044387388307878778 -0.0079791112264931095 -0.034028852768272985 -0.0049408357008975043 0.035121955250693455 0.0091738982914656934 -0.025452503756030927 -0.0049408357008975043 -0.019086190218971483 0.035121955250693455 -0.0036522453347891497 -0.031752294615139197 -0.026697150426185336 0.010381465514438533 -0.038594581309258469 0.0091738982914656934 -0.017490920399851905 0.0016561092433293172 0.035121955250693455 0.0091738982914656934 -0.0020120176763542374 0.027097643317990125 -0.0079791112264931095 -0.017490920399851905 -0.0049408357008975043 -0.0049408357008975043 0.010381465514438533 0.0016561092433293172 0.0016561092433293172 0.010381465514438533 0.027097643317990125 -0.0049408357008975043 0.010381465514438533 0.022538590288750306 0.0091738982914656934 0.035121955250693455 0.035121955250693455 0.013220801263647178 0.0091738982914656934 0.029955707685130048 -0.0059991919952823861 0.0016561092433293172 0.0091738982914656934 -0.018371758381551251 -0.017490920399851905 -0.0049408357008975043 -0.0049408357008975043 -0.040378071080852972 0.0014371212181188658 -0.017123506392354656 0.0016561092433293172 -0.0049408357008975043 -0.051213750774944125 -0.0058964739663863626 -0.020181263360933382 0.0016561092433293172 0.010381465514438533 0.0016561092433293172
leaf_weight=10261.061711046845 847.90501742064953 5040.7041308581829 12873.739641427994 5848.7408160418272 5505.691852234304 86.158579707145691 3001.7704894766212 55110.523796826601 2345.7278303876519 78234.174233496189 6678.4176812544465 47020.178899437189 4248.2480949833989 10623.182471990585 9738.1504948288202 6085.5904200896621 8813.5352572277188 17650.558401800692 11712.294607147574 9709.5108370631933 7326.7714918032289 98190.078503787518 1698.2917387187481 3747.9116835743189 15938.66938225925 2653.2770658060908 6087.3428732827306 3104.1948224753141 425.51187441498041 4917.0874261409044 7258.0451473742723 3324.5059607774019 13254.507732138038 7230.210458278656 365.04394106566906 1359.3453902751207 7020.7050427049398 4497.4700808301568 2637.1980052962899 1893.8588023856282 3133.547259286046 5904.5146175101399 780.5792675986886 2481.2207361608744 23114.619717180729 2223.4296183362603 1211.464112572372 2558.5197119489312 7439.3203327953815 5255.4198488891125 895.15041850507259 1046.3120322525501 21250.236613899469 4705.4050103798509 10580.011855408549 2255.6203214749694 1004.0711331069469 11154.366003453732 6915.7557868808508 597.08084104955196 3498.5394859462976 8473.3871147036552
leaf_count=153732 7137 69635 150389 40196 56192 819 32214 260037 15502 353659 52493 202480 22455 95679 39520 59964 84273 93692 147567 39433 44449 406964 10894 21435 77679 14553 42440 27262 2538 19945 29320 13871 54381 30039 1527 5564 28968 27072 16821 12187 19911 38022 4982 15975 121724 10337 5903 18167 48230 31724 5587 11930 86521 28532 46035 13777 10250 57824 40795 2401 14156 34909
internal_value=-6.46238e-05 -0.00789944 0.0141706 -0.0050209 0.0106284 -0.0347575 -0.0192514 -0.00300536 0.0212159 0.00706899 -0.00941378 -0.000905169 -0.0128001 0.0443874 0.006342 -0.0219666 -0.0340289 0.0181841 -0.0448927 0.000571461 -0.0152256 0.0024737 0.0228152 0.0212458 -0.00494084 0.0125671 -0.0115626 -0.0293334 -0.0103977 0.00300728 0.00415107 0.00283587 0.00466221 0.0075273 0.00426997 0.00346794 0.0101851 0.0267402 0.0236656 0.0218186 0.019967 0.0229164 0.0330663 0.0181754 -0.00797911 -0.00772569 -0.00925372 -0.00645379 -0.0127748 -0.0103609 -0.0174909 -0.033339 -0.00201202 -0.0146215 -0.00327144 -0.00940544 -0.0345154 -0.00822525 -0.0181832 -0.00494084 0.00165611 0.00165611
internal_weight=630844 406896 223948 367509 200451 39387 45593.3 321916 50432.4 150019 79458.1 242458 31739.1 23496.9 144674 17413.7 13854.2 44926.7 21973.4 187347 34556.1 107900 24622.8 22924.6 44902 20303.8 7219.81 10193.9 28737.3 66439.5 56701.4 49443.3 44526.2 31271.7 24041.5 23676.5 10345.2 5345.38 19176.6 16830.9 14937.1 12299.9 3914.13 8385.74 28963.4 21396 19172.6 14924.3 27877.7 19543.2 8334.47 1132.47 79447.5 14287.8 58197.3 6961.03 7089.66 13712.9 7341.27 47617.3 13331.3 11971.9
internal_count=3532669 2306367 1226302 1852403 980234 453964 344141 1508262 320166 660068 464391 1043871 190233 246068 625859 152665 153908 263974 301299 783834 224792 446397 155729 144835 239599 108245 55189 97476 158019 272200 232680 203360 183415 129034 98995 97468 42839 34209 123400 107898 95711 78890 24893 53997 161920 114686 104349 81894 172299 118482 53817 12749 337437 86758 250916 42309 70214 75991 43333 204881 54629 49065
is_linear=0
shrinkage=0.05


Tree=38
num_leaves=63
num_cat=0
split_feature=0 0 0 1 0 1 0 1 0 1 1 1 8 1 12 8 1 8 1 1 8 8 8 10 8 8 11 8 1 8 8 8 8 8 8 10 8 8 10 8 10 8 8 11 8 11 8 8 8 8 10 11 8 10 8 8 1 8 1 1 8 10
split_gain=25564.1 11785.6 9254.25 3953.81 2670.13 2089.42 1831.71 1521.93 1246.51 875.182 834.739 810.034 684.26 669.504 544.999 528.758 459.617 438.78 414.251 382.725 371.723 363.306 295.793 293.666 281.817 272.87 282.439 264.973 257.752 256.268 229.431 184.103 202.588 225.931 182.403 190.906 287.164 178.106 168.487 167.849 165.706 200.514 177.288 191.447 163.899 149.672 190.179 172.434 138.167 131.969 203.513 198.508 181.27 161.04 130.586 127.877 118.735 117.753 110.758 109.356 105.833 111.789
threshold=1.0000000180025095e-35 -1.4999999999999998 2.5000000000000004 1290.5000000000002 1.5000000000000002 1639.5000000000002 -1.0000000180025095e-35 531.50000000000011 -1.0000000180025095e-35 540.50000000000011 990.50000000000011 152.50000000000003 0.45978543162345892 1080.5000000000002 2.5000000000000004 0.39199665188789373 1290.5000000000002 0.57117900252342235 840.50000000000011 90.500000000000014 0.46895973384380346 0.39419347047805792 0.40150643885135656 0.2233121916651726 0.30878235399723059 0.45149688422679907 -0.51530927419662464 0.57808911800384533 411.50000000000006 0.57808911800384533 0.34329362213611608 0.60423651337623607 0.35915148258209234 0.36890326440334326 0.44325809180736547 0.21554413437843326 0.56662777066230785 0.53916177153587352 0.20894466340541842 0.29079855978488928 0.23318386822938922 0.48320062458515173 0.44254073500633245 0.77103558182716381 0.42156024277210241 0.16720794141292575 0.35287474095821386 0.43212392926216131 0.30652734637260443 0.35430321097373968 0.21752139925956729 -0.0045030873734503976 0.29661081731319433 0.20863866060972217 0.44519373774528509 0.57808911800384533 268.50000000000006 0.38338065147399908 1620.5000000000002 80.500000000000014 0.40256786346435552 0.22868927568197253
decision_type=2 2 2 2 2 2 2 2 2 2 2 2 2 2 2 2 2 2 2 2 2 2 2 2 2 2 2 2 2 2 2 2 2 2 2 2 2 2 2 2 2 2 2 2 2 2 2 2 2 2 2 2 2 2 2 2 2 2 2 2 2 2
left_child=1 5 4 6 10 18 9 56 15 -3 19 59 24 -4 25 26 54 -16 -1 -2 -11 -12 -23 34 -10 38 -5 28 -13 -17 -18 32 -32 -34 44 36 -36 48 -7 -28 -25 42 43 60 -24 -26 -47 -48 52 -30 -51 -52 -21 -50 61 -22 -6 -41 -15 -8 -42 -9
right_child=2 3 13 8 7 14 11 16 12 20 21 27 -14 58 17 29 30 -19 -20 37 55 22 23 40 45 -27 39 -29 49 -31 31 -33 33 -35 35 -37 -38 -39 -40 57 41 -43 -44 -45 -46 46 47 -49 53 50 51 -53 -54 -55 -56 -57 -58 -59 -60 -61 -62 -63
leaf_value=-0.051348713946090502 0.034730828745539642 -0.044304041669477864 0.052377014855659466 -0.020275389368018468 0.052074245672601133 -0.056416082959480467 -0.044304041669477864 0.014356568429872017 -0.0089781715948572781 -0.027002269135171494 0.0007521704180733326 -0.019036980592263136 0.0030055143588509988 0.041160503787951656 -0.036117519576723253 -0.0050400304612703509 0.0022403751122119209 -0.0050400304612703509 -0.037397510688951766 0.0082086842770550516 -0.014213773536473984 0.013699229174783004 0.014356568429872017 0.0030055143588509988 -0.0007142109826497688 -0.0050400304612703509 -0.020275389368018468 0.0030055143588509988 -0.014491040652625464 0.0030055143588509988 0.033149748256870941 0.031338305054208232 0.0007521704180733326 0.014356568429872017 0.0030055143588509988 0.014356568429872017 0.013975883055952903 0.022660028191223841 -0.020275389368018468 -0.0089781715948572781 0.0001610490705391936 0.014356568429872017 0.0030055143588509988 0.0030055143588509988 0.0030055143588509988 -0.0089781715948572781 0.0001610490705391936 -0.0050400304612703509 -0.0098229215215793544 -0.0098229215215793544 -0.0095403938746201917 -0.0010677959054597858 -0.014491040652625464 0.012685864881734569 0.029805380153944811 0.0030055143588509988 0.037560936809421248 -0.020275389368018468 0.033149748256870941 -0.025857855838219975 0.014356568429872017 0.025330383451959267
leaf_weight=10553.212137803435 2059.9500911310315 5790.1287773065269 11454.707419708371 5447.7827132940292 2751.3421691209078 321.80265340954065 1475.2479191720486 2738.4670896455646 15524.225998982787 10166.247475378215 36781.333441376686 6162.6742677688599 87608.199051067233 5076.0148459225893 6058.8187244832516 43690.394144900143 3822.7812130600214 401.78727978467941 10770.727499682456 1634.5049276947975 3610.8721190392971 3597.9165824651718 1725.6199997365475 21974.182650461793 88028.55658455193 4130.2295278757811 2825.170450553298 3355.4140718281269 6227.3403461873531 4849.1108697205782 1359.0802222937346 1683.9020521342754 885.09186361730099 22837.318338081241 11103.703020602465 11639.406124427915 9427.5453831851482 3771.6832160055637 5973.98870588094 13124.160628341138 187.19321577250957 1232.4778044968843 5625.8032520264387 1638.0289381146431 2605.6528706997633 5603.1800197809935 21996.611471444368 9376.9594872295856 468.50932259857655 5655.2748855650425 8996.3012286573648 12898.357602015138 525.37004607915878 24599.469279706478 6611.1710389703512 952.98595521599054 2926.7966705784202 1840.3571723476052 6207.3045751601458 1446.696787185967 8922.3367287516594 4086.8018991947174
leaf_count=164685 15784 81508 140659 36536 30007 3065 18256 17404 79589 92182 148455 42799 357608 50258 63697 239004 18029 3221 138362 6975 29208 14780 6994 93261 381014 27469 18835 14890 33713 21136 6826 10462 4283 129192 49885 52598 45377 19756 52738 81782 772 5446 23589 6919 10784 26214 95831 38930 2292 26861 44229 62528 2252 115391 46962 5883 29468 11579 55684 13948 38113 26934
internal_value=2.52802e-06 -0.00747395 0.0136398 -0.00471995 0.0101905 -0.0338993 -0.0157267 0.0202303 -0.00227065 -0.028158 0.00685306 -0.0102068 -0.00046258 0.0438592 -0.0207587 -0.0080174 0.017086 -0.0321691 -0.044304 0.0138649 -0.0216806 0.00486253 0.00675989 0.00594336 -0.00262465 -0.0136857 -0.0136857 -0.00848671 -0.00963379 -0.00504003 0.0136992 0.0153357 0.0142601 0.0136992 0.00917821 0.0104751 0.00751103 0.0124773 -0.0202754 -0.0109291 0.00300551 0.00785669 0.00563561 0.0102009 -0.000454462 -0.00183555 -0.00450496 -0.00275406 0.0110659 -0.00791766 -0.00643136 -0.00368168 -0.0010678 0.0121114 0.0247945 -0.00982292 0.0438592 -0.00897817 0.0352081 -0.0356829 0.0136647 0.0199372
internal_weight=626824 404863 221961 366652 199223 38210.6 66737.5 49702.8 299915 20520.2 149521 46217.3 228138 22738 16886.6 71777 44024.6 6460.61 21323.9 33059.5 14730.1 116461 79679.9 76081.9 140530 10426 23237.5 43295.4 39939.9 48539.5 30588.2 26765.4 25081.5 23722.4 36501.9 32170.7 20531.2 30999.5 6295.79 17789.7 39580 17605.8 16373.4 10747.6 4331.27 125005 36976.8 31373.6 27227.9 33777.3 27549.9 21894.7 2159.87 25068 13436.4 4563.86 5678.14 14964.5 11283.3 2921.94 9109.53 6825.27
internal_count=3532891 2307300 1225591 1854063 978990 453237 466005 319567 1388058 208781 659423 257224 979186 246601 150190 408872 260092 66918 303047 162450 127273 496973 348518 333738 621578 83272 148732 225020 210130 260140 168792 150763 140301 133475 165638 147860 95262 146666 55803 112196 168100 74839 69393 45804 17778 541989 160975 134761 126910 167331 133618 106757 9227 117683 91300 35091 59475 93361 105942 32204 38885 44338
is_linear=0
shrinkage=0.05


Tree=39
num_leaves=63
num_cat=0
split_feature=0 0 1 0 0 0 1 1 1 8 0 1 1 9 1 9 1 1 10 1 11 9 9 8 8 8 9 12 8 10 11 9 1 8 9 9 10 9 9 11 9 10 8 9 10 11 9 9 10 9 9 9 1 11 11 9 8 8 10 9 9 10
split_gain=23238.5 14534.3 6407.99 3317.62 2700.75 2162.04 1515.54 1449.7 1060.62 877.283 865.171 798.391 686.322 675.052 631.351 458.167 431.692 427.686 389.999 357.171 345.335 304.601 294.102 277.377 284.05 243.693 234.772 226.207 219.117 306.745 220.962 353.651 213.67 213.201 203.633 195.487 216.346 302.521 195.101 248.065 216.813 191.975 183.281 166.873 210.878 160.83 165.754 207.876 157.393 151.814 351.328 149.288 149.029 145.784 291.806 144.688 251.436 142.119 139.539 360.375 171.089 135.773
threshold=1.5000000000000002 -1.0000000180025095e-35 1110.5000000000002 2.5000000000000004 1.0000000180025095e-35 -2.4999999999999996 420.50000000000006 502.50000000000006 2640.5000000000005 0.38997472822666174 -1.4999999999999998 307.50000000000006 1080.5000000000002 0.27884887158870703 451.50000000000006 0.34226986765861517 2118.5000000000005 1410.5000000000002 0.22289190441370013 80.500000000000014 -0.52782398462295521 0.4151990413665772 0.21753472089767459 0.27788905799388891 0.27788905799388891 0.35915148258209234 0.38166438043117529 5.5000000000000009 0.43135935068130499 0.22165223956108096 -0.16721154004335401 0.30915527045726782 30.500000000000004 0.29949034750461584 0.26938365399837499 0.33882296085357672 0.21554413437843326 0.25124679505825048 0.34310244023799902 0.59266486763954174 0.30915527045726782 0.22386372834444049 0.55064404010772716 0.19466029852628711 0.1970353573560715 -0.085790701210498796 0.47371521592140203 0.38589408993721014 0.19051928073167804 0.30364511907100683 0.31173904240131384 0.27046510577201849 1410.5000000000002 -0.37844973802566523 1.1579905152320864 0.2393506318330765 0.56662777066230785 0.60423651337623607 0.19618484377861026 0.19466029852628711 0.15266980975866321 0.23776898533105853
decision_type=2 2 2 2 2 2 2 2 2 2 2 2 2 2 2 2 2 2 2 2 2 2 2 2 2 2 2 2 2 2 2 2 2 2 2 2 2 2 2 2 2 2 2 2 2 2 2 2 2 2 2 2 2 2 2 2 2 2 2 2 2 2
left_child=1 2 10 7 6 -4 19 -2 9 20 -1 32 -5 -8 -12 28 -15 -9 43 -3 -7 25 -16 -10 -18 -19 -22 41 39 35 31 -31 -6 -28 -25 36 37 55 53 -13 -39 -20 -38 54 48 -35 47 -47 -45 -43 -51 -36 -17 -27 -11 56 -30 -55 59 60 -58 -32
right_child=3 4 5 12 11 8 13 17 23 18 14 15 -14 16 22 52 24 21 27 -21 26 -23 -24 34 -26 38 33 -29 29 30 61 -33 -34 45 51 -37 42 40 -40 -41 -42 49 -44 44 -46 46 -48 -49 -50 50 -52 -53 -54 57 -56 -57 58 -59 -60 -61 -62 -63
leaf_value=-0.048218522272153362 0.043047661850053993 -0.04442766073626192 -0.042421179376129478 0.051920378925202099 0.043047661850053993 -0.031878196719997455 0.0033322675656660729 0.023248312648306856 -0.024433754788775307 0.0033322675656660729 -0.046622299093559111 0.01738788056014311 0.034205855126783508 -0.0060733926743597802 0.0033322675656660729 0.0060110605322843394 -0.011417365065099655 0.034205855126783508 -0.034363608998395932 -0.017311816018660275 -0.038440373899616714 0.0024125687402107069 -0.026539916444666967 0.0033322675656660729 -0.000607490188939425 0.034205855126783508 -0.02814045157831134 -0.042421179376129478 0.0033322675656660729 0.0033322675656660729 0.0033322675656660729 0.014298185251644483 0.016711133695566201 -0.0060733926743597802 -0.042421179376129478 -0.000607490188939425 0.01738788056014311 0.0033322675656660729 0.0074697269097280588 0.0033322675656660729 0.01738788056014311 -0.0060733926743597802 0.0033322675656660729 -0.0060733926743597802 -0.0060733926743597802 -0.0060733926743597802 -0.0060733926743597802 -0.023593466713357863 -0.036507411559799953 -0.036738617490749907 -0.012520867786446703 -0.0036117560213269322 0.00082059894143299977 0.01738788056014311 -0.042421179376129478 0.01738788056014311 0.0033322675656660729 0.03361682981355138 0.01738788056014311 0.0033322675656660729 0.01738788056014311 0.013140030496916592
leaf_weight=13413.580722790211 5104.298543728888 1416.8024175316095 5591.3767197132111 10924.833088945597 788.9493732303381 6610.4204025641084 61045.314538791776 15953.112873665988 1390.8434654697776 1975.714751124382 4532.0534724928439 3984.6244879364967 10967.897704482079 63716.748827308416 661.49690471217036 19946.396565169096 6368.0113593041897 634.78552570939064 1057.7841009572148 8494.7343424633145 1288.3416190445423 4305.7984680086374 10421.37917964533 5856.8409321308136 132580.01767356694 1252.3132220208645 2863.800925552845 683.2529917769134 1815.7204264253378 3469.5403190106153 23471.756136849523 3783.9167875349522 7133.7380225583911 3809.8250432498753 124.57036766409874 347.47583535313606 10396.696860834956 7902.2635700106621 7204.5679110735655 1448.2971884459257 1104.5868482142687 5680.5291706137359 670.29599565267563 378.54055669903755 16335.026042778045 418.48086007684469 221.75711467862129 5828.4707652777433 996.68990911543369 1671.9066743925214 14322.188943251967 22514.567147135735 45089.65149153769 13199.201480552554 246.6809511706233 2510.3338619470596 1174.2474532276392 1467.7030580788851 4625.0081097185612 1980.8562095910311 3462.1480389684439 4181.5282991379499
leaf_count=212179 55920 18196 72088 140105 7044 54678 250540 108983 9686 9282 67612 17415 105948 301486 4524 83518 32277 3242 6811 62589 9606 20410 102098 27327 569676 7790 22763 6340 8566 15067 103067 17332 41508 28549 661 1443 47871 34984 35594 6317 5133 34360 3198 1899 103096 3143 1728 43829 5590 10552 101296 130855 182246 78698 1247 12235 5734 9256 22228 9679 17273 18142
internal_value=-6.24632e-05 -0.00352724 -0.0182258 0.0268596 0.000952696 -0.0122151 -0.00199869 0.0196442 -0.0104232 -0.0140363 -0.0389036 0.00636209 0.0430477 -0.00127723 -0.0308993 0.00549637 -0.00263884 0.0167111 -0.00996977 -0.021192 -0.0224131 0.0129944 -0.0244662 -0.00263884 -0.00110299 0.0152312 -0.0180755 -0.0144246 0.00812384 0.0073144 0.00397473 0.0121717 0.0218066 -0.0160763 -0.00157425 0.0105534 0.0112031 0.00830576 0.0142982 0.0142982 0.00333227 -0.0135712 0.0142982 -0.00607339 -0.00650748 -0.0127126 -0.0175707 -0.0203286 -0.0257082 -0.012555 -0.0150546 -0.00393326 0.00241257 0.0173879 0.00333227 0.012693 0.0100393 0.0173879 0.0137322 0.00870115 0.0173879 0.00333227
internal_weight=622820 551806 128896 71014.5 422910 99867.6 273622 49121.8 94276.2 64389.4 29028.5 149288 21892.7 263710 15614.9 141365 202665 44017.5 43348.3 9911.54 21041.1 28064.4 11082.9 29886.8 138948 23758.6 14430.7 23415.7 76329.3 70896.4 34906.7 7253.46 7922.69 13142.3 28496 35989.6 35642.2 24575.2 23123.8 5432.92 9006.85 22732.4 11067 19932.7 17710.3 10278.5 6468.71 6246.95 1375.23 21674.6 15994.1 22639.1 65036 15919.2 2222.4 15568.3 13058 14666.9 11242.3 6617.25 4636.4 27653.3
internal_count=3532509 2966563 1071799 565946 1894764 685386 1234764 319893 613298 444769 386413 660000 246053 1153979 174234 611448 903439 263973 280473 80785 164296 154990 106622 168529 601953 134580 109618 159359 345684 321952 153608 32399 48552 100012 158843 168344 166901 115832 131338 23732 40117 153019 51069 121114 110585 77249 48700 46972 7489 146208 111848 131516 265764 95744 10529 75715 63480 87954 54914 32686 23007 121209
is_linear=0
shrinkage=0.05


Tree=40
num_leaves=63
num_cat=0
split_feature=0 0 1 0 0 0 1 1 1 0 1 1 8 8 1 8 1 1 10 8 11 10 10 1 8 8 8 1 8 10 10 1 10 10 8 8 12 11 10 0 10 10 12 10 10 8 10 10 1 8 10 10 8 8 10 10 11 10 10 10 8 8
split_gain=21380.3 13135.9 6087.53 3258.45 2475.47 2313.16 1426.11 1376.33 1048.75 768.808 729.375 698.684 671.293 667.633 578.952 476.188 460.711 443.711 411.566 342.393 314.807 450.811 418.445 298.487 267.419 240.233 237.152 304.83 287.737 213.494 197.963 178.325 164.451 492.251 162.198 254.664 176.823 161.748 201.952 159.665 159.378 257.729 157.64 154.665 607.585 180.121 153.081 149.627 143.972 143.475 135.494 148.622 134.523 332.637 133.847 133.61 204.667 172.867 133.254 132.27 131.634 216.427
threshold=1.5000000000000002 -1.0000000180025095e-35 1040.5000000000002 2.5000000000000004 1.0000000180025095e-35 -2.4999999999999996 482.50000000000006 339.50000000000006 2209.5000000000005 -1.4999999999999998 268.50000000000006 1350.5000000000002 0.39892351627349859 0.37306414544582372 390.50000000000006 0.24668355286121371 1320.5000000000002 2509.5000000000005 0.22289190441370013 0.34916566312313085 -0.48906680941581721 0.22545928508043292 0.21268417686223987 80.500000000000014 0.44098128378391271 0.56885173916816723 0.56662777066230785 2118.5000000000005 0.61535769701004039 0.18845019489526751 0.20894466340541842 30.500000000000004 0.21912655979394915 0.21066060662269595 0.49471981823444372 0.49222685396671301 6.5000000000000009 0.031500523909926421 0.21770152449607852 -1.4999999999999998 0.24014183133840564 0.24533988535404208 3.5000000000000004 0.22218484431505206 0.228565588593483 0.44034637510776525 0.17694552242755893 0.1979838311672211 930.50000000000011 0.44519373774528509 0.22868927568197253 0.23546514660120013 0.35915148258209234 0.37528081238269811 0.2472183629870415 0.24846510589122775 -0.047598851844668381 0.24915748089551928 0.24326356500387195 0.1954138055443764 0.39804874360561376 0.43304879963397985
decision_type=2 2 2 2 2 2 2 2 2 2 2 2 2 2 2 2 2 2 2 2 2 2 2 2 2 2 2 2 2 2 2 2 2 2 2 2 2 2 2 2 2 2 2 2 2 2 2 2 2 2 2 2 2 2 2 2 2 2 2 2 2 2
left_child=1 2 9 6 7 -4 -2 23 12 -1 31 -5 20 48 -11 -10 49 47 32 21 59 22 -12 -3 43 -16 27 30 -19 -18 -21 -6 33 46 35 37 -36 38 -32 -20 -40 -42 -35 -17 52 55 -14 -15 -9 50 -8 -52 -45 -54 -23 -46 57 -57 -53 -7 -55 -62
right_child=3 4 5 11 10 8 16 13 15 14 19 -13 18 17 25 24 29 28 39 26 -22 54 -24 -25 -26 -27 -28 -29 -30 -31 34 -33 -34 42 36 -37 -38 -39 40 -41 41 -43 -44 44 45 -47 -48 -49 -50 -51 51 58 53 60 -56 56 -58 -59 -60 -61 61 -63
leaf_value=-0.048522846385162965 0.042368963029544453 -0.044338912198415639 -0.042754437300731807 0.04958508372836945 0.042368963029544453 -0.0052252066968451298 0.012444740923961613 -0.014449791173845289 -0.039627580387602883 -0.047897178906963933 -0.0052252066968451298 0.03091760373926751 -0.029995442081215486 0.0020145871228910788 -0.02707319387670535 -0.0052252066968451298 0.03091760373926751 0.0014881263105821199 -0.026240483066527105 0.0020145871228910788 -0.018693016740111361 -0.0052252066968451298 0.012444740923961613 -0.018518933823944612 -0.0026658736930400451 -0.0026658736930400451 0.012444740923961613 0.0026627934172928215 0.012444740923961613 0.012444740923961613 -0.0026658736930400451 0.015999885513280413 -0.0026658736930400451 -0.015673202617647857 0.012444740923961613 -0.0026658736930400451 -0.0026658736930400451 0.0059571064998584188 0.012444740923961613 -0.013999571326122486 -0.0026658736930400451 0.012444740923961613 -0.035579353295798713 -0.035533960817766476 -0.0052252066968451298 -0.042754437300731807 -0.0026658736930400451 -0.0026658736930400451 -0.0052252066968451298 0.028556150447418674 0.03091760373926751 0.012444740923961613 -0.0052252066968451298 -0.042754437300731807 0.012444740923961613 -0.042754437300731807 -0.042754437300731807 -0.0052252066968451298 0.03091760373926751 -0.034801407890432547 -0.010742123126733573 -0.042754437300731807
leaf_weight=11969.610925573856 4781.4666722342372 1379.6864493042231 5766.7356482595205 12975.484682429582 770.59341703355312 205.20071409642696 2909.1972491443157 4777.2130937874317 1004.8929468765855 3753.948886230588 3900.3689032942057 8179.8845834955573 590.50335524231195 7161.2989463508129 9211.7517873719335 6161.1806851923466 1268.8744676411152 110712.27860423923 3477.2000608667731 3095.3415479958057 10536.630855169147 10079.857240587473 7772.7930447906256 5934.8513889983296 23061.41208974272 724.43171708658338 11476.633174300194 48789.46179535985 4844.7874600440264 28266.477524399757 1344.9391235858202 5660.3027828112245 2982.4904691427946 3358.0055032595992 8676.7637023627758 816.11596101522446 706.77626986801624 29097.197793841362 13420.496980503201 11412.704648151994 1819.0994161218405 1050.2455912977457 1414.2790564969182 1999.1776023879647 14117.748609408736 150.29084090143442 5365.0438066832721 82968.525088727474 55444.306679800153 6933.4277009293437 1886.126378826797 1668.2539498731494 541.78354822844267 944.9228249117732 492.23571039736271 154.40016709268093 341.13975320756435 404.71515256166458 757.11054799705744 5527.4264003075659 1437.5465673208237 434.83422403037548
leaf_count=198834 54435 18386 77729 168161 7099 1784 19077 27769 7593 58610 15797 77926 2965 29569 97278 41375 8219 458017 36439 14648 86489 40937 31502 47415 116622 5649 56432 207164 20107 157105 5933 34172 21278 21302 40537 3597 3449 126317 58322 73613 7843 4481 11842 13755 88376 929 32370 370224 263291 51408 12803 11427 3670 6261 1885 951 2114 2476 5353 49291 9281 2649
internal_value=-0.000105287 -0.00341419 -0.0175098 0.0259965 0.000827626 -0.0120036 0.0188499 -0.00199942 -0.0101487 -0.0392652 0.00601267 0.042369 -0.0157178 -0.00141081 -0.0311681 -0.00522521 0.0159999 -3.63444e-05 -0.0111045 0.00526944 -0.0238264 -0.000429153 0.00662281 -0.0233946 -0.00522521 -0.0248436 0.00632324 0.00559823 0.00201459 0.0124447 0.00798405 0.0224827 -0.00485326 -0.00933185 0.00881641 0.00751585 0.0124447 0.00824749 0.012026 -0.0168597 0.0124447 0.000317407 -0.0215787 -0.00828054 -0.0107907 -0.0056771 -0.00266587 -0.00266587 -0.00522521 0.023417 0.018479 0.0242583 -0.0252626 -0.0191408 -0.00522521 -0.00522521 -0.0244855 -0.00522521 0.0156747 -0.0332568 -0.0281587 -0.0204581
internal_weight=618868 549242 127050 69626.3 422192 101390 48470.9 273223 95623.5 25659.7 148969 21155.4 44869.5 265908 13690.1 50754 43689.5 205687 28600.2 142538 16269.3 22245.3 11673.2 7314.54 49749.2 9936.18 120293 108816 115557 29535.4 60027 6430.9 13710.3 10727.8 56931.6 47548.1 9383.54 46732 17634.8 14889.9 16289.8 2869.35 4772.28 26687.7 20526.6 15168.3 5955.55 90129.8 60221.5 14154.1 7220.69 4311.49 5358.26 3359.09 10572.1 15018 900.255 559.115 2425.36 5732.63 2817.3 1872.38
internal_count=3532332 2966418 1071525 565914 1894893 711154 319827 1234778 633425 360371 660115 246087 337373 1168977 161537 296052 265392 877917 199809 618844 137564 90121 47299 65801 288459 102927 528723 472291 478124 165324 265127 41271 89757 68479 250479 206493 43986 202896 76579 110052 70646 12324 33144 171837 130462 94846 35335 399793 291060 100068 48660 29583 35616 21861 42822 93917 5541 3427 16780 51075 18191 11930
is_linear=0
shrinkage=0.05


Tree=41
num_leaves=63
num_cat=0
split_feature=0 0 0 0 1 1 0 1 0 1 1 1 9 1 1 1 8 9 9 9 1 10 8 8 8 1 9 10 9 10 10 9 1 10 8 10 5 9 1 10 9 10 10 1 8 8 11 12 8 8 10 9 9 11 9 8 9 11 1 9 8 11
split_gain=19512.4 12327.9 4226.3 3264.44 3229.53 1933.44 1503.56 1356.85 1175.35 817.237 714.59 671.581 583.268 537.133 480.202 448.806 445.518 383.18 375.792 333.435 313.485 297.136 245.971 236.813 346.128 235.262 227.05 219.052 219.011 217.317 205.733 282.111 200.501 195.999 180.43 167.99 167.772 166.313 165.267 160.531 141.099 133.433 153.64 132.564 132.003 281.858 134.626 131.033 125.107 123.976 132.541 132.001 154.527 121.838 112.677 106.409 216.483 129.6 102.225 94.9758 99.3835 91.7798
threshold=1.5000000000000002 -1.4999999999999998 1.0000000180025095e-35 2.5000000000000004 630.50000000000011 1770.5000000000002 -1.0000000180025095e-35 482.50000000000006 -1.0000000180025095e-35 1938.5000000000002 1080.5000000000002 307.50000000000006 0.33322560787200933 801.50000000000011 90.500000000000014 1770.5000000000002 0.46895973384380346 0.27884887158870703 0.25309312343597418 0.48981106281280523 1880.5000000000002 0.23531123995780948 0.57808911800384533 0.36890326440334326 0.40702675282955175 2328.5000000000005 0.19466029852628711 0.18845019489526751 0.37424677610397344 0.23776898533105853 0.24660515785217288 0.34813758730888372 30.500000000000004 0.17963672429323199 0.49222685396671301 0.23185880482196811 5.5000000000000009 0.53198191523551952 329.50000000000006 0.2472183629870415 0.29643437266349798 0.2065781503915787 0.1970353573560715 1311.5000000000002 0.42247545719146734 0.42793531715869909 -0.37844973802566523 2.5000000000000004 0.40346176922321325 0.39604650437831884 0.21752139925956729 0.36824318766593939 0.26938365399837499 0.036138294264674194 0.20509092509746554 0.40625980496406561 0.3380760401487351 -0.3205008059740066 276.50000000000006 0.43672624230384832 0.31291434168815618 -0.99717843532562245
decision_type=2 2 2 2 2 2 2 2 2 2 2 2 2 2 2 2 2 2 2 2 2 2 2 2 2 2 2 2 2 2 2 2 2 2 2 2 2 2 2 2 2 2 2 2 2 2 2 2 2 2 2 2 2 2 2 2 2 2 2 2 2 2
left_child=1 5 4 7 8 13 9 58 38 16 -5 32 26 -1 -10 28 40 33 -11 25 53 23 36 41 35 34 -8 -17 55 -23 31 -31 -4 -13 47 -25 49 -20 -3 61 -6 42 -14 -42 -26 -46 -47 -7 -32 -16 -51 52 -52 -19 -18 -9 57 -57 -2 -33 -61 -22
right_child=3 2 11 10 6 19 12 15 14 18 -12 17 21 -15 22 27 54 20 37 -21 39 29 -24 24 44 -27 -28 -29 -30 30 48 59 -34 -35 -36 -37 -38 -39 -40 -41 43 -43 -44 -45 45 46 -48 -49 -50 50 51 -53 -54 -55 -56 56 -58 -59 -60 60 -62 -63
leaf_value=-0.050909152731695828 0.050389710722289587 -0.049260807338108559 0.041800676350163178 0.051306744039350698 0.0013187052081461649 -0.019054545601320805 0.0090807047311471465 0.032604672456219959 -0.040610093855157431 0.0013187052081461649 0.032604672456219959 0.022980379432816757 -0.0068921639458646433 -0.034694502506611768 -0.022417224238261559 0.032604672456219959 0.0013187052081461649 0.0098217165904978011 -0.0068921639458646433 -0.045467846990339206 0.0098217165904978011 0.0013187052081461649 0.0065467404503396403 0.0013187052081461649 -0.0068921639458646433 -0.0084612519580023211 0.0013187052081461649 0.0098217165904978011 0.01228390732889021 0.0013187052081461649 0.0013187052081461649 -0.0068921639458646433 0.015188762738100029 0.0090807047311471465 -0.0071927945159533926 -0.0068921639458646433 0.0065467404503396403 -0.024801973975722588 -0.033070503456880944 0.0098217165904978011 -0.024603153633092664 -0.0068921639458646433 0.0013187052081461649 -0.016529643836556775 0.0013187052081461649 0.0013187052081461649 -0.0062978431675959476 -0.035000456202057342 -0.0062978431675959476 -0.023137045202030904 0.0090807047311471465 0.0065467404503396403 -0.013326940376062675 0.0065467404503396403 -0.0071927945159533926 0.032604672456219959 0.0098217165904978011 0.022980379432816757 0.035359189312891719 -0.0068921639458646433 0.0013187052081461649 0.0013187052081461649
leaf_weight=8776.0532996207476 2581.2937946617603 2958.5670754462481 739.29161020368338 10055.281786661595 173.77861945331097 2824.2392261251807 9420.3839048147202 1364.0654022917151 1585.5921088941395 7680.5795386135578 10398.897297225893 2659.6874547600746 1722.827219158411 12252.801155161113 4598.7252959161997 860.01761163771152 1559.3373563662171 20993.455332681537 43554.450900271535 1074.4157650247216 1021.3601279109716 9566.5379466414452 1181.8498758673668 16567.80941054225 11100.616223230958 6392.8075895905495 119162.41505910456 19656.535512678325 6541.8569896519184 4143.3906965553761 5229.1473608762026 17654.798563227057 7019.5211837217212 28216.320728451014 1611.3750218562782 5036.2449398189783 794.80793587118387 1295.3869599476457 3400.1100792661309 1941.0806217938662 8918.26621080935 36958.075258612633 2477.204566642642 11857.731903918087 4264.3596502691507 1653.1376764327288 8383.8708991259336 2376.4841636493802 1210.9510471820831 2088.3880748003721 607.12755988538265 280.40893657505512 5468.1328952014446 29651.046146720648 8532.490344054997 1668.3983382508159 2436.7272801175714 10808.023610457778 2039.1223949566483 975.43597570061684 629.28857252001762 56334.318051218987
leaf_count=156387 31434 48194 7039 140370 1206 25255 38719 8787 21350 33891 105932 13336 8766 167478 31906 5623 7797 90046 249049 11592 4350 41833 6364 74334 50163 53230 491620 107127 39167 17384 22388 78488 41531 133418 12477 22518 5075 9175 47394 7975 83174 181182 12530 82212 18283 7442 36240 27277 5213 13389 3575 1968 36152 128045 56312 12399 15198 77520 23014 4579 2684 233968
internal_value=-9.73888e-05 -0.00324825 -0.00127488 0.0250767 -0.00418447 -0.0318221 -0.00295777 0.0179429 -0.0223315 -0.00878126 0.0418007 0.00582774 -0.00105781 -0.0414635 -0.0153299 0.0151888 -0.0152132 0.00503859 -0.00498026 -0.0176215 0.00365588 -0.00345311 -0.012564 -0.00506642 -0.00255079 -0.0176215 0.00131871 0.00982172 0.0200136 0.000156111 -0.00315224 -0.00557087 0.0201479 0.00982172 -0.0218174 0.00131871 -0.0144497 -0.00689216 -0.0406101 0.00131871 -0.0176215 -0.00689216 0.00131871 -0.0199963 -0.00629784 -0.00206604 -0.00629784 -0.0263464 0.00131871 -0.015811 -0.012211 -0.00861778 -0.0106257 0.00654674 -0.00629784 0.0231193 0.0229804 0.0244419 0.0418007 -0.00629784 0.00131871 0.00131871
internal_weight=614987 546576 511268 68410.2 362692 35308.2 339729 47956 22963.7 83572 20454.2 148576 256156 21028.9 16605 43335.6 31041.6 140817 52530.4 14279.3 109941 127574 15019.4 88164.1 47006 13204.9 128583 20516.6 22819.1 39409.6 29843 23402.9 7758.81 30876 6812.1 21604.1 13837.6 44849.8 6358.68 59296.8 20949.8 41158.1 4200.03 20776 25402 14301.4 10037 5200.72 6440.1 13042.8 8444.06 6355.67 6075.26 50644.5 10091.8 16277.2 14913.1 12476.4 4620.42 19259.5 1604.72 57355.7
internal_count=3532524 2965953 2512257 566571 1852549 453696 1637182 320269 215367 522816 246302 659708 1114366 323865 119779 265821 230701 611138 292115 129831 464384 584027 98429 411458 208980 118239 530339 112750 153071 172569 130736 103135 48570 146754 65009 96852 92065 258224 95588 246293 166592 202478 21296 165386 112128 61965 43682 52532 27601 86990 55084 41695 39727 218091 64109 113904 105117 89919 54448 85751 7263 238318
is_linear=0
shrinkage=0.05


Tree=42
num_leaves=63
num_cat=0
split_feature=0 0 0 0 1 1 0 1 1 1 8 1 9 1 1 1 1 0 1 9 1 9 1 9 9 10 9 10 10 1 8 10 9 9 9 9 8 10 11 9 9 8 11 10 8 9 9 9 9 8 8 10 1 8 10 1 11 9 1 12 9 10
split_gain=17929.8 11398.4 3699.2 3144.94 2384.66 1985.36 1925.11 1326.23 1181.81 701.36 648.914 641.625 621.491 400.554 417.142 391.13 384.728 381.877 354.438 346.738 303.094 284.722 280.475 252.246 369.132 262.521 311.247 248.754 242.789 229.557 223.903 220.733 218.203 211.833 182.277 181.87 247.049 671.875 179.478 254.247 178.921 163.222 180.87 164.328 154.265 149.155 508.278 175.776 293.773 143.268 134.014 133.998 131.746 125.376 124.579 122.35 117.423 121.825 106.009 105.757 105.403 103.308
threshold=1.5000000000000002 -1.4999999999999998 -1.0000000180025095e-35 2.5000000000000004 892.50000000000011 1560.5000000000002 1.0000000180025095e-35 510.50000000000006 360.50000000000006 1071.5000000000002 0.39199665188789373 1011.5000000000001 0.33322560787200933 831.50000000000011 390.50000000000006 1700.5000000000002 2610.5000000000005 -2.4999999999999996 50.500000000000007 0.25309312343597418 80.500000000000014 0.3340155184268952 2629.5000000000005 0.32093408703804022 0.26416507363319403 0.21420419216156009 0.25606970489025122 0.23507919907569888 0.23776898533105853 2238.5000000000005 0.3849149495363236 0.24660515785217288 0.34165079891681677 0.34813758730888372 0.20178101211786273 0.32093408703804022 0.44098128378391271 0.23795686662197116 -0.48906680941581721 0.27884887158870703 0.4151990413665772 0.4489418119192124 0.59266486763954174 0.18845019489526751 0.42793531715869909 0.27409091591835028 0.27884887158870703 0.29080401360988622 0.30770036578178411 0.40346176922321325 0.53916177153587352 0.23402500152587893 1980.5000000000002 0.541222244501114 0.21216849982738498 276.50000000000006 -0.047598851844668381 0.38367605209350591 1380.5000000000002 1.5000000000000002 0.4138051718473435 0.19427843391895297
decision_type=2 2 2 2 2 2 2 2 2 2 2 2 2 2 2 2 2 2 2 2 2 2 2 2 2 2 2 2 2 2 2 2 2 2 2 2 2 2 2 2 2 2 2 2 2 2 2 2 2 2 2 2 2 2 2 2 2 2 2 2 2 2
left_child=1 5 4 7 14 13 8 55 20 -5 16 18 23 -1 -3 30 38 -15 -8 -12 -4 35 -7 24 25 26 53 29 -29 -14 -9 33 41 -30 -16 39 37 -25 -6 -13 44 42 -17 -43 51 -26 -47 -48 -49 -33 60 -31 -21 -10 -38 -2 57 -40 -58 -46 -20 -55
right_child=3 2 6 9 10 22 11 15 12 -11 19 21 27 17 34 32 -18 -19 50 52 -22 -23 -24 36 45 -27 -28 28 31 40 -32 49 -34 -35 -36 -37 54 -39 56 -41 -42 43 -44 -45 59 46 47 48 -50 -51 -52 -53 -54 61 -56 -57 58 -59 -60 -61 -62 -63
leaf_value=-0.050283315593936707 0.050162425765653856 -0.047356408651649126 -0.04314200034300314 0.050897072202810138 -0.021973160851117054 -0.021973160851117054 0.04114058997389413 0.010699226878837911 0.0082953495735037415 0.032029660486438523 0.0012929464715652535 0.0082953495735037415 -0.0065109589412126398 -0.04866459782549834 0.0027475616149492286 0.032029660486438523 -0.0055459892358776927 -0.027105815288350973 0.010699226878837911 -0.011163832057280311 -0.016506755298608008 0.0011808236707526868 -0.0065109589412126398 -0.0055459892358776927 -0.0055459892358776927 0.006147197926152953 -0.0055459892358776927 0.0011808236707526868 0.0011808236707526868 0.0011808236707526868 0.022583889501877185 0.0011808236707526868 0.0042967228024805623 -0.0055459892358776927 -0.027105815288350973 0.010699226878837911 -0.0065109589412126398 0.010646388948791373 -0.021973160851117054 0.0011369809243188518 -0.0055459892358776927 0.032029660486438523 0.010699226878837911 0.010699226878837911 -0.0065109589412126398 0.0082953495735037415 -0.0055459892358776927 0.0011369809243188518 -0.0055459892358776927 -0.0065109589412126398 0.019949122458040872 -0.0055459892358776927 -0.0065109589412126398 0.0076704919083832399 0.010646388948791373 0.034098084959215999 -0.027105815288350973 -0.0065109589412126398 -0.015193404672591872 0.0011808236707526868 0.0032996643397203169 0.0027475616149492286
leaf_weight=8720.2437942549586 2464.4329924657941 3461.8842850290239 1277.836275652051 9531.3830193579197 5148.9867037534714 13293.80374475196 952.56358336657286 5350.488722614944 1726.2367889136076 10211.313271183521 11551.654246479273 25396.326240837574 31639.747311137617 3278.3321149498224 248.69923083856702 1572.5798110291362 8697.7244877591729 5515.6419527679682 22483.404736742377 15214.669085487723 6502.6076721325517 58351.583471745253 3545.4010662734509 4500.1757172942162 8702.8903057575226 13748.365316644311 2316.7798456847668 11342.38175291568 4325.9367407858372 25098.775289058685 15313.451409108937 5485.4713575839996 9658.3207492679358 19876.530257306993 6490.5327836871147 7455.3234612196684 324.74784962832928 4031.2259097099304 567.40552738308907 24246.720608949661 23679.385826736689 872.71881582587957 695.8423358052969 9072.8864965811372 5386.0896182060242 4181.4624831229448 14592.238434195518 21222.47208327055 18976.292488217354 1269.8338834196329 3871.7059653922915 2510.2003373205662 27091.182432308793 12120.233246192336 8008.5280463695526 2307.6723692044616 1461.7983041554689 3915.3609635680914 5434.4637351930141 1046.1411198675632 5725.4939708858728 18649.670232877135
leaf_count=162166 31271 58693 18293 138974 39744 132143 9062 32305 7065 107129 54688 119594 158522 52379 2028 9223 54128 77156 109578 105448 51985 237038 29465 18848 36865 55442 9718 50285 18388 109344 108228 23803 46956 89698 75684 35970 1391 16646 3927 102899 116773 5880 4252 55065 22695 17634 61524 89921 79574 5554 21102 10784 146539 50254 33470 26297 13597 27617 36670 4446 25450 75922
internal_value=-1.89418e-05 -0.00302242 -0.00114568 0.0243783 -0.0103899 -0.0308999 0.000814703 0.0173824 -0.00168084 0.0411406 -0.00744107 0.00539527 -0.00111638 -0.0426859 -0.0308999 0.0145744 -0.0140589 -0.0351474 0.0115398 -0.00434123 -0.0208862 0.00363709 -0.0186397 0.00129295 0.00129295 0.0037082 0.00129295 -0.00355206 -0.000393204 -0.00504734 0.0195073 -0.00361408 0.00991342 -0.00554599 -0.0259939 0.0061472 0.0061472 0.00110231 -0.0185381 0.0061472 -0.00286959 0.0143541 0.0264557 0.0115916 -0.000517448 -0.00200485 -0.000994763 -0.00247893 -0.000672223 0.00118082 0.0106464 0.00112191 -0.00651096 0.00274756 0.0106464 0.0411406 -0.0144492 -0.00814672 -0.0185443 -0.00651096 0.0106464 0.00274756
internal_weight=611714 544663 510310 67051.1 89284.4 34353.4 421025 47308.4 272542 19742.7 79083.2 148483 264762 17514.2 10201.1 42536.3 25225.7 8793.97 33033.2 53857.5 7780.44 115450 16839.2 133101 116237 48561.3 34812.9 131660 42300.2 89360.3 20663.9 30957.8 21872.3 24202.5 6739.23 57098.4 16864.7 8531.4 16528 49643 57720.6 12214 2268.42 9945.61 34041.2 67675.4 58972.5 54791 40198.8 6755.31 32080.6 27609 42305.9 32496.1 8333.28 4772.11 11379 4482.77 6896.26 6432.23 28208.9 30769.9
internal_count=3533189 2967609 2514300 565580 618763 453309 1895537 319477 1234844 246103 482358 660693 1164566 291701 136405 261909 175683 129535 165192 306675 70278 495501 161608 554274 483919 198401 142959 610292 187728 422564 140533 137443 121376 108086 77712 258463 70355 35494 121555 222493 264042 74420 13475 60945 147269 285518 248653 231019 169495 29357 156130 120128 251987 133241 34861 57568 81811 31544 50267 27141 135028 126176
is_linear=0
shrinkage=0.05


Tree=43
num_leaves=63
num_cat=0
split_feature=0 0 0 0 1 1 0 1 1 1 1 9 9 1 1 0 1 9 1 1 1 1 1 10 10 10 10 9 10 10 10 10 10 10 9 10 1 10 9 10 10 10 10 10 9 9 9 9 1 8 10 8 8 1 9 9 9 10 1 1 1 9
split_gain=16447.4 10698 3392.88 3113.49 2241.27 1905.16 1811.82 1271.6 1188 710.775 626.975 566.247 526.487 435.601 442.194 407.7 385.614 379.023 361.782 314.24 301.406 293.378 274.174 263.68 261.476 435.714 334.862 405.215 302.74 295.333 301.197 294.548 272.052 381.911 232.608 227.984 210.173 209.872 330.172 298.314 240.574 196.738 289.647 196.854 164.408 142.788 142.759 302.173 136.416 134.835 142.284 131.449 128.512 124.748 156.913 318.863 118.09 117.65 112.244 110.4 162.363 108.258
threshold=1.5000000000000002 -1.4999999999999998 -1.0000000180025095e-35 2.5000000000000004 930.50000000000011 1608.5000000000002 1.0000000180025095e-35 482.50000000000006 420.50000000000006 1101.5000000000002 206.50000000000003 0.3504349440336228 0.3879420012235642 801.50000000000011 390.50000000000006 -2.4999999999999996 1280.5000000000002 0.26678894460201269 2509.5000000000005 80.500000000000014 2280.5000000000005 2927.5000000000005 1560.5000000000002 0.22289190441370013 0.23531123995780948 0.22903501987457278 0.2248843312263489 0.45174847543239599 0.21684378385543826 0.23776898533105853 0.24136773496866229 0.22545928508043292 0.24390045553445819 0.2472183629870415 0.34165079891681677 0.24182680994272235 1320.5000000000002 0.20894466340541842 0.19466029852628711 0.22192137688398364 0.22844710946083072 0.21466173976659778 0.20994300395250323 0.1970353573560715 0.3302708119153977 0.15266980975866321 0.37323163449764257 0.35119703412055975 1968.5000000000002 0.35915148258209234 0.2181932404637337 0.42959892749786383 0.44519373774528509 1320.5000000000002 0.42927433550357824 0.45658147335052496 0.27884887158870703 0.23491215705871585 3060.5000000000005 276.50000000000006 17.500000000000004 0.38984820246696478
decision_type=2 2 2 2 2 2 2 2 2 2 2 2 2 2 2 2 2 2 2 2 2 2 2 2 2 2 2 2 2 2 2 2 2 2 2 2 2 2 2 2 2 2 2 2 2 2 2 2 2 2 2 2 2 2 2 2 2 2 2 2 2 2
left_child=1 5 4 7 14 13 8 59 19 -5 60 21 18 -1 -3 -15 52 37 46 -4 -7 23 -19 -6 25 26 28 -28 41 -26 61 -29 -32 -34 44 48 -13 38 45 -39 -41 42 43 -14 56 -12 47 51 -25 -17 -48 -10 -9 -27 -55 -56 -18 -42 -30 -2 -8 -31
right_child=3 2 6 9 11 20 10 16 12 -11 17 36 24 15 -16 49 34 22 -20 -21 -22 -23 -24 35 29 53 27 31 58 30 32 -33 33 -35 -36 -37 -38 39 -40 40 57 -43 -44 -45 -46 -47 50 -49 -50 -51 -52 -53 -54 54 55 -57 -58 -59 -60 -61 -62 -63
leaf_value=-0.050346162159498137 0.049787495839794721 -0.046630612672773394 -0.042668626198413946 0.050422477309992469 -0.0022052014832777173 -0.024213729637453604 0.049787495839794721 0.01635092120294955 0.0021100098952329927 0.03111625989953086 0.0021100098952329927 -0.024063141179498287 -0.011993500036473717 -0.048206094995187437 -0.024661403346497031 -0.039932110248951318 0.017321592764143443 0.0066472081969019426 0.0021100098952329927 -0.015573762387619728 -0.011993500036473717 0.0021100098952329927 0.0021100098952329927 -0.018173360905797978 0.0021100098952329927 -0.024063141179498287 0.0021100098952329927 0.0021100098952329927 -0.011993500036473717 0.0021100098952329927 0.0021100098952329927 -0.011993500036473717 -0.011993500036473717 0.0021100098952329927 0.0066472081969019426 -0.0022052014832777173 -0.011993500036473717 0.014836022975440046 0.0021100098952329927 0.0021100098952329927 0.01635092120294955 0.0021100098952329927 -0.011993500036473717 0.0021100098952329927 0.030249062362555035 0.014836022975440046 -0.011993500036473717 -0.010421855615009665 -0.0085318883981136268 -0.024661403346497031 0.0021100098952329927 -0.0022052014832777173 0.02641374543826602 -0.011993500036473717 0.0021100098952329927 -0.011993500036473717 0.008371709373982919 0.0021100098952329927 -0.0048170920703151663 0.033666536375160754 0.020250571087874127 -0.011993500036473717
leaf_weight=8010.4014670774341 2368.3894681222737 3316.7676334120333 1231.0300579331815 9335.0210343264043 17998.650533095002 8779.6563850417733 471.02770428359509 6525.5564503967762 7343.7363577336073 9759.5010795034468 1153.6083885729313 3606.8429383412004 1724.6631477028131 3422.7696063183248 7417.7004515752196 1536.9106256626546 7686.5571114122868 43581.268446415663 112342.2071980983 8170.2402203902602 7268.3812033012509 9128.5290704518557 74969.078702658415 6357.6102530136704 3835.8968687653542 1982.841142475605 6985.070994913578 276.67672774195671 9738.5987274050713 243.72123096883297 2313.0238025039434 2244.3720893263817 2174.8764551728964 1234.9234274625778 13253.114920064807 2410.7103909477592 29604.363358482718 7344.7403258681297 9163.2368748635054 2152.9924043715 1034.8620797544718 2743.1369436681271 3886.3085677027702 4245.8771399706602 1730.0834904462099 3918.3120383173227 411.39112697541714 11442.72750736773 8681.2319719344378 4412.3050192706287 6172.2020256221294 60195.308469444513 6190.3192142099142 7048.8244459480047 2695.3598966598511 1857.8701650649309 7086.9744697585702 344.56430262327194 5601.3409772217274 1946.6570613607764 4082.7850344032049 4129.1648215502501
leaf_count=156122 31331 58596 18280 141882 95764 91907 4773 45988 32807 104328 5767 34007 8866 57043 85254 22424 48927 192661 463927 62677 62868 44757 312350 43415 17250 10739 32050 1466 49007 1140 10505 12273 10235 5511 66519 14956 195665 36356 44843 9918 5075 13603 19665 21690 10464 20058 2009 53992 45818 62250 28437 258941 48691 31692 12401 9964 44828 1639 27039 23227 27294 18812
internal_value=-4.80569e-05 -0.0029133 -0.00111377 0.0235426 -0.0100107 -0.030312 0.000759248 0.0165982 -0.00166233 0.0405569 0.00520763 -0.00705129 -0.0010377 -0.0417808 -0.030312 -0.0344553 0.0139633 0.00462856 0.000244326 -0.0191258 -0.0178878 -0.00336899 0.00344649 -0.00553459 -0.00494331 -0.00660072 -0.00370345 0.00211001 -0.00656503 0.00112778 -0.00651888 -0.0119935 0.00158767 -0.0119935 0.0108482 -0.00997008 -0.0119935 0.0102085 0.00619624 0.014836 0.00211001 -0.000822146 -0.00569282 0.00167473 0.014836 0.014836 -0.0022052 -0.0022052 -0.0119935 -0.0265372 0.00211001 -0.00163557 0.0212514 -0.0119935 -0.0119935 -0.0026675 0.014836 0.014836 -0.0112818 0.0405569 0.0234712 -0.0119935
internal_weight=608323 542441 509010 65882.2 88522.4 33430.4 420488 46787.7 272271 19094.5 148216 77787.9 262870 17382.4 10734.5 9371.99 42472.6 143663 197908 9401.27 16048 44576.7 118550 35448.2 64962.5 51030.9 37446 9506.12 27939.9 13931.6 10095.7 2521.05 5722.82 3409.8 29756.7 17449.6 33211.2 25112.3 14235.2 10877.2 3532.42 12600 9856.85 5970.54 16503.6 5071.92 85565.4 78981.8 15038.8 5949.22 6583.59 67539 12715.9 13584.9 11602.1 4553.23 14773.5 1379.43 15339.9 4315.05 4553.81 4372.89
internal_count=3532743 2966558 2513944 566185 618232 452614 1895712 319975 1234978 246210 660734 474382 1154021 297839 143850 141717 265417 628667 840113 80957 154775 244710 505011 199953 313908 250455 185659 45789 139870 63453 46203 13739 26251 15746 170738 104189 229672 123656 70668 52988 16632 63824 50221 30556 104219 25825 376186 345740 89233 84674 30446 291748 94679 64796 54057 22365 93755 6714 76046 54558 32067 19952
is_linear=0
shrinkage=0.05


Tree=44
num_leaves=63
num_cat=0
split_feature=0 0 0 0 1 1 1 0 1 1 0 1 9 0 8 1 1 9 0 9 8 8 9 10 8 10 10 10 9 9 11 11 10 8 9 1 1 10 10 9 8 9 10 8 8 9 9 11 8 8 10 8 9 8 8 9 8 10 8 1 1 10
split_gain=15095.9 9897.71 2988.68 2955.94 2533.42 1954.15 1227.85 1113.61 1059.89 740.96 714.561 578.526 516.165 516.007 470.903 419.049 393.143 358.697 364.227 323.351 315.674 290.463 273.273 257.69 247.614 257.783 334.804 372.487 274.315 340.047 294.031 250.193 236.263 463.404 231.576 223.844 216.729 213.499 211.709 219.121 705.65 204.346 316.118 296.08 293.89 198.867 191.752 186.568 179.713 178.523 177.003 175.581 170.938 161.208 158.859 157.815 212.892 313.284 152.364 149.661 139.99 135.905
threshold=1.5000000000000002 -1.4999999999999998 1.0000000180025095e-35 2.5000000000000004 682.50000000000011 1530.5000000000002 482.50000000000006 -1.0000000180025095e-35 2310.5000000000005 1080.5000000000002 -1.0000000180025095e-35 268.50000000000006 0.3504349440336228 -2.4999999999999996 0.36753095686435705 90.500000000000014 840.50000000000011 0.3380760401487351 -2.4999999999999996 0.4151990413665772 0.27788905799388891 0.46895973384380346 0.3302708119153977 0.24660515785217288 0.57808911800384533 0.21738760173320773 0.22273061424493792 0.2257240638136864 0.25717833638191229 0.30915527045726782 0.29403549432754522 0.48845502734184271 0.21160219609737399 0.52730908989906322 0.26538623869419103 1320.5000000000002 339.50000000000006 0.22844710946083072 0.23346950113773349 0.30364511907100683 0.4369830340147019 0.21753472089767459 0.20894466340541842 0.49739991128444677 0.47690005600452429 0.35194084048271185 0.19466029852628711 -0.62597253918647755 0.48416106402873998 0.52730908989906322 0.23291677981615069 0.57808911800384533 0.24096949398517611 0.44254073500633245 0.44519373774528509 0.32445858418941503 0.45592802762985235 0.23004490137100223 0.37104946374893194 30.500000000000004 1429.5000000000002 0.22359875589609149
decision_type=2 2 2 2 2 2 2 2 2 2 2 2 2 2 2 2 2 2 2 2 2 2 2 2 2 2 2 2 2 2 2 2 2 2 2 2 2 2 2 2 2 2 2 2 2 2 2 2 2 2 2 2 2 2 2 2 2 2 2 2 2 2
left_child=1 5 4 6 7 16 -2 36 10 -5 21 59 24 -7 -15 -9 -1 22 -18 46 -14 35 41 60 25 28 -27 31 30 32 -10 49 33 48 -17 -6 -3 -29 50 -40 -41 -8 -43 44 54 -22 -13 -47 -30 -28 55 -20 -32 -31 -44 56 -39 -58 -12 -4 -19 -56
right_child=3 2 11 9 8 13 17 15 12 -11 58 19 20 14 -16 34 18 23 51 -21 45 -23 -24 -25 -26 26 27 37 29 53 52 -33 -34 -35 -36 -37 -38 38 39 40 -42 42 43 -45 -46 47 -48 -49 -50 -51 -52 -53 -54 -55 61 -57 57 -59 -60 -61 -62 -63
leaf_value=-0.04964417070522599 0.039766925143677141 -0.04766519377342459 0.039766925143677141 0.05023515439212798 -0.021657770677491191 -0.035824118570161545 0.026810805815171864 -0.037051436755167158 0.0054079042651938051 0.030157292643610108 -0.0071820590810742603 0.015225281522120613 -0.012947211728900846 -0.030026506095415628 -0.011178049910664496 0.0015525675428108995 -0.048168640090762382 0.013370441110415299 -0.028186053478597446 -0.00095516593879417825 -0.011178049910664496 -0.0039891940815903427 0.030157292643610108 0.030157292643610108 0.0054079042651938051 0.0054079042651938051 -0.011178049910664496 0.0054079042651938051 -0.011178049910664496 -0.011178049910664496 -0.011178049910664496 0.0054079042651938051 -0.011178049910664496 -0.011178049910664496 -0.013364249730782133 -0.011178049910664496 -0.029010480782632388 0.0054079042651938051 0.0054079042651938051 0.0054079042651938051 -0.011178049910664496 0.0054079042651938051 0.0054079042651938051 0.027020630444666904 0.0054079042651938051 -0.011178049910664496 0.0054079042651938051 -0.0011033210581712107 0.0054079042651938051 0.0054079042651938051 -0.011178049910664496 -0.0039891940815903427 0.0054079042651938051 0.0054079042651938051 0.010245267191626044 -0.0098953073864160301 0.0054079042651938051 -0.011178049910664496 -0.0021827726413476889 0.013522781272065593 0.0054079042651938051 0.02765217420865956
leaf_weight=8139.2445892840624 4150.6847734749317 2740.9593084938824 673.82197443395853 8818.1213134266436 8357.8424275666475 3118.6889560744166 3704.2295105159283 1431.9683025106788 10425.096257537603 9610.2260904200375 19578.091061607003 4973.1113395392895 7434.3480026200414 3481.7606348544359 10127.946520075202 3245.0327342152596 2839.3359122574329 6612.5981338173151 4704.869465097785 24047.478978693485 1549.577293112874 14052.530500434339 1547.8191654160619 779.49573194980621 14448.057351738214 15776.600176468492 7428.2636743634939 9081.7777510434389 186.36866781115532 394.80294828116894 1620.7418152093887 660.68961617350578 6859.3650619089603 1464.5882346183062 13121.779333211482 20123.927931681275 3622.8901681080461 2172.7338780909777 6561.1844411343336 13646.899838298559 7297.0981981605291 2700.1571581140161 1419.63872063905 5030.1261559277773 2893.3845917731524 4041.4508202821016 112639.29455250502 70696.3706446141 4200.4348917156458 614.03938323259354 1891.9768329113722 220.44306237995625 1106.418683052063 3066.2364105433226 1599.2977267876267 4295.5738066583872 3456.7737112492323 4517.1913194358349 68790.389368370175 5482.0563530102372 12089.939448848367 3764.152550175786
leaf_count=165126 54382 50565 7053 140239 80567 43044 26037 21317 43043 105554 97235 25409 41496 36666 86658 18305 49413 44253 69819 97660 7520 83630 11006 4550 59482 67503 31611 38704 843 1770 6753 2827 29465 6415 88874 136231 52135 9002 27630 59348 30666 18468 9882 34328 19880 21820 495588 340370 18100 2485 8119 2962 4680 13208 11177 19007 14207 18922 300656 34248 60285 25698
internal_value=1.14253e-05 -0.00272156 -0.00100613 0.0228314 -0.00346427 -0.0294136 0.0160887 -0.0191013 -0.00233904 0.0397669 -0.00585343 0.0049799 -9.37617e-05 -0.0174817 -0.0132762 -0.0126816 -0.0419621 0.0135228 -0.0339041 0.00432774 -0.00311288 -0.011178 0.0178002 0.0085472 0.00199224 0.00104365 0.00255618 0.000529682 -0.0029486 -0.00730958 0.00241375 -0.00905556 -0.0111042 -0.00113021 -0.0104068 -0.011178 -0.0370514 0.00210614 0.000374468 0.00305206 -0.000375204 0.0161468 0.013876 0.0171811 0.012064 -0.00215434 0.0054079 -0.00170339 0.0054079 -0.011178 -0.00413422 -0.0256729 -0.011178 0.0054079 0.0185039 -0.00186349 0.0015374 -0.00385512 -0.00329044 0.0199842 0.00733293 0.0224646
internal_weight=605128 540408 507776 64719.9 359960 32632.3 46291.5 24162.6 335797 18428.3 130903 147816 204895 16728.4 13609.7 17798.8 15903.9 42140.8 7764.65 141660 83721.7 42534.3 22658.8 19482 121173 106725 77400.8 61624.2 29324.1 16171.8 13152.3 8702.99 12710.8 5851.39 16366.8 28481.8 6363.85 52921.2 43839.4 27505.2 20944 21111 17406.8 14706.6 9676.47 76287.4 117612 74737.8 4386.8 8042.3 16334.2 4925.31 2727.16 3461.04 6783.09 14442.3 10146.7 7973.97 88368.5 6155.88 18702.5 5363.45
internal_count=3533896 2968157 2514469 565739 1854511 453688 319946 231196 1623315 245793 698319 659958 924996 166368 123324 128496 287320 265564 122194 618657 411206 300428 156476 109088 513790 454308 330031 262528 124277 69801 54476 36923 54823 25358 107179 216798 102700 225605 186901 117644 90014 145470 119433 100965 66637 369710 520997 362190 18943 34096 69257 72781 11433 14978 46757 61138 42131 33129 397891 41301 104538 36875
is_linear=0
shrinkage=0.05


Tree=45
num_leaves=63
num_cat=0
split_feature=0 0 0 0 1 1 0 1 1 1 1 1 9 9 1 1 1 1 1 1 1 10 9 9 9 10 9 9 10 10 12 10 1 9 9 9 10 9 10 10 9 9 9 1 10 9 10 10 9 10 1 5 10 1 9 12 10 10 11 9 1 9
split_gain=13937.7 9047.31 2983.2 2847.4 1946.46 1908.4 1500.01 1155.25 944.047 733.729 569.327 512.232 468.68 512.424 391.119 365.329 318.473 300.298 251.651 234.15 220.483 381.517 218.469 238.849 283.29 308.44 412.932 214.325 201.131 192.654 169.58 157.399 155.844 135.573 121.796 117.151 191.81 229.82 120.73 116.452 144.492 113.767 110.479 104.673 96.8333 130.819 92.6578 91.9284 137.734 193.205 91.007 125.379 118.343 90.4599 89.8994 85.5998 84.817 185.126 125.297 101.5 84.2272 83.752
threshold=1.5000000000000002 -1.4999999999999998 -1.0000000180025095e-35 2.5000000000000004 862.50000000000011 1200.5000000000002 1.0000000180025095e-35 540.50000000000011 329.50000000000006 1080.5000000000002 1020.5000000000001 2328.5000000000005 0.33322560787200933 0.25309312343597418 2029.5000000000002 382.50000000000006 1920.5000000000002 120.50000000000001 80.500000000000014 1770.5000000000002 770.50000000000011 0.23443890362977984 0.3340155184268952 0.32093408703804022 0.28536857664585119 0.21802223473787311 0.25717833638191229 0.37424677610397344 0.18845019489526751 0.2283434867858887 1.5000000000000002 0.17963672429323199 276.50000000000006 0.20178101211786273 0.45885890722274786 0.34165079891681677 0.22557690739631656 0.30524310469627386 0.22727725654840472 0.22742586582899096 0.53810203075408947 0.26678894460201269 0.21470168977975848 17.500000000000004 0.22098699957132342 0.33654683828353887 0.21194376796483996 0.23832755535840991 0.34949654340744024 0.24660515785217288 1020.5000000000001 21.500000000000004 0.24612163752317431 540.50000000000011 0.36667506396770483 5.5000000000000009 0.21787931025028232 0.22165223956108096 0.47855345904827123 0.44099158048629766 1789.5000000000002 0.34546682238578802
decision_type=2 2 2 2 2 2 2 2 2 2 2 2 2 2 2 2 2 2 2 2 2 2 2 2 2 2 2 2 2 2 2 2 2 2 2 2 2 2 2 2 2 2 2 2 2 2 2 2 2 2 2 2 2 2 2 2 2 2 2 2 2 2
left_child=1 5 4 7 15 20 8 32 18 -5 17 60 23 -6 -15 -3 27 43 -4 21 -1 29 31 24 25 26 42 54 -18 39 -23 -12 -2 -17 44 36 -30 38 -38 40 56 53 -10 -8 46 -46 -21 -47 -49 -50 -29 52 -43 -19 -9 -25 -14 61 -59 -60 -7 -58
right_child=3 2 6 9 13 11 10 16 12 -11 22 -13 19 14 -16 33 28 41 -20 34 -22 30 -24 55 -26 -27 -28 50 35 -31 -32 -33 -34 -35 -36 -37 37 -39 -40 -41 -42 51 -44 -45 45 47 -48 48 49 -51 -52 -53 -54 -55 -56 -57 57 58 59 -61 -62 -63
leaf_value=-0.050245374336679915 0.048668839140854188 -0.044715102980364463 -0.041582178255741876 0.04971460665522167 0.0010701512080227742 -0.028721827848312644 0.048668839140854188 0.018752872537258127 0.0053275627195972994 0.029413150092602394 0.018752872537258127 -0.0078761066925526219 -0.013523394909914272 -0.013523394909914272 -0.0056368275333541435 0.0023517581938645037 0.029413150092602394 0.023557336967621967 -0.015805739264118598 0.00095855139139694218 -0.036081228445389496 -0.013523394909914272 0.00095855139139694218 0.0053275627195972994 -0.0028447159912424174 0.0053275627195972994 -0.0056368275333541435 0.018446540572668584 0.0053275627195972994 -0.013523394909914272 0.00095855139139694218 0.0053275627195972994 0.030361566268237272 -0.026183096310361989 -0.0056368275333541435 0.0019195682369835489 0.029413150092602394 0.029413150092602394 0.0053275627195972994 0.00095855139139694218 0.00095855139139694218 0.0061215370922856616 0.0010701512080227742 0.022537460266212676 -0.0056368275333541435 0.00095855139139694218 -0.0056368275333541435 0.00095855139139694218 -0.0056368275333541435 0.00095855139139694218 0.0057526044686328371 0.018446540572668584 0.018446540572668584 0.0092444932638198855 0.029413150092602394 -0.0056368275333541435 -0.013523394909914272 -0.013523394909914272 0.00095855139139694218 -0.013523394909914272 -0.020815248092963312 0.00095855139139694218
leaf_weight=7056.4555174596608 2213.1120585650206 2943.2043073177338 1156.6835746243596 8459.1434097103775 11487.648904934525 6865.2090293765068 432.98436085879803 16037.280612744391 17531.25623677671 9406.369956150651 2182.3603364676237 6643.6810781545937 3349.3821590989828 25293.035904273391 41543.864294596016 215.32143505290151 686.58528587222099 2237.0877908915281 5218.0219939127564 944.47621668875217 4524.7038472555578 1610.3235825896263 57960.562566667795 16399.64686845243 46893.413175746799 22005.205935865641 10980.605113305151 1947.209712728858 5551.2429748475552 6985.9375551342964 9315.8628424480557 54327.658704057336 2466.6962885335088 5766.8090757615864 15512.331286147237 7572.9950590282679 241.92522832751274 2088.8533656522632 1048.4833217710257 959.84886647760868 1026.668328255415 22907.112404033542 19078.140442699194 2049.6252130866051 2833.7985241264105 49706.873935446143 10040.07829220593 4003.8679869621992 13113.693757817149 3692.9971674531698 5135.6934886574745 1261.0672401934862 1189.5632549524307 3068.4873477071524 786.82925909757614 510.96805748343468 389.19621485471725 4137.9222105592489 1347.586676761508 305.89108324050903 6649.0374798737466 2420.0886581763625
leaf_count=150598 31561 56473 18394 140517 54612 94831 4710 115386 71908 105843 11170 58516 18090 190204 241975 1884 4792 13007 44749 4347 80126 7516 235596 68184 198605 91179 46565 13955 34338 36231 46138 246034 29760 73273 81020 36810 1438 12755 6317 4966 5596 107341 78315 15600 11742 218093 45570 16471 57818 15640 27929 5850 5409 15617 5022 2491 1938 21643 6892 1766 68684 12885
internal_value=-2.74997e-05 -0.00264461 -0.00102134 0.0220991 -0.00943254 -0.0285401 0.000729809 0.0154915 -0.00147601 0.0390279 0.00478636 -0.0192454 -0.00101875 -0.00688738 -0.00787611 -0.0285401 0.0128104 0.0105568 -0.0204886 -0.00313464 -0.0447151 -0.00686754 0.0031154 0.00107015 0.00107015 0.00218308 0.00107015 0.0165428 0.00761909 -0.010822 0.000705217 0.00532756 0.0390277 -0.024635 -0.00194389 0.00649463 0.0103736 0.0197895 0.00532756 -0.00677619 -0.00835189 0.00920199 0.00235176 0.0272799 -0.00119194 -0.000536272 -0.00556985 -6.6122e-06 -0.00280966 -0.00521144 0.00924449 0.00780833 0.00695239 0.0158602 0.0196146 0.00532756 -0.010193 -0.00719228 -0.012404 0.00039878 -0.0248336 0.000958551
internal_weight=601719 538076 506337 63642.4 87249.9 31739.1 419087 45776.9 271471 17865.5 147617 20157.9 265096 78324.5 66836.9 8925.33 41097.1 33145.9 6374.71 131697 11581.2 31848.7 114471 133399 116489 69595.2 47590 23907 17190.1 20922.5 10926.2 56510 4679.81 5982.13 99848.1 16503.5 8930.5 3379.26 1290.41 13936.6 12976.7 30663.3 36609.4 2482.61 84335.8 73351.2 10984.6 70517.4 20810.6 16806.7 7082.9 25357.7 24096.7 5305.58 16824.1 16910.6 11950.1 8600.68 5791.4 1653.48 13514.2 2809.28
internal_count=3532685 2966262 2513507 566423 618421 452755 1895086 320063 1234752 246360 660334 222031 1171609 486791 432179 131630 258742 167534 63143 614362 230724 163661 492800 557247 486572 287967 196788 162292 96450 110007 53654 257204 61321 75157 450701 91658 54848 20510 7755 73776 68810 147224 150223 20310 369681 319764 49917 308022 89929 73458 41884 118600 112750 28624 120408 70675 63214 45124 30301 8658 163515 14823
is_linear=0
shrinkage=0.05


Tree=46
num_leaves=63
num_cat=0
split_feature=9 11 8 8 11 8 9 9 10 9 10 8 9 10 9 8 9 9 8 9 10 8 8 8 10 8 8 9 8 10 8 9 8 8 10 10 9 10 8 10 10 10 8 8 10 10 10 10 10 10 8 11 10 8 10 8 11 10 10 10 8 9
split_gain=2724.56 2025.19 1579.41 1302.72 1070.87 933.162 826.006 736.599 744.123 634.763 1009.08 614.959 646.572 580.163 569.816 1006.58 1954.04 649.055 2044.77 829.174 703.312 645.183 1154.33 621.397 608.472 944.099 576.9 574.182 664.681 569.302 973.906 905.01 1155.27 826.155 717.156 702.242 641.187 543.737 1102.89 541.671 700.916 657.467 575.867 618.032 537.96 515.217 554.9 506.723 503.802 706.45 535.259 496.504 490.808 718.913 487.89 483.944 577.146 473.251 668.068 1080.92 991.411 745.045
threshold=0.3504349440336228 -0.50225719809532154 0.40150643885135656 0.57808911800384533 1.2345460057258608 0.24668355286121371 0.35194084048271185 0.55594193935394298 0.1970353573560715 0.53810203075408947 0.20264781266450885 0.27788905799388891 0.51199921965599071 0.18845019489526751 0.23056294023990634 0.56662777066230785 0.22858365625143054 0.25124679505825048 0.541222244501114 0.25309312343597418 0.1970353573560715 0.51923570036888134 0.52730908989906322 0.57117900252342235 0.20129771530628207 0.53916177153587352 0.5226179063320161 0.24974367767572406 0.54581108689308178 0.20789130032062533 0.56416115164756786 0.24096949398517611 0.54831936955451976 0.54581108689308178 0.2004567235708237 0.20740322023630145 0.23308694362640384 0.21508511900901797 0.55339130759239208 0.24846510589122775 0.22650390863418582 0.22255443781614306 0.42735499143600469 0.42793531715869909 0.20329929888248446 0.21442330628633502 0.21369846910238269 0.20455986261367801 0.20863866060972217 0.20894466340541842 0.55624774098396312 1.2632104754447939 0.1970353573560715 0.55953550338745128 0.18649337440729144 0.40625980496406561 0.56957179307937633 0.20740322023630145 0.20552200078964236 0.20329929888248446 0.60130232572555553 0.21273195743560794
decision_type=2 2 2 2 2 2 2 2 2 2 2 2 2 2 2 2 2 2 2 2 2 2 2 2 2 2 2 2 2 2 2 2 2 2 2 2 2 2 2 2 2 2 2 2 2 2 2 2 2 2 2 2 2 2 2 2 2 2 2 2 2 2
left_child=2 -2 -1 4 14 7 39 -3 13 11 -11 44 51 54 15 16 -4 21 24 -20 -21 -16 26 27 25 -19 -23 29 -29 30 31 35 33 -33 -34 36 -24 -18 -39 40 41 42 -7 -44 -8 46 57 -14 -31 -50 -51 -13 53 -6 -9 56 -26 58 59 -5 -61 -60
right_child=1 5 3 45 52 6 9 8 -10 10 -12 12 47 -15 17 -17 37 18 19 20 -22 22 23 -25 55 -27 -28 28 -30 48 -32 32 34 -35 -36 -37 -38 38 -40 -41 -42 -43 43 -45 -46 -47 -48 -49 49 50 -52 -53 -54 -55 -56 -57 -58 -59 61 60 -62 -63
leaf_value=0.088071042947459932 -0.01370013968739117 -0.048998015243525983 -0.0087401888790643346 0.0090646357478565056 -0.15210400872287866 -0.12238798578375754 0.078549776118840384 -0.014972252063278128 0.010153375147200626 -0.016760505155385411 0.07574699205204749 -0.0012396884868333018 -0.018948290399552661 -0.051869458753055875 0.085837496347579409 0.0032637982092077289 -0.093305734728494696 -0.056924747448950042 -0.12967087644173406 -0.092536041028979388 0.0092215378673132908 0.0068406621199128799 0.034870357093518912 -0.065810318243039595 -0.043885859276958233 0.094850607248291169 -0.062043884443947019 0.019688715267465184 0.092167490830149398 0.06010168233626445 0.031244991422894577 0.030548598375102161 -0.015623303999792943 -0.088167985923400943 0.038046920324851366 -0.14494375677138707 -0.035532541958260687 -0.094737036366229516 0.093627199944620459 0.044957354017136936 -0.040398221959393542 0.05853424140971053 0.083629444914442796 -0.069801396973415905 -0.017368584897639455 0.088697283013607034 -0.097810416529198821 0.1207643512595028 -0.058527892484705725 0.014373813082091364 0.10870497078940006 0.010720486041601876 0.013153774632283505 0.0029223288841782056 0.08822188541220094 0.0010389860567257276 0.057245593252790272 0.036687185162635701 -0.042622361272717374 0.062147206137323885 -0.052100339600439985 0.0490506160121515
leaf_weight=541.33380979299545 44481.900011628866 1690.8835699483752 4533.9933845326304 37672.9200177975 109.57645289972425 122.44607067480683 148.28440908715129 1013.6648945920169 2263.8835997246206 522.23733013495803 674.94921503588557 176956.30494609848 97.280374947935343 1334.7407579794526 268.44491060078144 7041.1227826029062 1078.4312790334225 854.57013775780797 366.89924824982882 307.41872297227383 377.46516624838114 472.99379243329167 374.57687345892191 262.01425446197391 1061.5712233930826 115.48399527743459 848.51776145771146 1065.9312030300498 449.28294625878334 609.75544592738152 1820.3782814070582 211.3617042414844 918.57864118367434 473.83087787032127 1926.5957452133298 128.63640176877379 2333.9752880893648 192.52869288995862 128.87762814760208 264.34859624132514 2881.0064532980323 392.57982432097197 133.29651125520468 127.38319199159741 7087.6177603937685 210.45121325552464 117.03875631466508 192.516920812428 329.62046591192484 12335.03495497629 151.26482058316469 9123.8088547736406 21478.857825461775 230.91761834174395 128.11472001299262 242987.48622234911 161.79469948261976 1688.3924797810614 1112.8865146525204 1597.4516789317131 214.72085286304355 275.80065117403865
leaf_count=2547 350723 10645 24732 212117 840 607 897 6711 14380 3078 3674 1003211 599 8066 1379 38626 5603 4888 2195 2146 2437 2491 2014 1385 5779 822 4575 5656 2334 3304 10147 1013 5063 2473 10035 767 12376 949 631 1404 17455 2171 586 854 45175 1139 557 1121 1681 66600 738 67243 163202 1962 703 1360551 888 9509 6003 8995 1242 1472
internal_value=-3.92839e-05 -0.00402868 0.00281072 0.00267818 0.00153435 -0.00193165 -0.00132496 -0.0206751 -0.0105642 -0.000867556 0.035413 -0.00109208 -0.000536789 -0.0294993 0.000714751 -0.009521 -0.0246895 0.00120447 0.000425364 -0.0691079 -0.0365219 0.00888366 0.00804428 0.0106134 0.00072393 -0.038777 -0.0374023 0.0114819 0.0412263 0.00939491 -0.000996155 -0.0102168 0.00668146 -0.0515563 0.0207198 -0.0312386 -0.025787 -0.0763053 -0.0191505 -0.0240433 -0.0290423 0.0131316 -0.0334226 0.00867403 -0.0153924 0.010839 0.010453 0.0739611 0.0157317 0.0136162 0.0155252 -0.000653207 0.0122088 -0.0472669 -0.00332617 0.000880994 -0.030475 0.010753 0.00968082 0.0108798 0.048589 -0.0243934
internal_weight=599076 249637 349439 348897 306008 205155 198724 6431.29 4740.4 194803 1197.19 193606 186370 2476.52 284188 12975 5933.83 271213 246233 1051.78 684.884 24980.8 24712.3 23390.8 245181 970.054 1321.51 23128.8 1515.21 21613.6 8187.93 6367.56 3530.37 685.193 2845.17 2837.19 2708.55 1399.84 321.406 3921.06 3656.71 775.706 383.126 260.68 7235.9 42889.7 42679.2 289.797 13425.7 12815.9 12486.3 186080 21819.4 340.494 1141.78 244211 1223.37 42562.2 40873.8 39485.1 1812.17 1388.69
internal_count=3533166 1539303 1993863 1991316 1750282 1188580 1148075 40505 29860 1124998 6752 1118246 1072174 15480 1584278 70541 31915 1513737 1379706 6778 4583 134031 132652 125586 1372928 5710 7066 124201 7990 116211 43888 33741 18584 3486 15098 15157 14390 7183 1580 23077 21673 4218 2047 1440 46072 241034 239895 1720 72323 69019 67338 1070454 166004 2802 7414 1367218 6667 239338 229829 222354 10237 7475
is_linear=0
shrinkage=0.05


Tree=47
num_leaves=63
num_cat=0
split_feature=0 0 0 0 2 2 0 2 2 2 0 8 2 0 8 9 9 9 9 0 9 7 5 8 9 10 12 8 8 10 7 8 10 9 10 8 9 12 8 9 5 10 9 8 10 9 10 9 10 10 9 8 8 9 9 9 10 10 9 9 10 8
split_gain=12379.2 8565.22 2738.14 2517.2 1821.29 1665.62 1330.59 936.9 758.472 757.871 736.622 493.898 447.069 517.296 371.737 360.84 303.311 240.985 204.305 201.056 298.146 199.617 199.013 202.918 184.158 182.232 178.136 257.585 161.468 161.663 155.55 153.172 150.829 298.012 143.812 289.416 155.092 142.939 132.157 181.864 129.527 126.165 119.236 177.632 156.673 280.517 119.06 113.578 110.033 133.982 101.821 141.363 276.418 197.948 105.748 134.773 139.039 170.993 199.041 216.905 269.24 167.501
threshold=1.5000000000000002 -1.4999999999999998 2.5000000000000004 -1.0000000180025095e-35 2.5000000000000004 2.5000000000000004 1.0000000180025095e-35 2.5000000000000004 2.5000000000000004 2.5000000000000004 -2.4999999999999996 0.36753095686435705 2.5000000000000004 3.5000000000000004 0.45978543162345892 0.32264570891857153 0.3380760401487351 0.21753472089767459 0.4151990413665772 -2.4999999999999996 0.30284313857555395 1.0000000180025095e-35 9.5000000000000018 0.57808911800384533 0.29278907179832464 0.24089600890874865 3.5000000000000004 0.47435149550437933 0.27788905799388891 0.22218484431505206 1.0000000180025095e-35 0.34756815433502203 0.21738760173320773 0.21470168977975848 0.21752139925956729 0.5077456831932069 0.48604546487331396 4.5000000000000009 0.57808911800384533 0.53810203075408947 19.500000000000004 0.21878854185342791 0.21753472089767459 0.59168273210525524 0.17963672429323199 0.15266980975866321 0.25167453289031988 0.21470168977975848 0.24326356500387195 0.24846510589122775 0.48279391229152685 0.35430321097373968 0.36279271543025976 0.39969487488269811 0.29452873766422277 0.29643437266349798 0.23546514660120013 0.23428770154714587 0.33483597636222845 0.36824318766593939 0.23117136210203174 0.47209540009498602
decision_type=2 2 2 2 2 2 2 2 2 2 2 2 2 2 2 2 2 2 2 2 2 2 2 2 2 2 2 2 2 2 2 2 2 2 2 2 2 2 2 2 2 2 2 2 2 2 2 2 2 2 2 2 2 2 2 2 2 2 2 2 2 2
left_child=1 4 7 5 10 15 8 18 14 13 -1 -12 17 16 -5 -3 -4 43 42 -6 38 -9 23 34 -13 -18 27 -26 -17 37 -14 -19 33 -16 39 36 41 -30 -7 -10 -32 -36 -2 -8 45 -45 50 -21 -31 -50 51 -43 -53 54 -54 -56 57 58 61 -60 -61 -57
right_child=2 3 9 6 19 20 12 21 22 -11 11 24 30 -15 32 28 25 31 -20 47 -22 -23 -24 -25 26 -27 -28 -29 29 48 40 -33 -34 -35 35 -37 -38 -39 -40 -41 -42 46 -44 44 -46 -47 -48 -49 49 -51 -52 52 53 -55 55 56 -58 -59 59 60 -62 -63
leaf_value=-0.037647476975084228 0.022074873516356133 -0.0018643504445945971 0.02889173646818697 -0.0018643504445945971 -0.051630533706203297 -0.017456105515940856 0.022074873516356133 0.046654503379488545 -0.017456105515940856 0.048092042210360245 -0.029151666438441567 -0.0018643504445945971 0.022995594862303997 0.046919952927649923 0.005516776205466224 -0.019637706831542444 0.0096326450161337215 -0.0018643504445945971 0.0022512520001682821 -0.017456105515940856 -0.028295222779890297 0.023446223710241139 0.0064038674492463282 0.004080817326980817 -0.0085744587287126164 0.046919952927649923 -0.025227612211262351 -0.037647476975084228 -0.0018643504445945971 -0.0085744587287126164 0.0083199505645694064 0.0022512520001682821 0.0022512520001682821 -0.0018643504445945971 0.0083199505645694064 0.0083199505645694064 -0.028295222779890297 -0.023117785474094307 0.0032296324279493258 0.0083199505645694064 0.020901528108541262 -0.017456105515940856 0.0096326450161337215 0.005516776205466224 0.005516776205466224 0.022074873516356133 0.0083199505645694064 -0.039606138703068956 -0.0018643504445945971 -0.0085744587287126164 0.0083199505645694064 0.0083199505645694064 -0.017456105515940856 -0.028295222779890297 0.0083199505645694064 0.0061594641482613354 -0.013946393076747332 0.0083199505645694064 -0.017456105515940856 0.0083199505645694064 -0.017456105515940856 -0.017456105515940856
leaf_weight=4172.5841605328023 2613.682283654809 30763.770634964108 3490.9998717159033 142021.41751808673 5066.3014464303851 3648.092843875289 1806.2673894613981 994.67570251226425 6925.8849016986787 8969.456863000989 4016.2017354480922 4120.2945574857295 1893.5707686468959 2349.8482005447149 15144.734581798315 3048.8582123890519 2144.6036119386554 16029.584646120667 4832.5339734405279 224.7240897230804 10603.742214042693 13582.903670076281 2338.4866602346301 2897.3151801116765 4842.7045643478632 260.68567685782909 2271.416442476213 497.87527362629771 7059.4585766270757 25449.626770272851 36562.175396822393 83419.778937160969 41890.96847461164 32370.019886642694 625.20210002735257 1489.3035772815347 472.38368083909154 800.3076022490859 978.99402433633804 590.32845998555422 2045.0819008722901 3842.4344122037292 23177.577658295631 868.84669643640518 3307.5601313412189 1147.9214473813772 308.95967387408018 5738.2601636648178 2870.1903647109866 1220.1064571961761 127.36046259477735 819.8242040425539 2813.0555202513933 642.67699967697263 216.84519703686237 3338.7890741825104 5787.0744910240173 1038.2188907563686 2996.7500559166074 1493.3190741203725 605.74998926743865 445.85725631192327
leaf_count=65280 18091 157813 38166 634159 108388 42423 8933 14643 41015 152963 46916 32900 16030 29119 61797 23111 23031 64394 23733 4452 139659 124033 13223 14140 47039 2862 27806 3904 45964 167323 174622 358710 171038 132997 3772 7557 3297 5986 8605 3880 9866 25325 139154 4435 16531 6016 1766 116976 18662 7855 851 4865 16215 4152 1240 19071 34458 6055 18727 9462 3816 2698
internal_value=-9.90271e-06 -0.00246519 0.0210632 -0.000899644 -0.0279967 -0.00866697 0.000705426 0.0145997 -0.00137109 0.0380321 -0.0189702 -0.0140196 0.00453487 0.0270852 -0.000274394 -0.005457 0.0191738 0.00283551 0.00963265 -0.0442972 -0.0236739 0.0250329 -0.00774541 -0.00862843 -0.00883751 0.00963265 -0.0135012 -0.00857446 -0.00857446 -0.00767207 0.00900664 0.00225125 0.00225125 -0.000565815 -0.00969338 -0.00779366 -0.00908871 -0.00186435 -0.0130797 -0.0130797 0.00831995 -0.00851368 0.00963265 0.00963265 0.0072713 0.0197385 -0.00910123 -0.0380589 -0.00857446 -0.00186435 -0.00956008 -0.00990036 -0.00821163 -0.00958303 -0.00858201 -0.00700225 -0.00778803 -0.00419387 -0.00661462 -0.0130647 1.27216e-05 0.0020712
internal_weight=598134 535717 62417 504767 30950.4 86443.1 418324 45201.4 271243 17215.6 19921.1 15748.5 147081 8246.14 231427 71212.3 5896.29 106580 30623.8 11029.3 15230.8 14577.6 39815.8 37477.3 11732.3 2405.29 7612 5340.58 40448.5 37399.7 40500.8 99449.4 89405.7 47514.8 34580 27063.8 25574.5 7859.77 4627.09 7516.21 38607.3 25102.1 25791.3 7130.6 5324.33 2016.77 24476.9 5962.98 29539.9 4090.3 24168 24040.6 20198.2 19378.3 18735.7 15922.6 15705.8 9918.68 8880.47 5095.82 2099.07 3784.65
internal_count=3531970 2966175 565795 2512514 453661 617401 1895113 319654 1235576 246141 223845 158565 659537 93178 999991 426714 64059 459019 180978 229816 190687 138676 235585 222362 111649 25893 78749 50943 268901 245790 200518 423104 365832 194794 208222 163327 155770 51950 51028 44895 184488 152473 157245 35915 26982 10451 148701 121428 193840 26517 146935 146084 120759 115894 111742 95527 94287 59829 53774 32005 13278 21769
is_linear=0
shrinkage=0.05


Tree=48
num_leaves=63
num_cat=0
split_feature=0 0 0 0 1 1 0 1 1 1 1 0 1 1 1 9 1 0 8 1 9 8 1 8 8 1 10 10 9 8 8 10 8 10 9 9 10 9 9 8 8 8 8 11 1 9 9 10 10 9 10 11 1 8 8 10 12 8 8 10 8 12
split_gain=11468.1 7893.44 2697.01 2349.57 1784.15 1861.33 1187.98 1110.15 866.081 760.287 498.844 459.139 450.952 432.984 419.674 342.505 331.289 417.009 323.681 285.719 236.907 222.777 216.355 208.126 203.406 189.448 188.853 179.855 230.664 170.393 163.589 141.503 171.895 158.587 228.6 192.645 173.259 133.588 130.278 233.282 217.393 250.557 139.245 118.787 116.737 124.394 116.644 114.876 98.6215 95.3121 89.5766 84.1939 83.9057 78.5411 197.415 99.6525 135.245 74.1716 93.5463 111.222 73.1949 71.2069
threshold=1.5000000000000002 -1.4999999999999998 2.5000000000000004 -1.0000000180025095e-35 1530.5000000000002 750.50000000000011 1.0000000180025095e-35 482.50000000000006 307.50000000000006 1040.5000000000002 1938.5000000000002 -2.4999999999999996 390.50000000000006 780.50000000000011 1860.5000000000002 0.42303735017776495 2029.5000000000002 -2.4999999999999996 0.45978543162345892 360.50000000000006 0.34619495272636419 0.46895973384380346 60.500000000000007 0.34916566312313085 0.37921610474586492 30.500000000000004 0.18845019489526751 0.21738760173320773 0.22045283764600757 0.57808911800384533 0.35430321097373968 0.22218484431505206 0.27788905799388891 0.23307678103446963 0.43859021365642553 0.40930254757404333 0.23574929684400561 0.22679615020751956 0.44523863494396215 0.24668355286121371 0.36279271543025976 0.36890326440334326 0.37821100652217871 -1.1724491715431211 276.50000000000006 0.26678894460201269 0.30915527045726782 0.19427843391895297 0.24566171318292621 0.16865611076354983 0.25167453289031988 1.5065858364105227 1620.5000000000002 0.34329362213611608 0.35915148258209234 0.22944547981023791 3.5000000000000004 0.35915148258209234 0.51349624991416942 0.22944547981023791 0.31291434168815618 3.5000000000000004
decision_type=2 2 2 2 2 2 2 2 2 2 2 2 2 2 2 2 2 2 2 2 2 2 2 2 2 2 2 2 2 2 2 2 2 2 2 2 2 2 2 2 2 2 2 2 2 2 2 2 2 2 2 2 2 2 2 2 2 2 2 2 2 2
left_child=1 4 7 5 13 19 8 44 22 -4 21 37 25 -1 30 -13 24 -15 -16 -3 -12 -7 -5 -14 38 -8 -18 28 -20 43 -10 32 -22 34 -33 36 -35 -6 53 -40 -32 -42 -43 -19 -2 -27 -30 49 -26 -44 -49 -28 -11 -9 55 56 -55 -45 59 -59 -47 -39
right_child=2 3 9 6 11 10 12 16 14 52 20 15 23 17 18 -17 26 29 27 -21 31 -23 -24 -25 48 45 51 -29 46 -31 40 33 -34 35 -36 -37 -38 61 39 -41 41 42 47 57 -46 60 -48 50 -50 -51 -52 -53 -54 54 -56 -57 -58 58 -60 -61 -62 -63
leaf_value=-0.049494830576857711 0.048170052564956524 -0.046224966395372102 0.049487840556689811 -0.042271228342953278 -0.01161125730658351 -0.01161125730658351 0.037646520768739755 -0.00094599240347248187 -0.0096614403063990037 0.035076177894644046 -0.0012758140437525247 -0.01161125730658351 -0.00094599240347248187 -0.047533156754299533 -0.0012758140437525247 -0.030242339145829269 0.028003806018019141 -0.047533156754299533 0.0044142908296110894 -0.025256170084246427 -0.01161125730658351 -0.0041967038414941335 -0.016110027810487485 0.0044142908296110894 0.016849012306503649 0.024996291657432331 0.0044142908296110894 0.0044142908296110894 -0.0012758140437525247 -0.0041967038414941335 0.0044142908296110894 -0.010437504927693292 -0.0012758140437525247 -0.0012758140437525247 -0.029807227974629161 -0.0012758140437525247 -0.01161125730658351 -0.030242339145829269 -0.00094599240347248187 0.024951935278015612 -0.01161125730658351 0.0044142908296110894 -0.0041967038414941335 -0.034602240495126724 0.030497278285207194 -0.0045243234154899855 0.0044142908296110894 -0.0041967038414941335 0.028003806018019141 0.0044142908296110894 0.0044142908296110894 0.027683188111405521 0.028003806018019141 0.0044142908296110894 0.0044142908296110894 0.028003806018019141 0.028003806018019141 -0.01161125730658351 -0.039018467655055636 -0.027251565870946667 0.011690544651392782 -0.04635410584677073
leaf_weight=6587.0836260132492 2054.109284542501 2644.3200360909104 7474.5399656184018 943.65262318775058 131.9731286726892 18383.196167431772 620.16258449852467 887.00259099155664 11427.151599958539 4208.4184919521213 28707.702377259731 10615.612284552306 21474.286398693919 2742.4039888642728 120144.95401018858 2466.999957241118 609.79807848483324 536.23659901320934 14282.904489845037 4225.9838982373476 1857.5400401204824 9345.9277158975601 4858.4998309016228 115537.29174529016 19121.945936374366 1701.4508821070194 14141.431668147445 35241.300790011883 24156.975867524743 229.84257217869163 1837.5773930624127 6186.1309818848968 4641.0764173492789 1422.6213131844997 2020.8305320367217 1738.262173846364 4942.3595419079065 1568.5407105535269 383.36959833651781 2007.1477428302169 1551.3332692012191 2266.9651403278112 1133.7189351022243 1018.2829798571765 1729.905428532511 774.08364620059729 1942.317202731967 48137.605939596891 585.33756699413061 2316.7700752466917 367.80781111121178 389.15058927237988 4974.4999512061477 224.1500501781702 1706.5484424307942 712.18137619644403 272.77810870856047 1294.2822283953428 489.47826455906034 1268.7521308735013 6855.002681337297 1160.6958157531917
leaf_count=153738 31546 54140 135866 15691 1690 153020 7048 5166 62407 54770 144336 95192 86779 54061 533012 28020 4431 9175 58289 60342 13803 59096 44458 511157 138887 11080 79059 142861 98873 3269 9068 39444 29829 8931 13944 10980 31024 23200 2127 11512 7870 11230 4640 17089 22981 4124 7998 226316 4225 9776 1651 2290 55586 1262 10560 4358 1750 20779 7530 20767 39921 18063
internal_value=1.95877e-05 -0.0023357 0.0204682 -0.000849084 -0.0272031 -0.00836884 0.000701735 0.0140838 -0.00126362 0.0376465 -0.0062042 -0.015729 0.00432064 -0.0401149 -0.000844879 -0.0117593 0.0116841 -0.0319574 0.000337178 -0.0333324 -0.00329364 -0.0116113 -0.0203714 0.00357415 0.0151187 0.0145976 0.00580797 0.00289976 0.00048615 -0.0231183 -0.0041967 -0.00720553 -0.00127581 -0.00969357 -0.0116113 -0.00410531 -0.0105412 -0.0338698 0.00721294 0.0169236 -0.00311264 -0.00384802 -0.00303533 -0.0258377 0.0376465 0.0116841 -0.00127581 -0.00362428 0.0176027 0.00441429 -0.0041967 0.00463989 0.0280038 0.00441429 0.0075869 0.0252018 0.00517858 -0.0229126 -0.0190031 -0.0151669 0.0100449 -0.0369443
internal_weight=595280 533798 61482.3 503688 30110.2 86116 417572 44824.9 270610 16657.5 79245.6 15943.8 146962 14166.4 264807 13082.6 41040.8 7579.28 195768 6870.3 51516.5 27729.1 5802.15 137012 25900.5 9950.7 15140.4 75623.5 40382.2 4836.87 69038.9 22808.8 6498.62 16310.2 8206.96 8103.24 6364.98 2861.21 6193.18 2390.52 57611.8 55774.2 54222.9 4607.03 3784.01 9330.54 26099.3 51955.9 19707.3 3450.49 48505.4 14530.6 9182.92 3802.66 2915.66 1209.11 496.928 4070.8 3052.51 2563.03 7629.09 2729.24
internal_count=3532087 2965711 566376 2513138 452573 618889 1894249 320154 1234140 246222 504407 166165 660109 286408 1173991 123212 265627 132670 841033 114482 292291 212116 60149 597936 179847 62173 85780 308021 165160 78609 332958 147955 43632 104323 53388 50935 39955 42953 36735 13639 270551 261483 253613 75340 54527 55125 106871 242383 143112 14416 227967 81349 110356 23096 17930 7370 3012 66165 49076 41546 44045 41263
is_linear=0
shrinkage=0.05


Tree=49
num_leaves=63
num_cat=0
split_feature=0 0 1 0 1 1 0 0 0 1 0 9 1 1 9 0 1 9 10 10 1 9 10 1 9 11 10 9 11 1 9 1 9 10 10 9 9 12 10 9 9 1 9 9 10 10 10 1 0 9 9 9 9 10 10 9 11 10 9 9 9 9
split_gain=10387.6 7241.54 2600.63 2141.08 1805.35 1804.03 1575.85 1003.17 806.633 758.459 593.694 509.626 469.001 461.073 418.349 348.062 338.292 336.436 369.305 338.876 296.977 229.509 219.741 205.829 203.05 201.301 197.967 356.48 213.714 188.889 183.532 181.948 177.987 360.211 212.631 164.827 159.436 152.817 134.936 129.8 144.043 124.841 117.508 116.28 106.113 98.187 96.74 92.377 90.8903 84.5138 80.306 73.7083 72.647 113.851 89.3514 72.2239 71.2267 69.4865 73.9932 69.2408 75.5421 68.9742
threshold=1.5000000000000002 -1.4999999999999998 810.50000000000011 -1.0000000180025095e-35 1132.5000000000002 750.50000000000011 3.5000000000000004 1.0000000180025095e-35 -2.4999999999999996 691.50000000000011 2.5000000000000004 0.4151990413665772 246.50000000000003 2688.5000000000005 0.41834951937198644 2.5000000000000004 276.50000000000006 0.43295334279537206 0.22244768589735034 0.21239183843135837 120.50000000000001 0.26678894460201269 0.21787931025028232 1980.5000000000002 0.26678894460201269 -0.047598851844668381 0.23428770154714587 0.36257559061050421 0.96983474493026745 390.50000000000006 0.34226986765861517 621.50000000000011 0.39328366518020635 0.21442330628633502 0.1979838311672211 0.25834909081459051 0.35267423093318945 3.5000000000000004 0.22301587462425235 0.16089829802513125 0.22045283764600757 1132.5000000000002 0.40835168957710272 0.35267423093318945 0.23374658077955249 0.22598334401845935 0.18845019489526751 561.50000000000011 -3.4999999999999996 0.43295334279537206 0.48279391229152685 0.41196930408477789 0.53198191523551952 0.22255443781614306 0.23291677981615069 0.34726093709468847 0.14369793981313708 0.19051928073167804 0.15266980975866321 0.33654683828353887 0.32850436866283422 0.30839414894580847
decision_type=2 2 2 2 2 2 2 2 2 2 2 2 2 2 2 2 2 2 2 2 2 2 2 2 2 2 2 2 2 2 2 2 2 2 2 2 2 2 2 2 2 2 2 2 2 2 2 2 2 2 2 2 2 2 2 2 2 2 2 2 2 2
left_child=1 4 10 5 31 29 11 9 48 20 16 15 -9 17 19 23 -2 18 -7 -10 -5 47 51 -4 33 30 28 -28 -27 -3 -23 -1 46 34 39 -24 -32 -37 -35 -11 -41 -20 -43 45 -40 55 58 -14 -6 -29 -15 56 53 -16 -55 -39 -21 -17 -25 60 -18 -58
right_child=2 3 6 7 8 13 -8 12 14 24 -12 -13 21 50 52 57 59 -19 41 22 -22 25 35 32 -26 26 27 49 -30 -31 36 -33 -34 38 -36 37 -38 43 44 40 -42 42 -44 -45 -46 -47 -48 -49 -50 -51 -52 -53 -54 54 -56 -57 61 -59 -60 -61 -62 -63
leaf_value=-0.050881675788487173 0.047689145999557044 -0.044415067325219881 0.015515314634767526 -0.03222844037337582 -0.051763922887277637 -0.00093633044348261107 0.047778823376588425 0.018273805181414964 -0.00093633044348261107 -0.00044938204683796755 0.050771522338360089 0.0039816415577765092 0.019678338124093944 -0.00044938204683796755 -0.018179684079130908 0.045257116425199098 0.026270975475224945 -0.018179684079130908 -0.020051828825441827 -0.037331989622975327 -0.0059238005351768723 0.0078417974932280289 -0.037331989622975327 0.0078417974932280289 -0.00044938204683796755 -0.00044938204683796755 0.0078417974932280289 -0.00044938204683796755 0.0039816415577765092 -0.017854185307880351 -0.00044938204683796755 -0.036903592818594406 0.024984198251432894 0.0078417974932280289 -0.00044938204683796755 -0.0085699988191211066 0.0039816415577765092 -0.037331989622975327 -0.00044938204683796755 0.0078417974932280289 -0.00044938204683796755 -0.0085699988191211066 -0.00044938204683796755 -0.03291096720505083 0.0078417974932280289 -0.0085699988191211066 0.0078417974932280289 0.0078417974932280289 -0.037331989622975327 0.0039816415577765092 -0.012121201537337868 -0.00093633044348261107 -0.037331989622975327 -0.037331989622975327 -0.018179684079130908 -0.0085699988191211066 -0.00093633044348261107 0.024984198251432894 0.044045893313787117 0.017399593298664525 0.050771522338360089 -0.037331989622975327
leaf_weight=5049.4003544263542 1965.5777576044202 2749.6303203143179 17373.365040265024 1768.2007968463004 1096.6510010361671 18091.826920427382 3218.0104452893138 5523.0940941125154 2346.5173667967319 2694.730327501893 5892.3729009255767 6654.8447355888784 1647.8068569600582 23009.82361997664 1151.1068428829312 423.19498781859875 3107.2110096104443 7692.975150629878 3321.2928355634212 964.0381530188024 16044.217429533601 14411.633960708976 347.59498169273138 209.17648463696241 204744.38133101165 44462.169506177306 14305.665077731013 8929.679732054472 10140.479425117373 3894.0449756644666 1982.2072643041611 4352.7892211843282 1060.8989771008492 8989.7692042738199 19013.498746976256 5990.0274581164122 21555.286387383938 467.87715898454189 4554.6215461343527 9755.4494807720184 2334.3109072893858 23040.825538128614 2192.9778858572245 1119.2978201210499 715.61267974972725 908.14753681048751 11753.352641932666 22673.246444389224 3103.0499186813831 1140.3763955831528 1481.7657518684864 48.095104675740004 521.40583813935518 1092.4345315359533 457.93464233353734 50.301967334002256 262.1256082393229 5670.0956755019724 401.7690451592207 2501.6058195568621 240.55929163843393 97.233453541994095
leaf_count=123536 31458 58401 119158 26475 19328 106538 47052 39204 18969 11113 111904 40262 9547 124706 14391 5298 33335 62242 33759 9456 104476 65077 3038 1574 908453 188551 62298 36738 45033 55518 8183 91858 5344 36229 77297 58303 88863 5388 18174 40117 9585 150349 15699 15273 2968 11470 68706 112281 52009 4461 10430 578 6940 13455 5535 642 2478 71345 2982 25200 2607 1005
internal_value=-3.04916e-06 -0.00223403 0.0196342 -0.000823238 -0.0263421 -0.00803279 0.0140199 0.000653197 -0.0178542 -0.00115204 0.0387856 0.0115242 0.00398164 -0.0059238 -0.0126828 0.0140656 0.0297431 -0.0084923 -0.00689431 -0.00857 -0.0111239 0.00342266 -0.0133546 0.0119047 -0.000449382 0.00250342 0.00088209 0.00398164 -0.000449382 -0.0330526 0.00398164 -0.0444151 0.0078418 0.00280062 -8.16484e-05 -0.0104763 0.00277072 -0.00906487 0.0078418 0.00557239 0.0078418 -0.00857 -0.00857 -0.0208529 -0.000449382 -0.011374 0.0078418 0.0078418 -0.037332 -0.000449382 -0.000449382 -0.0319761 -0.0287558 -0.0248636 -0.0343508 -0.0308086 -0.0346646 0.0249842 0.0249842 0.0237056 0.0284111 -0.0144376
internal_weight=592760 532288 60472 502862 29426 85475.2 46764.7 417386 20023.8 270615 13707.3 43546.7 146772 78831.5 15824.1 36891.9 7814.95 54339.9 46646.9 12601.3 17812.4 141249 10254.7 30798.6 252802 116927 78978.4 24375.7 54602.6 6643.68 37949.1 9402.19 13425.2 48058 33798 8883.25 23537.5 8535.65 14260 14784.5 12089.8 28555.1 25233.8 2545.62 5270.23 1426.33 12364.3 24321.1 4199.7 10070.1 24491.6 1371.49 3222.88 2701.48 1550.37 518.179 1323.4 6093.29 610.946 5849.38 3347.77 359.359
internal_count=3532642 2966417 566225 2512765 453652 617642 361721 1895123 238258 1234887 204504 314669 660236 503723 166921 274407 92600 368587 306345 126600 130951 621032 107631 197764 1103936 499204 337081 103497 233584 113919 162123 215394 78606 195483 138112 94114 97046 91076 57371 60815 49702 199807 166048 32773 21142 17500 73262 121828 71337 41199 135136 13517 40321 33381 18990 6030 12939 76643 4556 61142 35942 3483
is_linear=0
shrinkage=0.05


Tree=50
num_leaves=63
num_cat=0
split_feature=0 0 0 0 1 1 1 0 1 1 0 1 1 1 9 9 1 11 9 9 1 10 0 9 11 9 9 1 9 1 1 9 9 0 10 9 9 10 9 10 10 9 10 10 10 1 9 1 1 10 10 9 10 10 9 9 1 11 10 10 11 9
split_gain=9464.25 6603.86 2533.79 1908.2 1833.85 1679.51 1042.71 966.308 795.683 768.069 673.928 532.801 402.83 364.4 331.922 313.186 264.111 251.915 239.826 235.326 226.673 224.63 253.994 200.535 219.401 197.3 187.687 179.976 169.514 168.145 149.717 139.834 134.545 131.828 130.54 198.404 130.454 129.622 320.322 173.314 169.19 131.427 130.796 128.602 128.201 118.632 116.785 116.357 100.888 163.893 198.727 121.938 101.002 99.5582 97.2848 97.1417 96.0042 92.4832 92.1023 137.676 89.3973 83.8291
threshold=1.5000000000000002 -1.4999999999999998 2.5000000000000004 -1.0000000180025095e-35 1200.5000000000002 630.50000000000011 482.50000000000006 1.0000000180025095e-35 1040.5000000000002 246.50000000000003 -2.4999999999999996 1950.5000000000002 268.50000000000006 1938.5000000000002 0.42303735017776495 0.3380760401487351 2280.5000000000005 -0.29511401057243342 0.37613216042518621 0.30364511907100683 780.50000000000011 0.24660515785217288 -2.4999999999999996 0.26678894460201269 -0.047598851844668381 0.3302708119153977 0.21753472089767459 329.50000000000006 0.25309312343597418 80.500000000000014 30.500000000000004 0.19466029852628711 0.4151990413665772 -3.4999999999999996 0.23428770154714587 0.38072577118873602 0.35119703412055975 0.20932090282440188 0.27148680388927465 0.2233121916651726 0.21752139925956729 0.24974367767572406 0.19427843391895297 0.23240628093481067 0.24268008023500445 630.50000000000011 0.44099158048629766 206.50000000000003 1140.5000000000002 0.23388879746198657 0.2283434867858887 0.36473333835601812 0.22289190441370013 0.20552200078964236 0.38589408993721014 0.3380760401487351 1500.5000000000002 2.1434698104858403 0.23254007846117022 0.24240486323833468 1.4662212133407595 0.44099158048629766
decision_type=2 2 2 2 2 2 2 2 2 2 2 2 2 2 2 2 2 2 2 2 2 2 2 2 2 2 2 2 2 2 2 2 2 2 2 2 2 2 2 2 2 2 2 2 2 2 2 2 2 2 2 2 2 2 2 2 2 2 2 2 2 2
left_child=1 4 6 5 20 27 47 9 -4 29 33 19 30 36 16 17 52 -8 31 -7 -1 60 -22 -14 55 26 53 -3 -13 -5 -9 -15 34 -6 54 -36 40 -28 39 -39 42 -42 -11 -40 -45 -38 -30 -2 -21 50 51 -47 -12 57 -26 -25 -10 -19 -43 -60 -17 -24
right_child=2 3 8 7 10 11 15 12 56 13 14 28 23 18 -16 21 -18 25 -20 48 22 -23 61 24 32 -27 37 -29 46 -31 -32 -33 -34 -35 35 -37 45 38 43 -41 41 58 -44 44 -46 49 -48 -49 -50 -51 -52 -53 -54 -55 -56 -57 -58 -59 59 -61 -62 -63
leaf_value=-0.049030443980902116 0.048991143808822246 -0.046712049910081266 0.048991143808822246 -0.039936812299200375 -0.051507204691618895 -0.0049859253246069312 0.02621330295991281 0.036240885530933055 0.034901657367367327 0.0014578821222262827 -0.01217780722885738 0.0014578821222262827 0.0074737522806950481 0.0074737522806950481 -0.028410511041312703 0.0046461452841921056 -0.0027591232971332959 0.02621330295991281 -0.002437719245507685 -0.02020214740321892 -0.049685912697784523 0.02621330295991281 -0.02020214740321892 0.0074737522806950481 0.0014578821222262827 0.02621330295991281 0.0074737522806950481 -0.027470492792086316 -0.0027591232971332959 -0.016677551496542192 0.010466165487217162 0.0014578821222262827 -0.002437719245507685 -0.029844973677986938 0.0046461452841921056 -0.002437719245507685 -0.013718359698597169 0.02621330295991281 0.0074737522806950481 0.0074737522806950481 0.0074737522806950481 0.0014578821222262827 -0.0049859253246069312 0.024624563263153463 0.0074737522806950481 -0.01217780722885738 -0.010772414714667762 0.031521940720434939 -0.01217780722885738 -0.002437719245507685 -0.01217780722885738 -0.002437719245507685 -0.020296661923689788 0.0074737522806950481 0.0046461452841921056 0.0037377201131711052 0.02621330295991281 0.0074737522806950481 -0.0049859253246069312 0.0037377201131711052 0.018781326797840291 -0.043932591202019769
leaf_weight=6003.4899563062936 1395.9282814636827 2159.439919155091 6851.6069848276675 1030.6807220652699 940.11887057870626 10025.070775136352 2431.097046688199 594.32864358276129 3187.5772905647755 3771.1638521254063 3065.2845622226596 7653.2956874370575 24208.393495708704 6733.2623584866524 2813.1624040789902 17090.330314047635 4898.5707861036062 2580.798822209239 55786.316074043512 5442.8643331490457 1479.7553212568164 736.68797734379768 1947.4557590410113 13039.728440076113 37165.745169609785 1183.6791005283594 2440.3523528426886 2795.0706496983767 36853.081294961274 3162.1292026117444 5288.2976393401623 128657.35472866893 13757.591466113925 2808.6729882434011 17488.268885701895 4468.6665693670511 4591.3479709029198 2581.5411344468594 6198.284817405045 770.12682142108679 1283.9032659456134 15454.189425855875 12446.455360800028 2186.2878752574325 474.6508551761508 1271.9748398065567 6142.1003071367741 2153.0808375440538 14006.409918010235 9080.6596111357212 5240.1538478881121 10282.147839277983 4291.5825201533735 450.87690241634846 5771.1630827337503 24784.800547644496 5528.2544283345342 104.82532192021608 8832.0789669081569 2777.3894067630172 1117.6739256978035 410.61823207512498
leaf_count=153191 23359 48133 135794 18257 17039 65764 18816 7080 45266 15875 30627 33739 121638 28173 35557 97391 39835 19573 261660 60326 32402 4531 37072 59283 161929 8854 17303 47315 211412 30909 34505 531279 55642 47805 75740 18172 30797 18676 44091 5493 5332 72123 56583 15821 3367 6389 43434 31217 108205 42912 26516 53302 51134 3252 24087 102321 64917 882 41561 13033 7208 7942
internal_value=-5.72957e-06 -0.0021252 0.0189099 -0.000792577 -0.0254693 -0.00761678 0.012763 0.000599834 0.0362409 -0.00117227 -0.0163211 -0.0058696 0.00386918 -0.0008378 -0.0116 0.0104662 -0.0112143 0.0146106 0.000321121 -0.0112143 -0.0429581 0.00578347 -0.033449 0.00333309 0.00247244 0.012608 0.0112071 -0.0358647 -0.00275912 -0.0224033 0.016687 0.00145788 0.00145788 -0.0352897 0.00184847 0.00464615 -0.00379064 0.00882961 0.0128353 0.0259994 -0.00206676 0.000335528 -0.00498593 0.00785263 0.0184864 -0.00631214 -0.00275912 0.0362409 -0.0142069 -0.00498593 -0.00831062 -0.00413135 -0.0142069 0.0223064 0.00145788 0.00464615 0.0262133 0.0261712 -0.000620294 -0.00401014 0.00464615 -0.0232431
internal_weight=590168 530704 59463.7 502046 28658.7 85077.3 43896.2 416968 15567.4 270401 18817.4 80122.8 146567 266208 15068.6 40347.2 12255.4 21402.5 191177 29474.3 9841.32 18944.7 3837.83 140684 116476 18971.4 17787.7 4954.51 50648.5 4192.81 5882.63 135391 78651.4 3748.79 64893.8 21956.9 75031.5 14651.2 12210.9 3351.67 44565.2 28347.6 16217.6 8859.22 2660.94 30466.3 42995.2 3549.01 19449.3 25874.9 16794.3 11554.1 7356.87 3136.5 42936.9 37824.5 8715.83 2685.62 27063.7 11609.5 18208 2358.07
internal_count=3531841 2966030 565811 2513426 452604 618328 319834 1895098 245977 1234701 221997 522880 660397 1185535 157153 265258 121596 156128 821112 234295 230607 109130 77416 618812 497174 137312 128458 95448 288585 49166 41585 559452 335570 64844 279928 93912 364423 104751 87448 24169 204507 132049 72458 63279 19188 159916 254846 54576 168531 129119 86207 59691 81761 23707 186016 161604 110183 20455 126717 54594 104599 45014
is_linear=0
shrinkage=0.05


Tree=51
num_leaves=63
num_cat=0
split_feature=0 0 0 1 0 1 1 0 0 1 1 1 1 8 1 1 8 1 8 8 1 1 8 8 8 10 8 11 1 1 1 0 11 8 8 8 8 8 8 0 10 10 8 1 8 8 8 5 11 10 8 8 8 10 8 8 8 10 10 8 8 11
split_gain=8672.89 6088.75 2483.12 1822.02 1763.74 1554.86 1022.23 897.87 814.888 783.623 705.587 464.804 401.709 369.479 345.124 282.6 263.159 253.583 229.78 197.142 160.341 156.398 151.811 195.625 164.442 181.964 254.819 174.033 149.507 226.673 158.28 166.789 149.427 147.811 156.759 134.159 173.79 146.484 155.986 130.256 113.293 111.496 159.528 106.551 100.108 92.3484 92.0815 91.9322 93.6085 78.3287 76.6518 103.554 151.337 75.8506 75.7399 106.864 75.3891 72.2095 234.491 71.5541 64.6457 62.6378
threshold=1.5000000000000002 -1.4999999999999998 2.5000000000000004 1071.5000000000002 -1.0000000180025095e-35 621.50000000000011 482.50000000000006 1.0000000180025095e-35 -2.4999999999999996 1080.5000000000002 360.50000000000006 1950.5000000000002 1011.5000000000001 0.36753095686435705 1740.5000000000002 1280.5000000000002 0.45978543162345892 30.500000000000004 0.24668355286121371 0.46895973384380346 2370.5000000000005 1620.5000000000002 0.39419347047805792 0.40625980496406561 0.44519373774528509 0.21738760173320773 0.53528708219528209 0.35576690733432775 590.50000000000011 80.500000000000014 329.50000000000006 -2.4999999999999996 1.2073334455490115 0.35430321097373968 0.34756815433502203 0.34329362213611608 0.35915148258209234 0.37011507153511053 0.45418073236942297 -3.4999999999999996 0.24533988535404208 0.21752139925956729 0.5077456831932069 206.50000000000003 0.60423651337623607 0.57117900252342235 0.29441830515861517 19.500000000000004 -1.842118442058563 0.22417488694190982 0.30652734637260443 0.33991539478302008 0.35430321097373968 0.23170979321002963 0.40434686839580541 0.42156024277210241 0.35793930292129522 0.22992139309644702 0.23346950113773349 0.47552274167537695 0.3365717232227326 0.16720794141292575
decision_type=2 2 2 2 2 2 2 2 2 2 2 2 2 2 2 2 2 2 2 2 2 2 2 2 2 2 2 2 2 2 2 2 2 2 2 2 2 2 2 2 2 2 2 2 2 2 2 2 2 2 2 2 2 2 2 2 2 2 2 2 2 2
left_child=1 3 6 28 5 30 43 10 39 -4 29 19 17 46 33 -8 61 -9 -13 -7 -15 -11 -14 -24 -25 26 59 -28 -1 -6 -3 -30 40 -12 49 -17 -37 -38 -26 -5 47 -35 54 -2 -39 -41 -10 48 -19 -34 -50 -52 -53 -21 -43 -56 -54 -27 -59 -18 -33 -16
right_child=2 4 9 8 7 11 15 12 13 21 14 18 22 20 16 35 25 32 -20 53 -22 -23 23 24 38 57 27 -29 31 -31 -32 60 34 41 -36 36 37 44 -40 45 -42 42 -44 -45 -46 -47 -48 -49 50 -51 51 52 56 -55 55 -57 -58 58 -60 -61 -62 -63
leaf_value=-0.05093888902112842 0.048318659360361983 -0.045893385745341263 0.048318659360361983 -0.051419388629553198 -0.035598556813769569 -0.010757183160689987 0.016452204553949693 0.035712862989328659 -0.033544293174768966 0.033152842013413522 -0.0096432446183641538 -0.026225157897936946 -0.00035228806395793798 -0.01113663644636949 -0.0010329851620839764 -0.00035228806395793798 0.0041696372643453524 0.016452204553949693 -0.002406677140183125 -0.0040750733348338666 -0.002406677140183125 0.019290610908584735 0.0072064539233731772 -0.0010329851620839764 0.0085869863387670314 0.0041696372643453524 0.0041696372643453524 -0.002406677140183125 -0.049905526193587998 -0.01312647799012088 -0.027247355596621822 -0.047457163699135593 0.016452204553949693 -0.0040750733348338666 0.016452204553949693 0.019290610908584735 -0.00035228806395793798 0.0085869863387670314 0.0041696372643453524 -0.033544293174768966 0.016452204553949693 -0.00035228806395793798 0.0041696372643453524 0.031363562652836817 0.019290610908584735 -0.01113663644636949 -0.020832838389176173 0.016452204553949693 -0.005455506069149442 -0.002976664054655962 0.016452204553949693 -0.0096432446183641538 0.016452204553949693 -0.01113663644636949 -0.010642560341956906 -0.0022589097618006346 0.0047022818840036533 -0.002406677140183125 0.0041696372643453524 -0.002406677140183125 -0.027247355596621822 -0.002406677140183125
leaf_weight=4382.068315198645 1338.554281603545 2065.4426818005741 6777.461242005229 1071.5873478353024 997.03070293739438 19424.88221359998 11654.600149594247 575.68320805579424 1167.7325425297022 3632.8243123181164 9954.0647971555591 853.35990709811449 36592.832588672638 7913.8687994815409 90900.773460224271 3730.1438308805227 1808.6521167010069 436.11544627696276 49716.649702548981 9310.9777568951249 3936.4818551391363 4640.0602525509894 5843.1863195598125 21753.519660681486 4669.9489116221666 25360.613656148314 20484.938671603799 6079.5514242351055 1554.906458940357 6009.7377377562225 2550.6416032575071 405.52659868076444 184.82207369804382 13957.030796252191 5154.9131242334843 1310.5526517480612 1005.9349531531334 20956.409117698669 45651.306311056018 2866.9723336435854 1283.8734848275781 10709.793547436595 2490.579033613205 2097.3859951160848 1418.0014268010855 164.16253482177854 2719.8635648712516 1238.7069071978331 1831.9444111585617 244.42883966118097 1653.3433007746935 986.76133859157562 313.01901433616877 654.49076655879617 4781.3462480157614 18529.216727152467 17999.499919742346 5111.5498030334711 6167.6806354522705 13327.449710711837 1820.305684523657 33318.048687905073
leaf_count=117547 23387 48030 140163 20917 18291 170939 94737 7055 16151 50110 54847 6755 147953 90413 404148 18144 7426 2260 281950 60687 31320 55491 24113 93078 21523 102811 83609 24649 37986 51632 44812 9068 885 62840 27397 7035 5115 129770 209102 51993 6163 53380 10482 31256 10762 2537 34760 6123 8000 1091 7564 4514 1505 4912 24370 86475 92243 20716 25089 55062 40386 147908
internal_value=-5.022e-05 -0.00207148 0.0182072 -0.0247601 -0.000803189 -0.00738593 0.0121515 0.000533862 -0.0165782 0.0357129 -0.00117591 -0.0057568 0.00368668 -0.0114031 -0.000758658 0.0098956 0.000230622 0.00864843 -0.00285052 -0.0107572 -0.0107572 0.0253811 0.00230426 0.00355185 0.0025994 0.00230426 0.000155648 0.00344881 -0.0446429 -0.0168342 -0.0355986 -0.0373341 0.00803218 -0.00407507 0.0154462 0.00720645 0.00855552 0.00744579 0.00416964 -0.0364222 0.00642342 -0.00297666 -0.00103299 0.0357129 0.00858699 -0.031105 -0.0262252 0.00561495 0.0048928 -0.00964324 0.00435015 0.0052077 0.00417631 -0.00407507 -0.00220874 -0.00397891 0.00525423 0.00416964 -0.000225694 -0.00240668 -0.0285335 -0.00120403
internal_weight=587544 528982 58561.9 28003.5 500978 84576.4 43511.6 416402 19840.7 15050.3 269988 79960.4 146414 15737.9 262981 40075.6 202559 31903.1 50570 29390.4 11850.4 8272.88 114511 77918 72074.8 78340.4 41700.6 26564.5 8162.81 7006.77 4616.08 3780.74 31327.4 60422 5584.16 28421 24690.9 23380.3 50321.3 4102.72 25743.3 50468 36510.9 3435.94 22374.4 3031.13 3887.6 24459.4 23220.7 429.251 22784.6 20952.6 19299.3 9965.47 34020.4 23310.6 18312.5 36639.8 11279.2 15136.1 2225.83 124219
internal_count=3531437 2965467 565970 453078 2512389 618085 320206 1894304 248091 245764 1233735 525243 660569 172644 1163812 265563 871418 164800 288705 236538 121733 105601 495769 347816 323703 319362 170746 108258 204987 69923 92842 87440 157745 292394 29373 170826 152682 145647 230625 75447 128372 237547 174707 54643 140532 54530 50911 122209 116086 1976 113826 105826 98262 65599 164225 110845 93748 148616 45805 62488 49454 552056
is_linear=0
shrinkage=0.05


Tree=52
num_leaves=63
num_cat=0
split_feature=0 0 1 1 0 1 0 0 0 1 0 8 9 1 1 9 10 1 8 10 10 0 12 10 8 8 12 9 10 9 1 10 9 10 9 11 8 10 9 1 11 11 1 1 9 11 0 8 9 11 8 8 10 9 8 8 1 11 10 9 11 9
split_gain=7921.4 5751.74 2388.02 1735.68 1572.03 1549.27 1508.41 859.071 830.184 648.873 581.171 431.55 420.214 404.321 390.52 339.082 322.152 304.531 298.442 319.12 293.018 275.157 242.475 262.886 215.713 199.402 198.046 177.9 175.205 151.603 144.971 144.19 170.858 170.103 210.083 138.31 219.507 220.307 153.016 138.206 107.757 107.286 103.15 202.778 102.125 128.348 99.7176 91.9433 95.7865 91.3698 193.831 103.043 87.6667 87.0649 106.775 82.3379 79.8112 76.6694 71.4831 70.7459 67.7845 67.2899
threshold=1.5000000000000002 -1.4999999999999998 801.50000000000011 921.50000000000011 -1.0000000180025095e-35 652.50000000000011 3.5000000000000004 -2.4999999999999996 1.0000000180025095e-35 307.50000000000006 2.5000000000000004 0.36753095686435705 0.3380760401487351 2746.5000000000005 246.50000000000003 0.3302708119153977 0.24110610783100131 276.50000000000006 0.36525034904479986 0.22244768589735034 0.21239183843135837 2.5000000000000004 2.5000000000000004 0.24293175339698794 0.51349624991416942 0.5077456831932069 3.5000000000000004 0.19466029852628711 0.19051928073167804 0.29744088649749761 17.500000000000004 0.21719129383563998 0.19466029852628711 0.19618484377861026 0.26678894460201269 -0.37844973802566523 0.66708189249038707 0.19319908320903781 0.19804758578538897 652.50000000000011 -0.4301683753728866 -0.50225719809532154 390.50000000000006 50.500000000000007 0.3340155184268952 0.53859612345695507 -3.4999999999999996 0.29661081731319433 0.41196930408477789 1.4662212133407595 0.38997472822666174 0.36166779696941381 0.25167453289031988 0.35267423093318945 0.43135935068130499 0.42247545719146734 590.50000000000011 -0.27766193449497217 0.21574497967958453 0.15266980975866321 2.1434698104858403 0.13645498454570773
decision_type=2 2 2 2 2 2 2 2 2 2 2 2 2 2 2 2 2 2 2 2 2 2 2 2 2 2 2 2 2 2 2 2 2 2 2 2 2 2 2 2 2 2 2 2 2 2 2 2 2 2 2 2 2 2 2 2 2 2 2 2 2 2
left_child=1 3 10 56 5 42 12 46 9 43 17 41 15 18 30 21 28 -2 -7 -20 -13 35 23 57 26 39 58 -16 -14 -28 -10 32 36 -29 -35 -4 37 -27 59 -11 -31 -9 -3 -6 -17 -46 -5 -43 -49 -30 51 60 -41 54 -42 -47 -1 -18 -22 61 -51 -37
right_child=2 4 6 7 8 13 -8 11 14 25 -12 20 16 -15 27 44 22 -19 19 -21 24 -23 -24 -25 -26 31 29 33 49 40 -32 -33 -34 34 -36 38 -38 -39 -40 52 53 47 -44 -45 45 55 -48 48 -50 50 -52 -53 -54 -55 -56 -57 -58 -59 -60 -61 -62 -63
leaf_value=-0.050800784880511651 0.046095761613068179 -0.043535061233027972 0.025412003791319894 -0.051169294006311206 -0.043535061233027972 -0.01442166144649054 0.046874485477431969 -0.036366625684253473 0.046095761613068179 -0.0084958157608328293 0.050147253862587095 -0.00077883912945081392 0.046874485477431969 -0.00077883912945081392 0.010324179020161622 0.046874485477431969 0.0026991637621580911 0.02203026250946544 -0.00077883912945081392 -0.0072759949680915037 -0.03473587904893137 0.025412003791319894 0.038701769739921087 0.0030437950236619849 -0.036668783282716735 0.010324179020161622 -0.0072759949680915037 -0.00077883912945081392 0.0026991637621580911 -0.036668783282716735 0.014549169701717017 0.0026991637621580911 -0.00077883912945081392 0.0083858589206539016 0.0026991637621580911 0.025412003791319894 -0.00077883912945081392 -0.00077883912945081392 0.0083858589206539016 -0.00077883912945081392 -0.0072759949680915037 -0.035265050040544581 -0.017188336892312212 -0.014588108927588812 0.041704350836302181 0.046874485477431969 -0.036668783282716735 -0.036668783282716735 -0.01442166144649054 0.04174607408040315 0.041415834073330861 0.0026991637621580911 0.0026991637621580911 -0.03208685531299537 -0.028719601957712365 0.0026991637621580911 -0.039309134324956661 0.046874485477431969 -0.0072759949680915037 0.025412003791319894 0.0026991637621580911 0.010324179020161622
leaf_weight=4191.8576157353818 1745.3628049679101 2448.4517692662776 1496.408192537725 1191.0140675418079 661.41321459785104 12467.220540426672 2946.6742944382131 1565.658917862922 371.42228753864765 8013.2229313626885 5071.2285139448941 2454.8570973612368 130.14920963346958 22284.096259444952 4774.3085181564093 740.14126088097692 74.094632491469383 5337.7899704687297 18630.543918613344 26019.508002173156 298.70928803831339 3646.4206351935863 1129.3259022496641 936.26946061849594 798.446134082973 5601.0674066543579 537.28475805744529 3058.1613947749138 16274.077752675861 940.11612537130713 4980.4294255971909 11010.311719447374 34505.178895704448 17268.440916612744 115535.98562207818 273.74465091526508 2675.9238339662552 1506.5081842690706 14552.502600975335 198948.16752415895 250.90326656401157 679.23275741562247 2385.4073706120253 4820.152226485312 438.54260321334004 70.513273175805807 3259.0493683516979 330.06352795287967 1439.1831729449332 289.65432516485453 485.82672877982259 184.12145487591624 2281.9717609733343 642.05137109383941 579.78625398129225 242.38296228647232 2401.5772895012051 294.07016790658236 5874.5198003277183 1137.5550478845835 69.730785973370075 181.55820572376251
leaf_count=117877 31462 58520 11375 24878 12560 102263 47598 22639 4758 50328 109980 21469 878 123294 25278 6259 405 59230 110726 184344 2765 49629 9262 5169 8035 23534 6879 14707 105101 13771 34332 44818 142929 86073 494425 2153 11174 6154 101774 886758 3696 9519 39283 47503 3615 614 61847 4262 18872 2094 3833 1336 9313 9516 7918 2032 60705 1624 59175 8777 525 1462
internal_value=-4.90436e-05 -0.0019731 0.0175321 -0.0242637 -0.000750613 -0.00697951 0.0122819 -0.0171883 0.000510644 -0.00113169 0.0372241 -0.0118975 0.00989068 -0.00530618 0.00354833 0.0145256 0.0045758 0.0279659 -0.00727599 -0.00567202 -0.00727599 0.0129096 0.0217505 0.00705636 -0.0120252 -0.000778839 -0.00984155 0.0030438 0.0030438 -0.0209924 0.0168036 0.00222359 -0.000202834 0.00269916 0.00269916 0.0103242 0.00594106 0.0103242 0.0103242 -0.000778839 -0.0269496 -0.0261416 -0.034459 -0.0181573 0.0375656 0.0242001 -0.0366688 -0.0195911 -0.0144217 0.00269916 0.0181245 0.00269916 -0.000778839 -0.0182724 -0.00756923 0.00269916 -0.0466217 0.0459068 -0.00727599 0.0239704 0.0302566 0.0103242
internal_weight=585430 527682 57748.1 27434.3 500248 84235.2 45593.8 20840.9 416013 270024 12154.4 16390.8 42647.1 79401.4 145989 22779.8 19867.3 7083.15 57117.3 44650.1 12376.7 21288.2 2433.76 1304.43 9921.82 264542 9123.37 140637 17433.6 2950.14 5351.85 55299 44288.7 135863 132804 17641.8 9783.5 7107.58 16145.4 209243 2412.86 4014.14 4833.86 5481.57 1491.58 751.439 4450.06 2448.48 1769.25 17303.4 1029.33 543.507 201230 1472.74 830.69 312.896 6593.43 368.165 6173.23 1592.86 359.385 455.303
internal_count=3533084 2966897 566187 453823 2513074 618430 365515 275241 1894644 1235071 200672 188516 317917 520627 659573 187690 130227 90692 397333 295070 133224 175170 16460 7198 111755 1175008 103720 620483 113767 41780 39090 228609 183791 595205 580498 125541 40862 29688 114166 946399 34901 55292 97803 60063 12520 6261 86725 32653 23134 112889 7788 3955 896071 21130 11614 2646 178582 2029 61940 12392 2619 3615
is_linear=0
shrinkage=0.05


Tree=53
num_leaves=63
num_cat=0
split_feature=0 0 1 1 0 0 1 0 0 1 0 1 8 1 8 1 1 0 1 8 10 1 1 0 8 1 8 1 10 10 8 8 8 10 10 1 8 5 0 8 10 11 11 10 8 10 8 8 11 8 11 10 10 8 10 10 10 8 10 10 12 11
split_gain=7341.98 5126.48 2342.83 1722.92 1443.71 1397.01 1427 701.926 697.515 592.683 548.921 407.861 385.627 362.38 323.572 319.86 296.1 287.572 217.746 216.978 251.051 193.651 206.671 220.862 188.739 166.597 162.699 171.102 158.357 232.864 173.127 157.707 138.986 167.458 136.559 134.635 128.273 108.979 100.46 88.9062 87.3842 88.7577 127.831 86.6175 82.967 81.1246 168.163 73.0446 72.222 95.0622 115.573 73.2066 90.9816 129.179 72.4606 79.1733 69.8886 104.482 71.9518 69.2412 68.4282 67.7548
threshold=1.5000000000000002 -1.4999999999999998 801.50000000000011 1132.5000000000002 3.5000000000000004 -1.0000000180025095e-35 682.50000000000011 1.0000000180025095e-35 -2.4999999999999996 276.50000000000006 2.5000000000000004 2717.5000000000005 0.36753095686435705 660.50000000000011 0.34329362213611608 2250.5000000000005 276.50000000000006 2.5000000000000004 30.500000000000004 0.36753095686435705 0.22244768589735034 621.50000000000011 339.50000000000006 -2.4999999999999996 0.45978543162345892 50.500000000000007 0.35915148258209234 1980.5000000000002 0.21239183843135837 0.21787931025028232 0.52096745371818554 0.37921610474586492 0.39419347047805792 0.19051928073167804 0.18845019489526751 1290.5000000000002 0.53916177153587352 8.5000000000000018 -3.4999999999999996 0.55953550338745128 0.24361582100391391 1.1812840104103091 0.58007952570915233 0.23832755535840991 0.3365717232227326 0.21738760173320773 0.56662777066230785 0.24668355286121371 -1.842118442058563 0.35430321097373968 -0.99717843532562245 0.23428770154714587 0.22192137688398364 0.48214443027973181 0.22273061424493792 0.23359713703393939 0.21752139925956729 0.4489418119192124 0.2164660915732384 0.24566171318292621 5.5000000000000009 -0.19389332085847852
decision_type=2 2 2 2 2 2 2 2 2 2 2 2 2 2 2 2 2 2 2 2 2 2 2 2 2 2 2 2 2 2 2 2 2 2 2 2 2 2 2 2 2 2 2 2 2 2 2 2 2 2 2 2 2 2 2 2 2 2 2 2 2 2
left_child=1 3 10 21 14 6 22 9 38 25 16 19 -10 18 33 -11 -2 26 -9 35 -21 -1 -3 -23 -17 -7 -16 31 -14 -30 60 -28 -15 -4 -29 -8 37 40 -5 -19 41 42 43 48 -25 46 -26 -13 -20 -50 -51 52 56 54 -54 61 57 -52 -59 -33 -31 -56
right_child=2 5 4 8 -6 7 11 13 12 15 -12 47 28 32 17 24 -18 39 36 20 -22 23 -24 44 45 -27 27 34 29 30 -32 59 -34 -35 -36 -37 -38 -39 -40 -41 -42 -43 -44 -45 -46 -47 -48 -49 49 50 51 -53 53 -55 55 -57 -58 58 -60 -61 -62 -63
leaf_value=-0.050076831120798221 0.046165695043291023 -0.044787477268859101 0.046400375477853854 -0.051106640759284616 0.046400375477853854 -0.04253965832134457 -0.023524596778697868 0.040971766072409321 -0.024625384549060044 -0.0030627654044568173 0.04976075511111161 -0.024625384549060044 -0.0030627654044568173 -0.00011388277266442045 0.021631204241753719 -0.00074537134751227654 0.022021281768409399 0.021631204241753719 0.022021281768409399 -0.0030627654044568173 -0.0073554334471163593 -0.049250017408577783 -0.024127221530856911 -0.046702126389806253 -0.00074537134751227654 -0.01497420984474891 0.0022897873276516777 0.021631204241753719 -0.030118206688695831 -0.0073554334471163593 -0.034486304489852196 0.012758446813919345 0.003425856584659505 -0.00011388277266442045 0.003425856584659505 -0.010556070588565752 0.020294745880934602 0.022021281768409399 -0.034486304489852196 0.036758641945638673 0.019288751618250981 0.013767281729665074 -0.0030627654044568173 -0.0030627654044568173 -0.024127221530856911 0.003425856584659505 0.003425856584659505 -0.00074537134751227654 -0.0023265962037660316 -0.0030627654044568173 -0.0030627654044568173 0.022021281768409399 -0.0030627654044568173 -0.0030627654044568173 0.0066985564754972332 -0.0030627654044568173 0.022021281768409399 0.022021281768409399 -0.0030627654044568173 0.021631204241753719 -0.028350965910448306 0.022021281768409399
leaf_weight=4187.1465711966157 1673.5982525385916 2013.3904186971486 124.47463806718588 912.49360422417521 2831.3853380791843 634.16717856749892 2507.3357407338917 540.53277764096856 3630.4178195893764 95330.85984903574 4856.736313380301 371.67616818845272 2314.1876750923693 40837.91285546124 1647.4072959497571 104073.87821313739 5275.3564781062305 4764.0129489526153 297.68790751695633 18044.019159160554 24967.853980816901 1516.5076690018177 3047.4198654741049 408.19739996083081 20281.468439906836 4023.3194463290274 1396.56133466959 573.89399902522564 1267.5316305272281 7132.3390477597713 285.67888147011399 14783.982411161065 86403.04919616878 5283.8386368714273 12267.386292725801 9925.194203607738 2140.9793604165316 793.64192872494459 2750.7998387627304 972.31791285052896 1196.1429344117641 2498.992058083415 2700.1218852698803 1003.9415066465735 1873.947638977319 30733.901777341962 14561.365365296602 22935.922934181988 1955.1511740759015 567.12549217045307 184.46996350586414 854.70033743977547 147.34714492410421 499.7682241126895 846.31955260783434 215.87278489023447 688.43489258736372 501.66970172524452 70.118543721735477 440.25814666599035 450.81671602651477 1113.9763863012195
leaf_count=123260 31420 50686 875 19325 47664 12519 28662 7025 49184 451818 110253 2946 18967 165601 9413 460960 59570 65578 1646 107027 177100 39616 51946 9586 82957 41985 8353 4587 13207 76219 2660 106976 388601 32250 72513 74089 13479 4187 52005 13471 6240 13944 14454 5216 42426 124195 59635 126151 9414 3092 940 4562 802 2835 4520 1163 3908 2876 403 3175 6615 5961
internal_value=-2.8266e-05 -0.00187297 0.0170349 -0.0232059 0.0118422 -0.000731344 -0.00662016 0.000455972 -0.0149189 -0.00105619 0.0368626 -0.00496605 -0.0101638 0.00324758 0.0095255 -0.000745371 0.0278421 0.0113449 0.00972372 -0.00735543 -0.00567355 -0.042653 -0.0323539 -0.0344588 0.00055684 -0.0187359 0.0094475 0.00857119 -0.00735543 -0.0102217 -0.00735543 0.0119203 0.00228979 0.00228979 0.00423573 -0.0131732 0.00879736 0.00727063 -0.0344863 0.0216312 0.00631697 0.0052188 0.00338356 0.0064142 -0.0246127 0.00228979 0.000805301 -0.000745371 0.0082697 0.00718395 0.0104518 0.0130386 0.0101964 0.00497103 0.0116801 0.0146932 0.0203975 0.00664587 0.021034 0.0135659 -0.00735543 0.0181716
internal_weight=583131 526240 56891.2 26730.1 45085.5 499510 83812.8 415697 18744.3 269639 11805.7 78752 15081 146058 42254.1 264981 6948.95 36845.8 18817 55444.4 43011.9 7985.8 5060.81 3798.65 169651 4657.49 31109.5 29462.1 11450.6 9136.37 7868.83 16620.8 127241 5408.31 12841.3 12432.5 18276.5 16135.5 3663.29 5736.33 15341.8 14145.7 11646.7 8946.58 2282.15 65576.7 34842.8 23307.6 7942.64 7644.95 5689.8 5122.68 4267.98 2823.28 2323.52 2176.17 1444.69 756.258 571.788 15224.2 7583.16 1960.3
internal_count=3532713 2966615 566098 453070 364855 2513545 618607 1894938 238182 1234069 201243 515975 166852 660869 317191 1179565 90990 284066 106667 386878 284127 214888 102632 91628 727747 54504 205017 195604 117668 98701 85494 118504 554202 33125 77100 102751 99642 86163 71330 79049 81976 75736 61792 47338 52012 266787 142592 129097 42122 40476 31062 27970 23408 15281 12446 11644 8127 4219 3279 110151 82834 10481
is_linear=0
shrinkage=0.05


Tree=54
num_leaves=63
num_cat=0
split_feature=0 0 1 1 0 0 1 0 0 0 1 1 9 1 9 1 10 1 9 0 9 12 10 1 9 9 10 1 0 11 9 11 1 0 9 10 10 10 9 10 10 10 1 10 10 9 9 1 9 9 11 9 9 9 10 10 11 1 9 9 10 9
split_gain=6676.63 4677.35 2234.29 1712.51 1394.03 1284.92 1343.35 676.174 675.746 567.791 548.73 439.926 411.14 355.212 345.418 321.514 308.417 296.98 275.92 258.882 227.561 206.064 237.694 197.871 193.681 166.442 162.748 162.471 237.065 154.141 144.193 143.092 138.902 136.177 134.384 170.967 126.926 154.046 165.433 151.446 115.438 133.086 113.495 103.05 101.252 101.07 100.564 95.1977 92.4933 90.7528 114.32 87.6779 87.0759 83.6456 101.198 125.076 83.1394 82.2933 81.4038 173.094 81.1775 80.6341
threshold=1.5000000000000002 -1.4999999999999998 801.50000000000011 1132.5000000000002 3.5000000000000004 -1.0000000180025095e-35 621.50000000000011 -2.4999999999999996 1.0000000180025095e-35 2.5000000000000004 174.50000000000003 1968.5000000000002 0.3380760401487351 1770.5000000000002 0.3302708119153977 206.50000000000003 0.24110610783100131 276.50000000000006 0.41834951937198644 2.5000000000000004 0.37613216042518621 2.5000000000000004 0.24293175339698794 590.50000000000011 0.34619495272636419 0.26678894460201269 0.19051928073167804 329.50000000000006 -2.4999999999999996 -0.37844973802566523 0.21753472089767459 0.27841469645500189 17.500000000000004 -3.4999999999999996 0.43295334279537206 0.22944547981023791 0.23531123995780948 0.23266435414552691 0.45885890722274786 0.22022562474012378 0.24268008023500445 0.2472183629870415 561.50000000000011 0.21684378385543826 0.20552200078964236 0.54747599363327037 0.20990382134914401 50.500000000000007 0.19466029852628711 0.3340155184268952 0.53859612345695507 0.15266980975866321 0.13645498454570773 0.19466029852628711 0.21738760173320773 0.23029959201812747 -0.27766193449497217 2280.5000000000005 0.36667506396770483 0.35653373599052435 0.24268008023500445 0.33949495851993566
decision_type=2 2 2 2 2 2 2 2 2 2 2 2 2 2 2 2 2 2 2 2 2 2 2 2 2 2 2 2 2 2 2 2 2 2 2 2 2 2 2 2 2 2 2 2 2 2 2 2 2 2 2 2 2 2 2 2 2 2 2 2 2 2
left_child=1 3 9 23 12 6 27 33 10 17 47 34 14 -12 19 32 26 -2 57 29 48 22 56 -1 53 42 -14 -3 -25 -4 44 36 -10 -5 35 -8 37 38 39 -22 -38 -42 -17 45 51 -40 -35 -7 -15 -16 -51 52 -31 -13 -50 -56 -18 -9 59 61 -52 -57
right_child=2 5 4 7 -6 8 11 18 15 -11 13 24 16 20 49 25 21 -19 -20 -21 31 -23 -24 28 -26 -27 -28 -29 -30 30 -32 -33 -34 46 -36 -37 40 -39 43 -41 41 -43 -44 -45 -46 -47 -48 -49 54 50 60 -53 -54 -55 55 58 -58 -59 -60 -61 -62 -63
leaf_value=-0.050386952684475073 0.04556948072417271 -0.045078839301363291 0.024515860998110629 -0.05095859424581603 0.046022918192095523 -0.042039506436497717 -0.0056083345735290883 -0.0095224256080327918 0.04556948072417271 0.049566369976746592 -0.0040504115182366475 0.0055354886195633302 0.046022918192095523 0.0055354886195633302 0.046022918192095523 0.018500270817062896 0.0019612594293549534 0.020981416079927248 -0.025010632075901307 0.024515860998110629 -0.0056083345735290883 0.036810593210931379 0.0027389628825084159 -0.049578590002367473 -0.0056083345735290883 0.0019612594293549534 0.0019612594293549534 -0.025268878213375829 -0.025268878213375829 0.024515860998110629 0.0065130443156906697 -0.0056083345735290883 0.014184711264257757 -0.0095224256080327918 -0.018174224920398638 -0.0095224256080327918 0.0019612594293549534 -0.0056083345735290883 0.0019612594293549534 0.0019612594293549534 -0.0056083345735290883 0.0019612594293549534 0.0055354886195633302 -0.0056083345735290883 0.0055354886195633302 -0.0056083345735290883 -0.030906862379208717 -0.019112448286049501 -0.00025145462950666768 0.041572455790837314 0.0019612594293549534 0.024515860998110629 0.0055354886195633302 -0.00025145462950666768 0.0019612594293549534 -0.00025145462950666768 0.046022918192095523 -0.0056083345735290883 0.0019612594293549534 -0.0056083345735290883 0.046022918192095523 0.0019612594293549534
leaf_weight=3804.125594265759 1612.7022659145296 1834.1817941311747 1451.8649558275938 874.54527735710144 2711.5858087800443 610.57305555045605 14885.698269698769 7313.6493004113436 344.69202940165997 4633.7701568119228 66286.757480598986 1977.0908674150705 121.44345660507679 7134.0452962517738 711.94175561890006 1824.9529191255569 71.842678219079971 5158.6749561131001 2874.925364498049 3470.954813439399 4532.9391560554504 1099.9650537371635 947.86553154885769 1539.2284522838891 21860.015083372593 117549.66235198081 17165.593382380903 2388.2800854258239 2337.6106361914426 268.73133759945631 13158.566361494362 10237.512013450265 3708.2754342183471 83.734758950769901 4125.7095681913197 10278.262929193676 7644.0588740706444 3938.9243519455194 3993.5385508984327 15942.312967002392 2857.7277665436268 1309.6514223664999 22396.316442891955 5586.2350840866566 401.71472772210836 2572.3979681581259 2580.1235825233161 1760.3611694984138 36890.120927706361 419.39394336938858 244.30866803601384 1887.7975436002016 175.34714004397392 26030.034741222858 46959.268269076943 30561.581062331796 291.9664514362812 4735.1102520152926 5012.291399538517 4828.5577443242073 68.112350814044476 10997.342173069715
leaf_count=117493 31550 48240 11306 19401 47540 12513 109715 87428 4751 110028 334907 8275 858 29921 6303 11071 393 59275 40219 49338 21287 9303 5265 42351 144861 505022 112690 44806 55329 2179 92806 48273 27290 1291 40274 88886 33671 18082 20140 71679 12912 5642 112459 30795 2857 13351 50631 22366 151034 3602 2081 14494 1438 133136 194378 124636 1657 39147 21584 21151 618 46627
internal_value=-7.16355e-05 -0.00182324 0.0163277 -0.0224386 0.0112841 -0.000742831 -0.00640733 -0.0141831 0.000393942 0.0360789 -0.0010889 -0.0049413 0.00903794 -0.000876424 0.013694 0.00313599 0.00377636 0.0268433 -0.00952243 0.0120523 0.000170332 0.0208601 0.00746621 -0.0422774 -0.00208136 0.00273896 0.00273896 -0.0338827 -0.034309 0.00955681 0.0081299 -0.00208136 0.0170198 -0.0338317 -0.00952243 -0.00843828 -0.00121391 -0.00273085 -0.00101666 0.00172622 0.00196126 -0.00560833 0.00651304 -0.00560833 0.0186387 0.000655626 -0.0281919 -0.025032 0.00125824 0.0373374 0.0245468 0.023136 0.00553549 0.000671595 0.000956211 0.00188808 0.0440829 -0.00952243 -0.000251455 -0.000251455 0.00196126 -0.000251455
internal_weight=581077 525002 56074.1 26143.1 44669 498859 83379.3 18462.1 415480 11405.1 269656 79156.8 41957.4 267285 22258.7 145824 19698.7 6771.38 14923.7 20815 200999 2411.64 1311.67 7680.96 49867.1 141771 17287 4222.46 3876.84 17344 15892.2 58615.3 4052.97 3538.4 29289.7 25164 48377.8 36566.3 32627.4 20475.3 11811.4 4167.38 24221.3 12152.2 2733.59 6565.94 2663.86 2370.93 142383 1443.76 731.815 2331.88 444.078 28007.1 135249 98359 363.809 12048.8 51399.8 46387.5 312.421 41558.9
internal_count=3532606 2967025 565581 453290 364728 2513735 618193 238117 1895542 200853 1234949 525147 317188 1200070 187022 660593 130166 90825 166794 174418 865163 16618 7315 215173 286272 628552 113548 93046 97680 125080 113774 275832 32041 71323 238875 198601 227559 175334 157252 92966 52225 18554 123530 64286 20968 33491 51922 34879 589331 12604 6301 18111 3617 141411 559410 408376 2050 126575 213998 192414 2699 171263
is_linear=0
shrinkage=0.05


Tree=55
num_leaves=63
num_cat=0
split_feature=9 9 10 10 8 10 8 9 8 8 10 9 11 10 10 9 9 11 10 10 10 9 8 10 10 9 8 10 10 8 9 10 8 10 9 10 8 11 10 10 8 10 10 10 8 10 10 8 12 10 10 9 8 8 8 9 10 10 9 11 8 8
split_gain=1553.53 1382.66 1051.8 1586.82 951.579 928.367 900.964 874.161 1298.06 1051.78 971.457 1355.35 820.43 715.123 658.38 800.018 728.884 658.059 584.84 1000.76 858.066 518.228 911.685 498.052 2017.38 1497.5 1488.18 1072.95 824.918 745.543 971.216 934.264 905.07 840.382 810.685 726.149 725.743 715.011 851.469 563.358 1167.3 542.303 696.906 1103.06 2478.86 750.433 610.059 612.495 642.612 588.494 552.839 818.678 635.595 547.682 1473.43 1436.33 865.837 1237 622.466 649.958 545.438 651.879
threshold=0.4151990413665772 0.41682600975036627 0.2472183629870415 0.25001473724842077 0.57808911800384533 0.24533988535404208 0.29949034750461584 0.41056445240974432 0.35430321097373968 0.35563290119171148 0.25167453289031988 0.38282622396945959 1.2632104754447939 0.24110610783100131 0.24612163752317431 0.3964745700359345 0.40453578531742101 -0.036752667278051369 0.22868927568197253 0.22992139309644702 0.22703950107097629 0.42126683890819555 0.33831831812858587 0.22545928508043292 0.22503591328859332 0.46828548610210424 0.31291434168815618 0.22965607047080996 0.22992139309644702 0.34756815433502203 0.42303735017776495 0.23004490137100223 0.33831831812858587 0.23117136210203174 0.42458714544773107 0.23104770481586459 0.29441830515861517 0.96983474493026745 0.1970353573560715 0.23853246867656711 0.34475418925285345 0.22314845025539401 0.21956252306699756 0.21991325914859775 0.31069611012935644 0.21912655979394915 0.22401636093854907 0.24668355286121371 1.5000000000000002 0.21972625702619555 0.21878854185342791 0.41834951937198644 0.30217108130455023 0.30652734637260443 0.29949034750461584 0.4768217951059342 0.21392750740051272 0.21508511900901797 0.4768217951059342 -1.0304607152938841 0.31291434168815618 0.26263889670372015
decision_type=2 2 2 2 2 2 2 2 2 2 2 2 2 2 2 2 2 2 2 2 2 2 2 2 2 2 2 2 2 2 2 2 2 2 2 2 2 2 2 2 2 2 2 2 2 2 2 2 2 2 2 2 2 2 2 2 2 2 2 2 2 2
left_child=4 17 5 -4 7 13 -7 8 14 -10 12 -12 -11 23 -1 -16 -17 -2 20 -20 -9 22 -15 24 37 29 -26 -27 -29 30 39 -32 34 35 -33 -34 -30 41 -39 40 -25 42 45 44 -44 50 47 -43 -49 -46 51 -3 -52 54 -53 -55 -57 -58 -56 -60 61 -48
right_child=1 2 3 -5 -6 6 -8 18 9 10 11 -13 -14 21 15 16 -18 -19 19 -21 -22 -23 -24 25 26 27 -28 28 36 -31 31 32 33 -35 -36 -37 -38 38 -40 -41 -42 46 43 -45 49 -47 60 48 -50 -51 52 53 -54 55 58 56 57 -59 59 -61 -62 -63
leaf_value=-0.045683696459463699 -0.009629533111120317 -0.092920249247068987 0.11922107313246594 -0.024872544786788218 0.0084319960179257535 0.079204156740708839 -0.085520919402222478 0.027872487702250134 0.0524943715121323 -0.00043510705126514556 0.031824491393595042 -0.079944602202096551 0.0089471221779420275 0.13620907927282155 -0.065887394051272585 0.054019179970613278 -0.043164225868712457 -0.064400189083949372 -0.073726288721029709 0.014625961097772297 0.1250610521789203 0.010423883934251726 -0.0074026440810921945 0.022240424148629444 0.13264346345432923 -0.050688053811594184 0.014689906490417987 0.13018879807922132 -0.0051675866348533982 0.015797102636987279 -0.018119804746894553 0.1022936146218251 -0.0065706719273778066 -0.046750474190563857 0.0060963149858055494 0.12066532221074287 -0.067472151873573499 -0.13374617819643739 0.025594149571135701 -0.09309054084322077 -0.066222802706794801 0.11951502416951996 0.13731667828228189 0.0023310860876201555 -0.074342968847954979 -0.049159269311420908 0.043102746220841322 -0.01578599385682802 -0.065300758474087547 0.03773431132448557 0.08325513984165861 -0.0072182989337700662 0.0054438952596787358 -0.00087533322650274522 0.060771660293824671 0.15412200755954097 -0.07550856869879452 0.15942487178289921 0.08776612554506466 -0.073737495755384228 0.013224777258486239 -0.047749972374754923
leaf_weight=2307.5431756582111 880.56596749648452 275.88725798949599 417.11767378821969 351.30565001070499 41247.628035899252 95.510159816592932 599.89912478998303 2212.3197436407208 968.16471849568188 400554.52608524263 3950.6877864208072 290.27957638353109 24738.870939152315 234.64838343858719 339.22102507203817 624.64378135278821 278.09117449447513 1454.6595796085894 349.88365447893739 3701.8012571074069 252.26314038410783 2617.1826978996396 207.91990369930863 656.26356479525566 461.70679759979248 3483.2740680500865 634.22297688387334 98.954287208616734 2798.218306414783 3673.5109657980502 8983.4350130651146 222.13779218122363 546.18156960979104 1571.9236445277929 11861.455657873303 140.07741276174784 560.16898123919964 85.551113668829203 2693.9573722667992 424.95647198520601 861.45654512569308 59.943650521337986 486.52478642016649 10859.983960106969 257.06855466961861 1035.1036982052028 245.00448141247034 1293.1524611338973 1329.1446810215712 213.60127797722816 347.67800066620111 19958.937049105763 1061.7990191821009 8344.8733550310135 102.28096343204379 243.25914692506194 138.39431067369878 92.706288386136293 64.439389370381832 1373.4000591151416 1781.3597979322076 1001.8670981004834
leaf_count=14968 6084 1851 1964 1712 241058 550 3224 14260 5815 2341932 21783 1993 202873 1504 2043 4199 2370 8219 2440 23478 1197 15233 1447 4037 2743 25757 4248 589 19006 22879 60058 1202 3567 11270 74987 869 4425 658 19874 2747 5358 365 2786 73376 1683 7959 1782 7084 11781 1512 2366 142499 6666 55046 753 1774 884 655 818 8481 10779 7466
internal_value=6.86516e-06 -0.00575994 -0.00482389 0.053398 0.00117004 -0.0053 -0.0628157 0.000490136 0.000217225 0.000465539 0.000348144 0.0241572 0.000110667 -0.00487102 -0.0298913 -0.000536034 0.0240668 -0.0437603 0.0186661 0.00697998 0.0378669 0.0188981 0.0688753 -0.00567641 -0.00266209 -0.0102497 0.0644585 -0.0311061 -0.0113683 -0.00524707 -0.00830703 -0.00547712 0.00244274 -0.0266057 0.00787307 0.0195382 -0.0155768 -0.00404218 0.0206434 -0.0422647 -0.0279818 -0.00539947 -0.00355173 0.00686869 0.0582946 -0.00727897 -0.0199103 -0.0372703 -0.0408985 -0.0235074 -0.00592293 -0.00733371 0.0246831 -0.00655186 -0.0108559 0.00394025 0.088479 0.0190161 -0.057961 -0.0664434 -0.00452659 -0.0298776
internal_weight=578999 97182.7 94847.4 768.423 481816 94079 695.409 440568 434052 430503 429534 4240.97 425293 93383.6 3549.5 1241.96 902.735 2335.23 6516.27 4051.68 2464.58 3059.75 442.568 90323.9 54441.8 35882 1095.93 6940.62 3457.34 28941.4 25267.9 23325.2 14341.8 2258.18 12083.6 686.259 3358.39 53345.9 2779.51 1942.68 1517.72 50566.4 44855.9 11817.2 957.195 33038.8 5710.47 2682.24 2622.3 470.67 32003.7 30594.2 1409.48 30318.3 21499.1 8819.23 474.36 231.101 1540.12 1437.84 3028.23 1246.87
internal_count=3532986 652577 638274 3676 2880409 634598 3774 2639351 2597976 2574396 2568581 23776 2544805 630824 23580 8612 6569 14303 41375 25918 15457 18184 2951 612640 375889 236751 6991 49777 24020 186974 164095 151953 91895 15706 76189 4436 23431 368898 20532 12142 9395 348366 309109 79357 5981 229752 39257 19230 18865 3195 221793 212761 9032 210910 152551 58359 3313 1539 10052 9299 20027 9248
is_linear=0
shrinkage=0.05


Tree=56
num_leaves=63
num_cat=0
split_feature=0 0 1 1 0 0 1 0 0 0 1 9 1 9 8 1 1 0 1 1 8 8 1 9 8 1 11 1 9 9 8 9 11 1 8 8 8 9 9 9 11 12 8 9 8 9 9 11 1 9 1 0 8 1 11 9 9 8 9 11 8 9
split_gain=5946.2 4375.32 2180.27 1649.61 1354.78 1186.99 1273.82 808.076 586.004 550.712 547.422 389.134 381.752 334.921 304.505 287.802 278.314 251.149 250.124 240.598 233.841 256.283 199.039 191.199 184.158 150.655 149.023 194.486 137.953 138.125 137.592 131.224 129.719 124.227 117.434 154.451 114.819 111.877 123.107 189.866 172.541 124.768 169.484 110.309 154.848 109.437 102.047 112.659 100.223 96.4669 94.0248 92.3038 91.7792 90.4781 88.1754 86.7637 103.561 113.275 82.0546 80.458 80.2305 114.457
threshold=1.5000000000000002 -1.4999999999999998 780.50000000000011 921.50000000000011 3.5000000000000004 -1.0000000180025095e-35 621.50000000000011 -2.4999999999999996 1.0000000180025095e-35 2.5000000000000004 420.50000000000006 0.3380760401487351 1980.5000000000002 0.3302708119153977 0.29441830515861517 770.50000000000011 276.50000000000006 2.5000000000000004 2280.5000000000005 2539.5000000000005 0.39892351627349859 0.42460070550441747 30.500000000000004 0.37613216042518621 0.24668355286121371 2539.5000000000005 0.02640850376337767 1880.5000000000002 0.33949495851993566 0.39191363751888281 0.58457565307617199 0.38282622396945959 -0.37844973802566523 142.50000000000003 0.37639422714710241 0.33469550311565405 0.38795933127403265 0.22679615020751956 0.24096949398517611 0.26267747581005102 0.42430800199508673 3.5000000000000004 0.53307303786277782 0.42303735017776495 0.36890326440334326 0.26678894460201269 0.3340155184268952 0.53859612345695507 1410.5000000000002 0.28390011191368109 360.50000000000006 -3.4999999999999996 0.28225387632846838 540.50000000000011 0.70214208960533153 0.40693396329879766 0.43295334279537206 0.31977939605712896 0.47371521592140203 0.23721992224454883 0.32167787849903112 0.48279391229152685
decision_type=2 2 2 2 2 2 2 2 2 2 2 2 2 2 2 2 2 2 2 2 2 2 2 2 2 2 2 2 2 2 2 2 2 2 2 2 2 2 2 2 2 2 2 2 2 2 2 2 2 2 2 2 2 2 2 2 2 2 2 2 2 2
left_child=1 3 9 53 11 6 50 30 10 16 33 13 20 17 -9 22 -2 25 21 -12 48 -16 -10 -21 -14 32 -13 28 -28 31 51 36 -4 -7 35 -31 -30 54 -39 41 49 -40 -43 44 -37 -24 -15 -48 60 -41 -3 -5 -29 -1 -34 -50 -57 -58 -17 -38 61 -8
right_child=2 5 4 7 -6 8 12 14 15 -11 19 26 24 46 18 58 -18 -19 -20 23 -22 -23 45 -25 -26 -27 27 52 29 34 -32 -33 37 -35 -36 43 59 38 39 40 -42 42 -44 -45 -46 -47 47 -49 55 -51 -52 -53 -54 -55 -56 56 57 -59 -60 -61 -62 -63
leaf_value=-0.050683336871824691 0.044941230681627593 -0.04345920318722063 0.023820075040837239 -0.050655783293988788 0.045493355443835537 -0.027928771770880725 -0.0020040462639588294 -0.035076462612407745 0.039094272666690778 0.049475049249804587 -0.0020040462639588294 0.00205130550086291 -0.025988880775067974 0.045493355443835537 -0.022437551115316572 0.00205130550086291 0.020539331925177221 0.023820075040837239 -0.0020040462639588294 0.0019793670510777871 -0.0058361496516747408 -0.0058361496516747408 0.015382414042340878 -0.0020040462639588294 -0.0020040462639588294 0.00205130550086291 0.00205130550086291 0.025417877608375262 0.00205130550086291 0.00205130550086291 -0.0058361496516747408 0.045493355443835537 0.0087691269256131212 -0.0047011157605685427 0.00205130550086291 0.0064691764479951524 0.00205130550086291 0.00205130550086291 0.023820075040837239 0.00205130550086291 0.00205130550086291 0.023820075040837239 0.00205130550086291 0.045493355443835537 0.045493355443835537 0.0059087867361281464 0.040050571546925054 0.00205130550086291 -0.018683322936676461 0.021369158729237343 -0.014994589916352361 -0.035076462612407745 0.00205130550086291 -0.037942876686510349 0.023820075040837239 -0.0020040462639588294 -0.0054493362452561304 -0.022437551115316572 -0.0020040462639588294 0.026336264292665029 -0.022437551115316572 -0.022437551115316572
leaf_weight=3359.6149051226676 1539.4310838915408 1986.7756710778922 1348.9057260453701 1015.111278641969 2627.8500358872116 1780.2668246775866 596.27841390669346 1100.4034628123045 509.06266927346587 4355.3193076178432 114833.87354622036 6507.0598623268306 799.31406654417515 695.55121247470379 4120.930081743747 115468.7783780843 4858.6840810403228 3416.4297432266176 5399.0791558846831 103518.98392795026 19654.492866002023 5192.8203084021807 3661.4601948112249 42426.898663207889 48470.736182004213 3350.352342478931 145.59499639645219 423.50246120989323 403.33475624397397 1378.0838430635631 129.47067806497216 444.26805632933974 1300.0536381006241 6627.1728745996952 213.88322721794248 853.50816885009408 321.79073818400502 828.37385430932045 900.45099660009146 692.39698942750692 4408.3118030950427 447.03845296800137 420.87701708078384 413.22946433722973 242.30951052904129 18202.551972828805 409.03157844766974 309.40252772718668 2160.2087070122361 2180.3794200271368 2090.6010860018432 2852.9633837230504 6115.8862979635596 2416.9437873605639 1462.548346310854 949.1278328076005 1520.6021846309304 597.88324330747128 7470.6979873627424 2272.9317838288844 3267.6494521200657 880.19283232465386
leaf_count=109009 31478 53972 10848 24377 48272 29363 6987 17459 7080 108627 527242 41978 6633 6363 62506 505390 57487 49920 46968 426817 146419 61768 22724 199493 276669 21667 1081 2190 3090 9551 2325 3421 9980 51628 1764 6346 2740 5995 6457 5015 32357 3453 3229 2987 1813 94201 3627 2700 16597 15744 38764 60042 35817 69051 11585 7268 12763 4829 30217 18502 37300 10230
internal_value=-3.9768e-05 -0.00168805 0.0155542 -0.0218514 0.0106746 -0.00065092 -0.00610971 -0.0149946 0.000441823 0.0357594 -0.000939459 0.00849007 -0.00470112 0.0130359 -0.00991605 0.0030006 0.0264167 0.0114307 -0.00918624 -0.000534579 -0.00918624 -0.0131281 0.0082166 0.000820789 -0.00200405 0.00898835 0.00338306 0.00760178 0.0136099 0.015809 -0.0350765 0.0227031 0.0113555 -0.0134964 0.00815124 0.0139516 0.0189149 0.00976156 0.00727259 0.0100365 0.00645966 0.0238201 0.00480961 0.0249984 0.0166556 0.00749592 0.0365744 0.0228231 -0.0131281 0.0161703 -0.0333579 -0.0370214 0.00205131 -0.0453601 0.0186551 -0.0110093 -0.00560102 -0.0138737 0.00205131 0.0230073 -0.0210503 -0.0105095
internal_weight=578348 523061 55286.8 25587.3 44533.3 497474 82973.9 19810.8 414500 10753.4 269187 41905.5 78896.5 22170.1 15813.2 145313 6398.12 20756.1 14712.8 260780 29626.4 9313.75 22373.1 145946 49270.1 17339.7 19735.4 13228.3 6688.93 6543.34 3997.55 3442.33 13989.3 8407.44 3101.01 2887.13 2998.06 12640.4 9877.83 9049.45 7281.09 1768.37 867.915 1509.05 1095.82 21864 1413.99 718.434 9971.94 2872.78 4077.38 3868.07 6539.39 5776.56 2762.6 5227.82 3067.61 2118.49 122939 2594.72 4744.12 1476.47
internal_count=3532175 2966091 566084 453505 368492 2512586 618431 275445 1894155 197592 1234543 320220 525695 188940 188701 659612 88965 176250 171242 1153552 242393 124274 124005 626310 283302 126330 131280 89302 51295 50214 86744 27753 104663 80991 22461 20697 24332 93815 72250 66255 53116 13139 6682 11146 8159 116925 12690 6327 95974 20759 92736 84419 38007 178060 21565 41457 24860 17592 535607 21242 54517 17217
is_linear=0
shrinkage=0.05


Tree=57
num_leaves=63
num_cat=0
split_feature=0 0 0 1 1 1 0 1 1 0 0 0 8 1 1 8 1 1 9 8 0 10 10 9 1 9 8 9 8 9 12 8 9 9 8 9 10 10 1 9 9 9 9 8 0 9 11 10 8 8 11 8 1 8 8 9 10 10 9 0 1 8
split_gain=5291.03 4250 1939.91 1642.51 1261.62 859.34 736.575 718.556 611.831 563.369 426.976 391.136 330.417 319.753 283.928 259.501 243.224 235.729 213.499 204.534 201.885 184.117 219.644 170.01 148.233 143.606 136.257 183.453 123.76 122.47 180.902 149.958 136.054 118.764 114.229 159.866 126.983 229.927 113.056 102.106 92.2536 92.0836 223.176 91.1645 122.345 89.0952 79.3538 144.989 79.3502 104.421 73.7287 68.675 68.0681 141.713 93.1726 126.522 88.8431 63.7835 110.504 61.178 60.7955 59.8751
threshold=2.5000000000000004 -1.4999999999999998 1.0000000180025095e-35 951.50000000000011 451.50000000000006 1101.5000000000002 -2.4999999999999996 329.50000000000006 2896.5000000000005 3.5000000000000004 -1.0000000180025095e-35 1.5000000000000002 0.36753095686435705 90.500000000000014 1050.5000000000002 0.45320136845111852 892.50000000000011 50.500000000000007 0.30524310469627386 0.27788905799388891 1.5000000000000002 0.2233121916651726 0.21466173976659778 0.22503719478845599 2029.5000000000002 0.3879420012235642 0.40256786346435552 0.34546682238578802 0.60423651337623607 0.29278907179832464 3.5000000000000004 0.47435149550437933 0.52515390515327465 0.21753472089767459 0.42959892749786383 0.33322560787200933 0.21738760173320773 0.23254007846117022 540.50000000000011 0.30770036578178411 0.29744088649749761 0.44970461726188665 0.43506775796413427 0.29079855978488928 -2.4999999999999996 0.26678894460201269 -0.047598851844668381 0.23832755535840991 0.48214443027973181 0.55953550338745128 1.1085497140884402 0.3365717232227326 2029.5000000000002 0.26263889670372015 0.24668355286121371 0.55594193935394298 0.1970353573560715 0.23683736473321917 0.30770036578178411 -3.4999999999999996 652.50000000000011 0.48019985854625707
decision_type=2 2 2 2 2 2 2 2 2 2 2 2 2 2 2 2 2 2 2 2 2 2 2 2 2 2 2 2 2 2 2 2 2 2 2 2 2 2 2 2 2 2 2 2 2 2 2 2 2 2 2 2 2 2 2 2 2 2 2 2 2 2
left_child=1 3 4 38 13 60 24 17 10 15 16 21 52 -3 -13 -7 -6 -4 -18 53 45 22 33 -15 59 26 -12 34 -16 -14 31 -31 41 -9 -28 36 -36 -38 -1 -39 -32 42 -27 -20 -40 -19 47 -23 -17 -50 -51 -46 -8 54 55 -10 -57 -21 -59 -5 -2 -45
right_child=5 2 7 6 8 9 12 11 19 -11 25 14 29 23 28 48 18 20 43 57 -22 46 -24 -25 -26 32 27 -29 -30 30 40 -33 -34 -35 35 -37 37 39 44 -41 -42 -43 -44 61 51 -47 -48 -49 49 50 -52 -53 -54 -55 -56 56 -58 58 -60 -61 -62 -63
leaf_value=-0.050577356472574747 0.050337025793726987 -0.03911319060679469 0.040287590802156388 -0.052011118147087136 -0.017051881805959398 0.0057914931555106356 -0.02926559923491975 0.0057914931555106356 -0.01655663065806454 0.043334297090689117 0.0016443752962614967 0.016138190022308947 -0.001623653077432186 0.0016443752962614967 0.0057914931555106356 0.039063325695191976 -0.001623653077432186 0.020351524907202774 -0.01655663065806454 0.0016443752962614967 0.020351524907202774 0.0057914931555106356 0.0057914931555106356 -0.013886418688245234 -0.022462063928396857 -0.0058887092757901067 0.0016443752962614967 -0.0065332689868930066 0.020326320204325444 -0.0065332689868930066 -0.001623653077432186 -0.022462063928396857 0.0016443752962614967 0.0016443752962614967 -0.001623653077432186 -0.0065332689868930066 0.0016443752962614967 -0.00044303397982664751 -0.049529186157033916 -0.0065332689868930066 -0.022462063928396857 -0.0065332689868930066 0.0016443752962614967 -0.0065332689868930066 -0.049529186157033916 0.0070690921029197403 0.0016443752962614967 0.0016443752962614967 0.0085758541668012871 0.043334297090689117 0.020326320204325444 -0.022228904962437124 -0.01655663065806454 -0.01655663065806454 0.0016443752962614967 -0.015466037093163422 0.0016443752962614967 0.0016443752962614967 -0.002914474454435385 -0.035321093550249323 0.039413208858672881 -0.022228904962437124
leaf_weight=3213.051780436188 3566.7586871627718 1582.402130369097 1053.1330393888056 777.46459895931184 5056.4432053081691 2843.7047369815409 1840.8222541324794 8648.7509564906359 492.78773252665997 1953.6176821179688 14036.81734097749 8405.4434888400137 4185.8340385891497 882.1614301353693 29933.562685325742 672.57939317822456 20601.583551108837 1191.4390594139695 3115.513351611793 101487.77588995546 1430.4509772770107 19284.404605478048 28725.696092054248 9297.9608012139797 1075.7695433311164 18734.097700074315 6513.0078825652599 12938.267165586352 1463.6968460679054 4766.3684280589223 115.57859565317631 463.60521382465959 3383.6833904981613 19204.4373472929 30753.635852873325 4594.9937910437584 27615.844915732741 6975.4839099943638 1046.411434084177 7642.5728570967913 2308.1705641970038 9999.5722015351057 3842.2304383218288 34487.114126250148 259.98997108452022 5364.0520032197237 55931.9888689816 6333.64253513515 1066.7955029420555 518.48779913410544 263.81705892458558 1232.5180750284344 1801.0707071721554 1336.0748367533088 1245.8442423418164 784.88455510139465 755.94329234957695 2689.721605822444 20964.237313821912 1930.4841121826321 2023.8045024871826 109.96847777813673
leaf_count=109342 93095 36253 16862 20364 68886 36116 32255 45590 2792 33788 63964 84269 38791 7721 186848 9088 112690 8534 26928 447616 28913 82753 128069 110317 19356 90046 28237 60953 12017 51324 1600 4005 18131 87439 129294 20918 116880 30113 32690 32643 34922 54209 18655 248969 7442 33172 238798 26975 14469 7025 3714 33801 22198 7558 7049 4433 4216 11233 93069 44808 49340 658
internal_value=-1.79166e-05 -0.000742499 0.00019277 -0.0208882 -0.00199386 0.0316305 -0.0138864 0.00430848 -0.00143713 0.0203515 -0.0031024 0.00360979 -0.00905189 -0.0180923 0.00797684 0.0119766 -0.00653327 0.0180601 -0.00562092 0.00126311 0.0151242 0.00235135 0.00470306 -0.0138864 -0.0336597 -0.00162365 -0.000734517 -0.00151605 0.00579149 -0.00653327 -0.00916424 -0.00653327 -0.00436989 0.00164438 -0.000659649 -0.00142727 -0.000772297 0.00133762 -0.044333 -0.00162365 -0.0209689 -0.00545277 -0.00308611 -0.00653327 -0.0364139 0.0098478 0.00164438 0.0048794 0.0241915 0.0203263 0.0326284 -0.0271917 -0.0224621 -0.00907234 -0.00288513 -0.0105032 -0.000629209 0.00164438 -0.000951995 -0.0401303 0.0463903 -0.00653327
internal_weight=576818 563908 538891 25017.1 351921 12909.6 19265.2 186971 340158 7319 210401 177932 15481.4 11762.5 39802.7 5365.38 63370.6 9039.08 58314.2 129757 7985.94 138129 56578.9 10180.1 3783.72 147030 111071 97033.8 31397.3 11839.6 7653.72 5229.97 35959.6 27853.2 84095.5 77582.5 72987.5 42233.9 5751.97 14618.1 2423.75 32575.9 22576.3 37712.6 2538.92 6555.49 81550 25618 2521.68 1849.1 782.305 1492.51 3641.89 4615.53 3279.46 2033.62 1540.83 125142 23654 2707.95 5590.56 34597.1
internal_count=3534203 3287568 2834670 452898 1854431 246635 269623 980239 1700140 104200 1122174 892758 185095 154291 283134 70412 458131 87481 389245 577966 70619 609624 261098 118038 84528 664043 483002 419038 198865 130642 91851 55329 181041 133029 358085 329848 308930 179636 183275 62756 36522 162910 108701 276555 73933 41706 348526 109728 34296 25208 10739 41243 54453 26048 18490 11441 8649 551918 104302 65172 142435 249627
is_linear=0
shrinkage=0.05


Tree=58
num_leaves=63
num_cat=0
split_feature=0 0 0 1 1 1 1 1 0 0 0 1 8 9 1 9 8 9 8 8 10 1 9 1 1 0 10 0 10 0 10 10 1 10 10 10 11 9 8 10 11 9 11 9 1 11 9 12 9 8 10 10 8 9 9 11 9 9 9 10 10 10
split_gain=4933.68 3996.5 1746.7 1609.92 1166.52 849.655 721.774 603.599 593.97 557.473 517.124 370.071 323.91 295.182 272.303 269.753 257.662 231.194 222.606 210.851 197.601 194.687 218.881 180.729 172.756 209.444 236.767 221.43 164.572 144.229 136.004 169.149 117.011 115.401 325.801 187.949 107.801 98.536 87.9931 101.575 99.8253 89.2355 83.1462 139.561 81.3345 95.7487 129.158 80.0111 74.9775 74.8488 99.0039 148.748 70.8003 118.691 77.6523 66.6109 66.1327 119.643 84.3864 65.5325 65.3193 84.9789
threshold=2.5000000000000004 -1.4999999999999998 1.0000000180025095e-35 1132.5000000000002 451.50000000000006 1080.5000000000002 1020.5000000000001 2087.5000000000005 1.5000000000000002 3.5000000000000004 -2.4999999999999996 268.50000000000006 0.36753095686435705 0.3380760401487351 90.500000000000014 0.21753472089767459 0.27788905799388891 0.19466029852628711 0.35430321097373968 0.24668355286121371 0.24089600890874865 621.50000000000011 0.22503719478845599 30.500000000000004 2460.5000000000005 -1.0000000180025095e-35 0.22944547981023791 -2.4999999999999996 0.21027474105358127 -3.4999999999999996 0.2397129833698273 0.23683736473321917 2340.5000000000005 0.23388879746198657 0.23266435414552691 0.22545928508043292 -1.1724491715431211 0.38671813905239111 0.51728740334510814 0.24846510589122775 0.16120617836713794 0.37513954937458044 1.2073334455490115 0.27967061102390295 1110.5000000000002 -0.23000688850879666 0.30770036578178411 2.5000000000000004 0.32789349555969244 0.55953550338745128 0.22386372834444049 0.23665707558393481 0.541222244501114 0.26938365399837499 0.29080401360988622 1.1085497140884402 0.48604546487331396 0.53198191523551952 0.47371521592140203 0.23154356330633166 0.2283434867858887 0.23143360018730166
decision_type=2 2 2 2 2 2 2 2 2 2 2 2 2 2 2 2 2 2 2 2 2 2 2 2 2 2 2 2 2 2 2 2 2 2 2 2 2 2 2 2 2 2 2 2 2 2 2 2 2 2 2 2 2 2 2 2 2 2 2 2 2 2
left_child=1 3 4 21 14 -2 8 18 23 13 29 -10 57 48 -3 -8 -9 -18 -6 -17 -15 -1 -16 -4 28 26 -20 -23 -14 -5 31 33 -21 34 35 -27 -31 52 -30 -34 41 45 -25 -44 -28 46 -32 -45 49 50 -7 -52 53 -24 -55 -51 -38 58 59 -12 -37 -62
right_child=5 2 6 10 7 9 15 16 11 -11 12 -13 24 20 22 19 17 -19 25 32 -22 27 37 42 -26 30 44 -29 38 36 40 -33 39 -35 -36 60 56 -39 -40 -41 -42 -43 43 47 -46 -47 -48 -49 -50 55 51 -53 -54 54 -56 -57 -58 -59 -60 -61 61 -63
leaf_value=-0.04945955507923936 0.04620994126244303 -0.037721453834095447 0.037302010645466892 -0.049748839323569133 -0.0094091726455271252 0.010261123018278327 0.010261123018278327 -0.0088124468271169112 0.044819758493603645 0.043004422582891062 -0.022202946050126248 0.01673424829878566 -0.0026366088096128944 0.002007785554032688 0.0065104535908449531 -0.0088124468271169112 0.0085908398388746827 1.8495221190982487e-05 -0.0026366088096128944 0.002007785554032688 0.043004422582891062 -0.048869151071047078 0.0065104535908449531 0.0065104535908449531 1.8495221190982487e-05 -0.0026366088096128944 -0.021467423731979324 -0.022436778159197816 -0.011041168049720438 -0.049748839323569133 -0.011041168049720438 -0.0090336558939507188 1.8495221190982487e-05 0.002007785554032688 -0.0090336558939507188 0.002007785554032688 -0.022202946050126248 -0.024766367385353046 -0.022202946050126248 0.014676368502236262 0.002007785554032688 0.002007785554032688 0.01673424829878566 0.01673424829878566 -0.011041168049720438 -0.011041168049720438 0.002007785554032688 0.0065104535908449531 0.043004422582891062 0.043004422582891062 0.041944411615285448 0.014676368502236262 -0.033041342598476985 -0.028224027773211226 -0.011864249455133495 0.014676368502236262 -0.049748839323569133 -0.046824081633894357 -0.011041168049720438 -0.011041168049720438 -0.0026366088096128944 0.002007785554032688
leaf_weight=3477.0234921723604 5266.5116643458605 1534.459897749126 475.5914243683219 762.74423650279641 18906.396056383848 1098.9882846474648 9966.3523044660687 7971.7217534929514 1367.6041502133012 1905.9105408005416 1296.9219922460616 8228.0269444845617 1413.6527277827263 2056.2963565699756 887.04653557576239 2161.473329693079 8169.1511002629995 210828.38251195103 17018.77409113571 76871.420387223363 231.33738769590855 1284.4042926635593 657.21702160127461 25866.643484592438 3127.5557199940085 30718.607336990535 2804.3205980286002 2074.8638860825449 6074.4830497987568 343.59801410883665 271.55544276535511 4087.808686748147 54750.987390756607 5834.0460469573736 2532.1760868728161 5463.2721409201622 1909.5413935407996 2736.2853277493268 552.61743520945311 1207.463880315423 4532.8051719814539 1013.6149930357933 1849.270080268383 527.22214616090059 8030.8573757633567 1428.0425312668085 1514.4731559455395 3125.2931896001101 225.82663433626294 506.13631549477577 716.32354572415352 231.04228349402547 429.4187271296978 864.38072898983955 4511.2668123524636 260.20199340954423 191.2346870880574 429.61970814689994 726.01197013631463 903.58506440743804 6280.1234405785799 2228.6666111201048
leaf_count=123485 140564 36335 7071 19349 131490 15190 58760 47146 29871 34320 18508 87375 12356 25536 7711 9205 34418 960098 128890 375668 3194 39847 6788 130617 25347 137322 35735 52088 74361 7709 1276 18811 245878 27136 12004 25293 40050 35394 5687 5213 20895 4746 11014 2565 60673 6536 7035 16124 3170 7139 9835 3172 4588 9774 53562 3737 4177 7068 11313 12440 29240 10535
internal_value=-0.000135568 -0.000826319 7.4833e-05 -0.0205467 -0.00200121 0.0309339 0.00398701 -0.00146822 0.00980613 0.0198047 -0.012598 0.0198047 -0.00858437 0.0114964 -0.0175783 0.00232342 1.68683e-05 0.000338303 -0.00445995 0.00173731 0.00232342 -0.0411587 -0.012598 0.00651045 -0.00449029 -0.00346186 -0.00709686 -0.0325546 -0.00903366 -0.0307664 -0.00192549 -0.00263661 0.00200779 -0.00204709 -0.00263661 -0.00147094 -0.0248252 -0.0168125 -0.0132066 1.84952e-05 0.00200779 -0.00633785 0.00651045 0.0127579 -0.00903366 -0.00903366 0.000539827 0.00580775 0.0220784 0.0197597 0.0147558 0.0277171 -0.0134414 -0.012041 -0.0144996 0.0330849 -0.0222029 -0.0222029 -0.0185737 -0.0222029 0.00200779 -0.00263661
internal_weight=574719 562220 537652 24567.9 351255 12498.6 186397 339635 41439.7 7232.06 17731.6 9595.63 14524.4 5326.15 11620.1 144958 226969 218998 112666 134991 2287.63 6836.29 10085.6 31844 11168.3 93759.1 27854 3359.27 8040.75 3207.12 65905.2 57144.7 132830 53056.9 47222.8 44690.7 2444.37 9198.57 6627.1 55958.5 8760.49 4227.69 31368.4 5501.79 10835.2 3214.07 1786.03 3652.52 3038.52 2812.69 2046.35 947.366 6462.28 6032.86 5375.65 766.338 2100.78 3356.14 2926.52 2200.51 13972.1 8508.79
internal_count=3532434 3286577 2832792 453785 1853431 245857 979361 1699279 284637 105293 238365 117246 167080 70973 154152 694724 1041662 994516 657617 635964 28730 215420 117817 167391 117751 526127 225298 91935 92404 71285 300829 260341 626759 241530 214394 202390 51936 110106 80048 251091 40488 19593 160320 29703 96408 14847 8311 18689 42243 39073 28197 13007 74712 70124 63336 10876 44227 49329 42261 30948 65068 39775
is_linear=0
shrinkage=0.05


Tree=59
num_leaves=63
num_cat=0
split_feature=9 9 10 10 10 8 9 9 10 10 10 10 8 9 9 11 8 11 10 8 9 10 10 10 9 10 11 8 10 10 8 8 10 10 9 8 9 9 8 10 10 10 9 8 10 10 8 8 9 10 8 10 9 11 10 10 10 8 8 9 8 11
split_gain=1225.18 1363.47 953.898 1453.44 857.093 841.871 802.142 797.357 760.979 756.848 1179.73 1140.5 717.574 705.603 641.728 619.287 601.7 581.568 698.091 704.431 580.893 604.486 885.69 801.578 566.814 540.65 511.149 508.106 1127.88 595.461 1095.61 633.635 506.937 878.944 635.203 568.434 534.299 496.942 487.518 485.712 485.045 1817.8 1287.82 1248.26 1040.5 755.396 703.949 670.475 843.462 841.102 838.652 793.212 720.198 581.918 778.457 533.771 530.22 1129.48 517.739 512.32 1230.74 1095.21
threshold=0.4151990413665772 0.41682600975036627 0.2472183629870415 0.25001473724842077 0.24533988535404208 0.29949034750461584 0.19466029852628711 0.40835168957710272 0.24110610783100131 0.24453619122505191 0.24136773496866229 0.23665707558393481 0.37306414544582372 0.40930254757404333 0.41196930408477789 -0.036752667278051369 0.36525034904479986 1.2632104754447939 0.1970353573560715 0.55953550338745128 0.18096351623535159 0.19319908320903781 0.18845019489526751 0.2070354372262955 0.40930254757404333 0.24160283803939822 1.4662212133407595 0.36279271543025976 0.25167453289031988 0.24846510589122775 0.44254073500633245 0.47435149550437933 0.24660515785217288 0.25167453289031988 0.40078683197498327 0.34329362213611608 0.38367605209350591 0.43506775796413427 0.32536515593528753 0.25001473724842077 0.22545928508043292 0.22503591328859332 0.46828548610210424 0.31291434168815618 0.22965607047080996 0.22992139309644702 0.29441830515861517 0.34756815433502203 0.42303735017776495 0.23004490137100223 0.33831831812858587 0.23117136210203174 0.42458714544773107 0.96983474493026745 0.1970353573560715 0.23104770481586459 0.23853246867656711 0.34475418925285345 0.34329362213611608 0.42126683890819555 0.34916566312313085 0.046276560053229339
decision_type=2 2 2 2 2 2 2 2 2 2 2 2 2 2 2 2 2 2 2 2 2 2 2 2 2 2 2 2 2 2 2 2 2 2 2 2 2 2 2 2 2 2 2 2 2 2 2 2 2 2 2 2 2 2 2 2 2 2 2 2 2 2
left_child=6 15 4 -4 8 -6 20 17 40 10 11 12 13 -9 16 -2 -15 27 19 -19 -1 22 -22 26 -14 38 -23 32 29 -29 -31 -32 -8 -34 36 -36 -35 -5 -10 -11 41 53 47 -43 -44 -46 -47 48 56 -50 52 55 -51 -3 -55 58 57 -42 -52 -49 61 -61
right_child=1 2 3 37 5 -7 7 9 25 39 -12 -13 24 14 -16 -17 -18 18 -20 -21 21 23 -24 -25 -26 -27 -28 28 -30 30 31 -33 33 34 35 -37 -38 -39 -40 -41 42 43 44 -45 45 46 -48 59 49 50 51 -53 -54 54 -56 -57 -58 -59 -60 60 -62 -63
leaf_value=0.0046243975101442686 -0.01004828871059716 -0.0047273281761917993 0.11558805813014272 -0.083836816275605588 0.077857891948421298 -0.083729001350559176 -0.017714522539402346 0.052225757574729227 -0.0039284399293918323 -0.0568109486920104 0.084205694503601741 -0.031772408392742077 -0.11122308407371662 0.011703219205238641 0.032349586956146904 -0.063612423843607407 -0.041170680957292455 -0.15806944036216608 0.0092266484463982609 -0.018932820457902601 0.018903016262632803 -0.015653120665698444 0.067377542697501763 0.067090535433821694 -0.0015064896312877807 0.0119334968112345 0.09588470762410467 1.719940488046582e-05 0.027977003147709553 -0.022490508431181958 0.1305077419038379 -0.013075058077365087 0.031183882878999921 0.051915020780778781 -0.061519172995079752 0.12930615743390317 -0.070604821698436668 0.035032064743601037 0.11234976896228616 0.058787698479801177 0.022540516909292544 0.12403439646292312 -0.049204982827385009 0.0153095803727247 0.12542242587739114 -0.0039069622393819465 -0.067035501406488937 0.027552554931092016 -0.017467430972942854 0.096207823342533055 -0.041144888121453518 -0.045930217391067479 0.0056970382712347592 -0.13182530949922697 0.023753826471407322 0.10625977342782199 -0.090423394961817338 -0.064843141664194401 0.061654660503726935 0.071500296011567002 -0.095782049605703828 -0.044171343047511462
leaf_weight=14030.593790892512 869.65442712791264 49694.243773618713 407.78460450656712 171.17156604863703 92.927887108176947 574.5683416724205 7584.5684065427631 1692.2280022483319 134.72516166046262 551.55954689346254 619.49278141930699 1233.8918673023582 169.0220732819289 2338.0106523744762 2926.460662920028 1422.7459848932922 697.82697277516127 99.408962892368436 24685.425155755132 972.65902227349579 3236.6705392431468 1995.0201722439378 1329.0805781297386 401.60298622399569 382.73091100715101 2668.8913069777191 107.29861169308424 400864.3956446778 3580.8520917929709 5024.2646508906037 190.67014963924885 127.97102195397019 1545.5645014457405 103.77666808664799 62.306875329464674 101.34668784961104 597.50590953789651 178.84477531537414 271.00959302671254 107.90614504739642 662.7233586832881 462.68467316776514 3339.6598664764315 613.73609936051071 99.124620899558067 2764.7489966731519 524.57686707563698 2509.0983973927796 8852.4076163228601 222.97702432796359 334.74769857898355 1535.776978328824 11750.786900280043 81.945386739447713 2638.0520973969251 138.76852074638009 408.34702434204519 834.48318387567997 191.82572751492262 454.26996934972703 320.5039129704237 370.81382241845131
leaf_count=83793 6059 348485 1938 861 526 3195 48197 9949 833 4214 3393 7994 1266 14708 18980 8261 4600 819 207581 9214 19943 11151 7547 2061 2459 15725 693 2354764 19550 29550 1076 619 9445 596 559 560 3997 857 1741 627 4087 2739 25620 4178 598 19089 4316 15865 60190 1192 2214 11321 74937 636 19809 846 2725 5396 1306 2578 2140 2259
internal_value=-5.14082e-05 -0.00521798 -0.00428178 0.0515506 -0.00473949 -0.0611503 0.000983286 0.000542507 -0.00432902 0.0140176 0.0174203 0.0130292 0.0197686 0.0237391 0.0156465 -0.0433054 -0.000460093 0.000218281 0.00751081 -0.0319697 0.010514 0.0222002 0.0330255 0.0024556 -0.0352571 0.0201221 -0.00991755 -0.000229198 4.2489e-05 -0.000203831 -0.0167841 0.0729823 -0.011367 0.00860437 -0.0317327 0.0567219 -0.0524261 -0.0231727 0.0738246 -0.0378356 -0.00517578 -0.0021732 -0.00972343 0.0621152 -0.0294032 -0.00987774 -0.0139919 -0.0050909 -0.00802264 -0.00537626 0.00217555 -0.0261832 0.00739044 -0.00349464 0.01902 0.0193986 -0.0399827 -0.0261744 -0.0036501 0.0149066 -0.0127909 0.019524
internal_weight=572959 95598.6 93306.2 757.801 92548.4 667.496 477360 456260 91880.9 10719.1 10059.7 9440.17 8206.28 7654.53 5962.3 2292.4 3035.84 445541 25757.5 1072.07 21100.3 7069.67 4565.75 2503.92 551.753 3074.63 2102.32 419783 409788 406207 5342.91 318.641 9995.07 2410.5 864.936 163.654 701.283 350.016 405.735 659.466 88806.3 53490.7 35315.6 1076.42 6728.11 3388.45 3289.33 28587.5 24932.8 23027.3 14174.9 2201.12 11973.8 52414.2 2720 665.342 1905.55 1497.21 526.573 3654.69 1145.59 825.084
internal_count=3532427 652522 638202 3656 634546 3721 2879905 2754717 630825 68190 63349 59956 51962 48237 38288 14320 19308 2686527 217614 10033 125188 41395 27490 13905 3725 18299 11844 2468913 2405559 2386009 31245 1695 63354 15157 5712 1119 4593 1718 2574 4841 612526 375847 236679 6917 49623 24003 23405 187056 164214 152006 91816 15687 76129 368930 20445 4366 12208 9483 3520 22842 6977 4837
is_linear=0
shrinkage=0.05


Tree=60
num_leaves=63
num_cat=0
split_feature=0 0 0 2 0 2 2 0 8 2 8 10 2 9 8 6 11 8 8 11 5 8 10 10 10 12 10 10 10 10 10 9 9 10 10 9 8 8 10 9 0 9 8 10 9 8 10 8 10 10 10 10 10 10 0 10 10 10 10 10 10 10
split_gain=4586.85 3660.71 2052.8 1566.12 1074.47 819.914 548.128 476.157 434.95 375.041 314.356 375.795 273.926 260.803 241.229 239.993 235.267 233.524 232.26 230.406 214.953 213.401 177.412 168.423 159.28 156.006 161.75 145.44 205.513 153.951 183.665 144.991 144.426 331.319 217.724 214.954 225.987 169.499 122.358 119.106 116.395 114.933 326.361 112.218 97.4775 103.21 133.562 150.646 133.433 158.986 121.285 94.0708 157.402 91.4671 90.5579 91.2808 223.722 139.306 232.468 89.6836 88.3558 206.24
threshold=2.5000000000000004 -2.4999999999999996 -1.0000000180025095e-35 2.5000000000000004 1.5000000000000002 2.5000000000000004 2.5000000000000004 3.5000000000000004 0.56885173916816723 1.5000000000000002 0.5077456831932069 0.20789130032062533 2.5000000000000004 0.38671813905239111 0.24668355286121371 1.0000000180025095e-35 -0.56722733378410328 0.56416115164756786 0.45320136845111852 -0.65763115882873524 43.500000000000007 0.55064404010772716 0.22289190441370013 0.17694552242755893 0.25167453289031988 5.5000000000000009 0.22386372834444049 0.20829313248395923 0.22232254594564441 0.21860953420400622 0.2134855389595032 0.38476856052875524 0.41196930408477789 0.23004490137100223 0.22386372834444049 0.43295334279537206 0.31977939605712896 0.29949034750461584 0.22372368723154071 0.15266980975866321 -3.4999999999999996 0.38367605209350591 0.38683760166168218 0.2050428315997124 0.42126683890819555 0.44519373774528509 0.20932090282440188 0.56662777066230785 0.22868927568197253 0.23813579231500628 0.24326356500387195 0.22314845025539401 0.21956252306699756 0.20740322023630145 1.0000000180025095e-35 0.23507919907569888 0.24036224931478503 0.2233121916651726 0.21770152449607852 0.1954138055443764 0.2276849374175072 0.21912655979394915
decision_type=2 2 2 2 2 2 2 2 2 2 2 2 2 2 2 2 2 2 2 2 2 2 2 2 2 2 2 2 2 2 2 2 2 2 2 2 2 2 2 2 2 2 2 2 2 2 2 2 2 2 2 2 2 2 2 2 2 2 2 2 2 2
left_child=1 12 3 9 10 7 -6 18 15 14 20 17 40 22 -3 -5 31 -12 -2 -15 24 -13 23 -11 54 26 -24 -18 29 30 -29 60 33 34 -21 -34 37 51 -30 -19 -1 42 -28 -41 -7 48 47 -47 -8 -50 -51 52 53 -37 -4 57 -57 58 -56 -33 61 -17
right_child=5 2 4 8 6 44 45 -9 -10 13 11 21 -14 19 -16 16 27 39 -20 32 -22 -23 25 -25 -26 -27 41 28 38 -31 -32 59 35 -35 -36 36 -38 -39 -40 43 -42 -43 -44 -45 -46 46 -48 -49 49 50 -52 -53 -54 -55 55 56 -58 -59 -60 -61 -62 -63
leaf_value=-0.049626891386805386 0.0050859299276574607 -0.028564234746872794 -0.00032915603512519853 -0.048891230793081712 0.0050859299276574607 0.046401216620428981 0.0050859299276574607 0.041784387635352908 0.0003644345875481865 -0.026627606280664014 -0.00032915603512519853 0.0050859299276574607 -0.049984347207094049 -0.025342988213679224 -0.00032915603512519853 -0.036967152122485816 -0.04149626037917617 0.0003644345875481865 0.022929082451733425 -0.028564234746872794 0.0050859299276574607 0.0003644345875481865 -0.028564234746872794 -0.00032915603512519853 0.0050859299276574607 -0.028564234746872794 -0.028564234746872794 -0.00032915603512519853 -0.046339188773818131 -0.00032915603512519853 -0.027650015815308328 -0.00032915603512519853 -0.00032915603512519853 -0.028564234746872794 -0.00032915603512519853 -0.0045398532158051506 -0.028564234746872794 -0.00032915603512519853 -0.019155629307166543 0.0050859299276574607 -0.028564234746872794 -0.00032915603512519853 -0.0058651521980541341 0.0003644345875481865 0.024509091746936853 0.0050859299276574607 0.024509091746936853 0.023836669223236004 0.024509091746936853 0.0050859299276574607 0.024509091746936853 -0.028564234746872794 -0.00032915603512519853 -0.028564234746872794 -0.00032915603512519853 0.0050859299276574607 -0.00032915603512519853 -0.00032915603512519853 0.0050859299276574607 -0.044615023361295025 -0.033503342736638068 -0.00032915603512519853
leaf_weight=656.75438074581325 2584.8557779304683 627.45857533067465 199321.37976256013 843.33768813498318 28859.281658954918 5118.3930116612464 2550.6607589125633 1597.5152463428676 1289.0795862711966 610.19807126000524 11038.108676491305 31772.113418120891 3082.9014150705189 3044.8881564065814 38533.183285705745 542.22417056746781 601.49310679733753 3078.8154964111745 2232.4043466188014 513.3698132969439 16282.920819275081 8164.5240344665945 702.99435347691178 13769.657794814557 3632.2561344467103 510.16231380775571 918.01277196779847 726.56374226510525 440.75140761956573 1096.4971722718328 1232.8515989016742 78.985654551535845 1658.6593735776842 1545.541778832674 658.53578390181065 511.41176538541913 1300.3569580428302 1066.6086124256253 6730.7293415591121 27060.124792214483 2247.5569766554981 441.70511640608311 15136.173770807683 2390.393014781177 568.57882361859083 530.66048631072044 4174.4185796566308 1192.817050088197 2242.5762777142227 864.75160554051399 656.17931953817606 591.98442203551531 172.84733445942402 631.30217914655805 16117.024296343327 15500.156635992229 14092.236071836203 47874.880777865648 17124.949123181403 1742.8086811117828 1091.8715435694903 640.38417583145201
leaf_count=17196 32643 5959 936565 27702 180816 138249 26504 29244 16511 2983 50824 143899 107954 33011 230701 9741 9917 14359 31019 4492 73650 36747 5141 91275 15802 5896 8281 11912 7690 18852 20694 1585 14914 13468 5978 5569 12407 10185 120240 124955 48195 3749 117266 10896 14624 6134 50028 14417 24467 9472 7795 6106 1900 6359 70558 68410 61742 210424 76771 36146 20669 11274
internal_value=-5.86365e-05 -0.000716212 -0.000296309 -0.00678193 0.00113065 0.0303955 0.0088437 0.0181371 -0.0205794 -0.00394428 0.000364435 0.00310496 -0.0396003 -0.00712387 -0.000389174 -0.0229477 -0.0214786 0.000364435 0.010288 -0.0135156 -0.000329156 0.00508593 -0.00479392 -0.000668058 -0.000329156 -0.00814392 -0.00730205 -0.0176147 -0.0162062 -0.00534618 -0.0156775 -0.0316865 -0.00935009 -0.0188943 -0.000329156 -0.00497629 -0.0128057 -0.00517532 -0.0208325 0.0039073 -0.0285642 -0.00629527 -0.00770955 0.00508593 0.0442172 0.0177228 0.0224799 0.0100848 0.0132765 0.019269 0.00635774 -0.0164113 -0.00873113 -0.0209525 -0.000329156 0.0012956 0.00367258 0.000428422 0.00311711 -0.042201 -0.0232498 -0.0137627
internal_weight=572613 560511 554524 100003 454521 12101.7 41071.3 6414.78 17057.6 82945.1 413450 83504.1 5987.21 43784.4 39160.6 15768.5 14925.2 43567.4 4817.26 11695.5 329946 39936.6 32088.9 14379.9 313663 17709 17198.9 10828.9 10227.4 3055.91 1959.42 4096.27 8650.62 2717.45 1171.91 5933.17 4274.51 2974.15 7171.48 32529.3 2904.31 16495.9 16054.2 29450.5 5686.97 12212.1 5897.9 1723.48 6314.17 3763.51 1520.93 1907.55 1315.56 1142.71 310031 110709 29592.4 81116.9 33242 1821.79 2274.48 1182.61
internal_count=3532932 3287153 3113808 898573 2215235 245779 319633 92906 312933 585640 1895602 381680 173345 348980 236660 296422 268720 201034 63662 114389 1513922 180646 234591 94258 1440272 140333 134437 189305 179388 51458 32606 79415 81378 23938 10470 57440 42526 30119 127930 150210 65391 129296 125547 135851 152873 138817 70579 20551 68238 41734 17267 19934 13828 11928 1424470 487905 130152 357753 147329 37731 41684 21015
is_linear=0
shrinkage=0.05


Tree=61
num_leaves=63
num_cat=0
split_feature=0 0 0 1 0 1 1 1 0 0 8 11 1 1 1 0 0 1 8 8 8 8 8 8 10 10 8 8 10 8 10 11 1 8 8 8 11 8 5 10 0 10 1 12 10 8 8 8 10 10 10 8 8 10 0 10 12 10 10 10 10 10
split_gain=4237.28 3511.86 1780.43 1510.06 1223.94 839.605 604.222 599.685 539.778 386.587 429.967 446.808 297.962 292.973 305.601 289.179 287.235 242.623 230.826 291.671 192.836 219.236 246.561 240.663 184.016 201.862 185.54 162.681 162.11 157.619 152.174 135.641 131.183 129.969 155.286 124.671 120.682 117.432 116.059 114.552 110.522 108.963 104.608 102.017 98.6395 97.5201 131.704 134.714 116.354 107.231 237.517 96.5055 96.0055 117.015 94.7037 90.1068 89.2688 95.4562 231.98 89.1848 99.5889 86.4422
threshold=2.5000000000000004 -2.4999999999999996 1.0000000180025095e-35 742.50000000000011 -1.0000000180025095e-35 990.50000000000011 442.50000000000006 2539.5000000000005 3.5000000000000004 -1.0000000180025095e-35 0.38795933127403265 -0.52782398462295521 1980.5000000000002 1470.5000000000002 360.50000000000006 1.5000000000000002 1.5000000000000002 80.500000000000014 0.27788905799388891 0.26263889670372015 0.56662777066230785 0.609165519475937 0.59582415223121654 0.57808911800384533 0.22289190441370013 0.22386372834444049 0.40150643885135656 0.45320136845111852 0.1954138055443764 0.57808911800384533 0.19319908320903781 0.86488777399063121 1410.5000000000002 0.24668355286121371 0.2293389365077019 0.37921610474586492 -0.047598851844668381 0.58457565307617199 5.5000000000000009 0.19618484377861026 -1.4999999999999998 0.24612163752317431 111.50000000000001 5.5000000000000009 0.17694552242755893 0.38338065147399908 0.37223258614540106 0.34329362213611608 0.21860953420400622 0.22545928508043292 0.23053456097841266 0.39315852522850042 0.29949034750461584 0.22314845025539401 -3.4999999999999996 0.2070354372262955 2.5000000000000004 0.22289190441370013 0.23240628093481067 0.24846510589122775 0.25001473724842077 0.21752139925956729
decision_type=2 2 2 2 2 2 2 2 2 2 2 2 2 2 2 2 2 2 2 2 2 2 2 2 2 2 2 2 2 2 2 2 2 2 2 2 2 2 2 2 2 2 2 2 2 2 2 2 2 2 2 2 2 2 2 2 2 2 2 2 2 2
left_child=1 13 3 4 14 -2 15 9 27 10 11 28 16 -1 -3 42 -8 -6 19 33 59 22 23 30 26 -26 -12 -7 -5 38 -20 43 -30 34 44 -18 52 40 61 -22 -16 -34 -4 -27 -9 46 47 48 -38 -50 -51 -33 53 -13 -15 -24 -32 -58 -59 -14 -11 -19
right_child=5 2 6 7 17 8 12 18 -10 60 24 36 20 54 37 -17 35 29 21 -21 39 -23 55 -25 25 31 -28 -29 32 -31 56 51 41 -35 -36 -37 45 -39 -40 -41 -42 -43 -44 -45 -46 -47 -48 -49 49 50 -52 -53 -54 -55 -56 -57 57 58 -60 -61 -62 -63
leaf_value=-0.048216517481186258 0.046637870089057898 -0.044832185923449695 0.01914732668573672 -0.0017615704874861878 -0.034089179637322463 0.00974129816029576 0.00325994413319312 -0.025257491855680155 0.041981248709769742 -0.0017615704874861878 -0.025257491855680155 -0.0030551611191368577 0.00082789071888302425 -0.048461585096589051 -0.039846714540126796 0.01914732668573672 0.00325994413319312 -0.01582770847241521 -0.025257491855680155 -0.025257491855680155 0.0091351819815688306 0.0091351819815688306 -0.018392107399214205 0.0091351819815688306 -0.025257491855680155 -0.0043584036953974543 -0.0017615704874861878 0.022686973054017276 -0.039387853497217767 0.00325994413319312 0.00073691196084884822 -0.0017615704874861878 -0.024362550113096602 0.00082789071888302425 -0.025257491855680155 0.00974129816029576 -0.022417485662202086 0.00325994413319312 0.00325994413319312 0.01899902164886344 -0.020836616036070482 -0.0017615704874861878 0.006985067398769829 -0.024419071567074815 0.00082789071888302425 -0.025257491855680155 -0.0017615704874861878 -0.023471273453446347 -0.0017615704874861878 -0.025257491855680155 -0.0017615704874861878 -0.023885419135541722 -0.0017615704874861878 -0.025257491855680155 -0.025257491855680155 0.01899902164886344 0.00082789071888302425 -0.025257491855680155 0.00082789071888302425 0.00974129816029576 0.00325994413319312 -0.0067487629770569841
leaf_weight=3607.3577788695693 4489.2752778120339 2709.8923863302916 1740.6880305446684 230.8043463435024 802.30523216724396 2898.9664724562317 64265.010942339897 134.83959333598614 1909.1323707848787 102908.68869067729 465.77054967917502 777.14317777939141 76317.057171329856 440.42588266171515 1009.0771123804152 2406.116807308048 5744.7993869110942 3368.2201424576342 230.71818554401398 1782.359362654388 4041.425885476172 6527.0627607554197 2108.8417193442583 3702.9073333740234 1064.209363123402 18667.59133249335 19264.011975854635 2480.2276875637472 1594.060573797673 1512.7013523802161 155992.00860400498 58.409052660688758 3494.2574397958815 1697.1771822869778 1067.7826496548951 17543.920006293803 931.36400806903839 221.05299144610763 957.7791512273252 2943.274053491652 3175.2654930241406 138.26185942813754 8921.0328846201301 655.09084776230156 1556.1257418207824 424.30163867771626 1140.2280107587576 2265.8243679739535 720.26704772561789 585.45079969987273 965.5642571169883 1614.2155761383474 3939.9644065760076 356.24264094792306 1716.3830185066909 125.2755800485611 1468.3666222468019 1187.5453767031431 992.74456229805946 1679.3682927638292 1346.0714518427849 11835.949242152274
leaf_count=126855 131530 89582 17761 2686 18328 38984 288225 747 38422 463348 4520 8547 345212 11233 36082 49060 36927 23367 1015 10829 23653 27847 8695 15219 8880 154689 137352 37173 25442 7947 710460 634 35424 10123 6504 144038 10284 3495 6270 16028 55790 1222 51587 9172 9513 4181 11144 22233 7675 6628 9295 14983 37850 4067 35428 514 8190 6960 5866 7358 5642 83826
internal_value=-4.93903e-05 -0.00067458 -0.000270122 -0.00228488 -0.0139999 0.029629 0.00372214 -0.00140866 0.0191473 -0.00359546 -0.00681663 -0.0133808 0.00293696 -0.0394969 -0.0316188 0.0140878 0.00498403 -0.00721367 0.000594871 -0.00886969 0.000827891 0.000827891 0.000582227 0.000807605 -0.00405752 -0.0073149 -0.00176157 0.011037 -0.0252575 -0.00599185 0.000491188 -0.00622279 -0.0252575 -0.00202587 -0.0106128 0.0097413 -0.00802525 -0.0234825 -0.00760224 0.00913518 -0.0254294 -0.0221673 0.00918683 -0.00503974 -0.00118179 -0.0122648 -0.0105392 -0.0141433 -0.00753869 -0.00176157 -0.0149104 -0.0198785 -0.00214691 -0.0163303 -0.0252575 -0.0159121 0.000556065 -0.00717381 -0.0138871 0.000827891 -0.00176157 -0.00876095
internal_weight=570918 559141 553376 367774 25592.2 11777.6 185603 342182 7288.33 163608 59353 17563.7 172535 5764.17 7115.29 13067.8 87553.7 18477 178574 6238.28 84981.1 172335 165808 163574 41789.3 22059.5 19729.8 5379.19 5457.38 17674.6 159871 20995.3 5226.58 4455.93 2758.75 23288.7 12106.4 4405.4 16161.9 6984.7 4184.34 3632.52 10661.7 19322.7 1690.97 7033 6608.7 5468.47 3202.65 2271.28 1551.02 1672.62 5073.35 1133.39 2156.81 2234.12 159641 3648.66 2180.29 77996.4 104255 15204.2
internal_count=3532541 3286432 3112916 2133067 324687 246109 979849 1808380 114579 985898 516908 186678 861441 173516 184949 118408 469190 139738 822482 37716 392251 784766 756919 747710 330230 188358 141872 76157 64774 121410 732491 179478 62088 26887 16764 180965 121904 95367 113463 39681 91872 36646 69348 163861 10260 71440 67259 56115 33882 23598 15923 15617 50464 12614 46661 9209 731476 21016 12826 352570 468990 107193
is_linear=0
shrinkage=0.05


Tree=62
num_leaves=63
num_cat=0
split_feature=0 0 0 1 0 1 1 0 1 1 9 5 0 1 1 9 1 1 10 10 10 10 11 9 9 9 9 9 10 10 9 10 11 9 11 9 9 11 9 9 9 10 10 9 1 1 1 9 1 1 0 11 1 9 9 9 9 11 10 9 1 1
split_gain=3865.44 3188.1 1603.3 1906.72 961.419 860.929 747.771 513.804 455.013 358.217 353.718 313.74 298.331 425.399 230.884 180.4 179.411 288.747 173.632 201.323 172.916 313.793 196.996 176.334 172.765 169.798 156.19 126.097 122.378 312.723 188.871 232.173 123.875 130.518 119.241 157.891 118.201 103.721 98.637 94.1621 147.678 90.4082 86.6267 83.0473 82.1086 82.0184 118.031 79.2005 75.4417 101.407 72.7508 75.3178 71.4448 69.0826 275.177 67.156 111.036 64.6784 62.3484 60.3114 56.3619 55.7434
threshold=2.5000000000000004 -2.4999999999999996 -1.0000000180025095e-35 621.50000000000011 1.5000000000000002 1020.5000000000001 472.50000000000006 3.5000000000000004 2087.5000000000005 1830.5000000000002 0.38589408993721014 47.500000000000007 1.0000000180025095e-35 1194.5000000000002 142.50000000000003 0.3380760401487351 339.50000000000006 80.500000000000014 0.22944547981023791 0.23388879746198657 0.2233121916651726 0.21466173976659778 -0.047598851844668381 0.30915527045726782 0.53198191523551952 0.42126683890819555 0.25124679505825048 0.21753472089767459 0.22289190441370013 0.22386372834444049 0.44099158048629766 0.23198642581701281 -0.50225719809532154 0.33718366920948034 -0.51530927419662464 0.41196930408477789 0.26416507363319403 0.082422289997339263 0.23499774187803271 0.2393506318330765 0.19466029852628711 0.24089600890874865 0.20740322023630145 0.31948421895504003 1410.5000000000002 1011.5000000000001 1011.5000000000001 0.15266980975866321 268.50000000000006 17.500000000000004 -1.4999999999999998 -0.56722733378410328 299.50000000000006 0.33322560787200933 0.45658147335052496 0.32579620182514196 0.34619495272636419 1.2073334455490115 0.24182680994272235 0.38367605209350591 2087.5000000000005 1230.5000000000002
decision_type=2 2 2 2 2 2 2 2 2 2 2 2 2 2 2 2 2 2 2 2 2 2 2 2 2 2 2 2 2 2 2 2 2 2 2 2 2 2 2 2 2 2 2 2 2 2 2 2 2 2 2 2 2 2 2 2 2 2 2 2 2 2
left_child=1 9 3 16 11 -2 48 15 10 61 18 12 13 17 49 -7 -3 -4 -5 -20 21 26 23 -22 28 -25 39 -8 -10 -30 32 -32 33 43 44 -36 -34 55 -18 40 47 -17 -9 58 -12 -29 -13 -16 -6 -14 -40 -52 -19 -23 -55 -21 -57 -37 -31 -58 -15 -1
right_child=5 2 4 8 6 7 27 42 24 -11 34 46 14 60 20 41 38 52 19 37 22 53 -24 25 -26 -27 -28 45 29 30 31 -33 36 -35 35 57 -38 -39 50 -41 -42 -43 -44 -45 -46 -47 -48 -49 -50 -51 51 -53 -54 54 -56 56 59 -59 -60 -61 -62 -63
leaf_value=-0.049419831444053083 0.046012628287139493 -0.045478645916381268 -0.036782261118451315 -0.0055056300243363603 0.044306078777758155 0.019734325847337943 0.016687529050353919 0.019734325847337943 -0.00022890047412992012 -0.015865781480562016 -0.037159286809136209 0.012869893643765444 0.044306078777758155 -0.0019548267561121002 -0.00022890047412992012 0.0065515032801451937 -0.0055056300243363603 -0.012013103500750509 -0.015865781480562016 -0.015865781480562016 -0.00022890047412992012 0.0065515032801451937 -0.00022890047412992012 0.0065515032801451937 -0.015865781480562016 -0.00022890047412992012 -0.00022890047412992012 0.012869893643765444 -0.015865781480562016 -0.015865781480562016 -0.015865781480562016 -0.00022890047412992012 -0.015865781480562016 -0.015865781480562016 -0.015865781480562016 -0.0047142261977707565 -0.00022890047412992012 -0.0055056300243363603 -0.044170023563452454 0.0065515032801451937 -0.00022890047412992012 0.040909941269089395 0.046567402465793772 -0.00022890047412992012 -0.015865781480562016 0.0065515032801451937 0.0048528856699602205 0.0065515032801451937 0.0178410262430467 0.0135542691924637 -0.040968957463139423 -0.018640014827755624 -0.0047142261977707565 -0.00022890047412992012 0.0065515032801451937 -0.0047142261977707565 -0.015865781480562016 -0.015865781480562016 -0.00022890047412992012 -0.0047142261977707565 -0.00022890047412992012 -0.037159286809136209
leaf_weight=2906.8339522238821 4411.6730680502951 2421.6491912938654 753.01293968595564 18771.397168815136 1270.4260789658874 2939.6149263065308 3067.7875925377011 376.84101437777281 21818.1551364474 1341.5848434064537 1747.7957302015275 2357.5912510491908 286.87191880494356 47301.236401021481 1034.9893368184566 2082.0323431044817 217.29840333014727 3760.0179201029241 3554.0590225942433 1432.2984043955803 4117.8492888659239 14528.921151526272 54631.12562212348 16877.999754905701 1162.7628906741738 4361.1059245020151 13384.742859616876 5828.4194104038179 1510.8800016269088 1163.4377964735031 1329.8115300759673 706.47916968539357 667.79357919842005 2480.302350576967 2362.9708165749907 4551.7015132997185 21136.736487753689 3138.0693181995302 654.72999968379736 2171.5912509411573 7167.0251250639558 224.06278249062598 1419.9276055041701 602.70281106233597 2139.8628481887281 29198.613806314766 17391.040413782001 3461.5411275848746 1327.7480440363288 2016.3001218885183 521.95031084306538 1374.4479327239096 30931.665685541928 9750.869046151638 3894.9300227016211 1062.378669982776 1865.9189513865858 222.71589962765574 169.93739420175552 81.331502169370651 172547.48935215175 1294.3720018174499
leaf_count=110908 134684 83967 17760 162931 29986 44270 26312 7759 126821 27512 29620 13438 4664 212510 5541 26795 4707 37897 36186 13550 18314 70183 236559 73963 11249 18073 58959 56783 10112 6545 11138 5333 3477 19060 26398 54194 132518 31745 25524 11413 37238 3333 29391 3835 23691 184174 75700 19286 22922 17394 11095 28389 165253 41332 15993 11005 20857 2741 1011 868 742822 35025
internal_value=-5.65084e-05 -0.000646915 -0.000268208 -0.00603734 0.000989776 0.0286947 0.00832211 0.017841 -0.00440278 -0.0383749 -0.0083586 0.000266826 -4.22162e-05 -0.00105393 0.00183368 0.00993313 -0.0355341 -0.00553566 -0.00553566 -0.0117497 0.00156655 0.00371378 7.94863e-05 0.00421199 -0.00133317 0.0064269 -0.000172203 0.0065515 -0.000887985 -0.00355005 -0.00217409 -0.0158658 -0.00103215 -0.00882755 -0.0158658 -0.00939817 -0.0002289 -0.00631022 -0.026822 0.00508408 0.00178295 0.0065515 0.0409099 -0.0002289 -0.0158658 0.0065515 0.00641616 0.00939324 0.0342704 0.0175281 -0.0297895 -0.024804 -0.00550563 0.0065515 0.00275774 -0.0132176 -0.00772952 -0.00550563 -0.0127839 -0.0158658 -0.0002289 -0.0455573
internal_weight=569287 557833 552290 98869.6 453421 11454.2 40693 7042.48 93679.5 5542.79 40930.5 412728 392979 255293 137686 5245.71 5190.08 35444.7 29905.5 11134.1 135383 55394.6 79988.1 25357 52749 21239.1 27219.9 38094.8 51586.2 29768.1 28257.2 2036.29 26220.9 4416.38 11025 7137.39 21804.5 7580 2768.43 13835.1 11663.6 2306.1 1796.77 1936.08 3887.66 35027 19748.6 4496.53 2598.17 2303.17 2551.13 1896.4 34691.7 28174.7 13645.8 4441.93 3009.63 4774.42 1333.38 1947.25 219849 4201.21
internal_count=3532713 3286481 3113036 898567 2214469 246232 320177 111548 744885 173445 413786 1894292 1805154 1176242 628912 74398 153682 220910 277142 114211 606854 259945 346909 110350 331099 92036 132437 267269 319850 193029 182917 16471 166446 30451 136644 83333 135995 78025 69715 73478 62065 30128 37150 11391 53311 240957 89138 24827 52908 22058 65008 39484 203150 127508 57325 46280 32730 56935 7556 21725 955332 145933
is_linear=0
shrinkage=0.05


Tree=63
num_leaves=63
num_cat=0
split_feature=0 0 0 1 0 1 0 1 1 1 0 8 11 9 1 0 1 8 9 9 1 1 9 10 10 9 9 9 9 10 10 9 11 8 8 8 10 10 10 10 12 10 1 10 10 8 10 9 8 9 8 10 9 9 10 10 5 9 9 10 8 10
split_gain=3587.15 3050.2 1470.98 1327.18 1109.18 839.911 548.026 547.038 479.219 366.579 341.827 353.63 428.201 369.579 290.398 260.166 239.739 227.541 234.359 227.449 200.151 189.917 181.37 179.713 177.81 175.472 290.382 152.645 139.923 137.103 189.401 178.626 158.362 136.064 135.942 127.054 160.74 210.61 138.45 124.974 123.944 120.532 139.473 119.594 149.087 151.742 114.919 113.447 108.618 274.724 108.432 201.445 194.846 158.993 107.794 105.016 103.993 107.074 116.653 164.5 127.567 103.896
threshold=2.5000000000000004 -2.4999999999999996 1.0000000180025095e-35 750.50000000000011 -1.0000000180025095e-35 1011.5000000000001 3.5000000000000004 1280.5000000000002 2640.5000000000005 80.500000000000014 -1.0000000180025095e-35 0.38795933127403265 -0.52782398462295521 0.38166438043117529 390.50000000000006 1.5000000000000002 80.500000000000014 0.27788905799388891 0.52515390515327465 0.21753472089767459 472.50000000000006 1215.5000000000002 0.38166438043117529 0.22289190441370013 0.22386372834444049 0.40693396329879766 0.4138051718473435 0.19466029852628711 0.26538623869419103 0.24110610783100131 0.23905507475137713 0.36743076145648962 0.68987902998924266 0.45320136845111852 0.44822673499584204 0.29949034750461584 0.22359875589609149 0.21956252306699756 0.25167453289031988 0.20932090282440188 2.5000000000000004 0.1954138055443764 1410.5000000000002 0.21442330628633502 0.21554413437843326 0.26667550206184393 0.23330589383840564 0.22679615020751956 0.24668355286121371 0.55594193935394298 0.59582415223121654 0.19875304400920871 0.21470168977975848 0.20764526724815371 0.17694552242755893 0.23198642581701281 5.5000000000000009 0.29080401360988622 0.32445858418941503 0.23574929684400561 0.43958365917205816 0.23131105303764346
decision_type=2 2 2 2 2 2 2 2 2 2 2 2 2 2 2 2 2 2 2 2 2 2 2 2 2 2 2 2 2 2 2 2 2 2 2 2 2 2 2 2 2 2 2 2 2 2 2 2 2 2 2 2 2 2 2 2 2 2 2 2 2 2
left_child=1 21 3 4 14 -2 33 9 10 -4 11 12 25 -14 -3 -11 -6 18 43 -9 -17 -1 23 -13 34 -5 -27 -19 -18 30 32 -32 -26 -7 -25 36 37 39 -37 -15 -34 -28 -43 -10 -45 46 -46 -16 49 -20 52 53 -29 -52 -51 -44 57 -30 59 -59 -61 -38
right_child=5 2 7 8 16 6 -8 19 17 15 -12 22 13 35 47 20 28 27 48 -21 -22 -23 -24 24 29 26 41 50 56 -31 31 -33 40 -35 -36 38 61 -39 -40 -41 -42 42 55 44 45 -47 -48 -49 -50 54 51 -53 -54 -55 -56 -57 -58 58 -60 60 -62 -63
leaf_value=-0.049639569982798545 0.045840855762706356 -0.038217014349906812 0.031501588422060044 -0.036106355122891322 -0.034370284710623984 0.0092849883984172273 0.041626664563062132 0.0092849883984172273 -0.036106355122891322 0.0044442184519578294 -0.0014233803503164296 -0.0014233803503164296 -0.036106355122891322 -0.0066147466783375826 0.0030249775646269111 0.029748309893914429 0.0030249775646269111 0.0090321272769603687 -0.036106355122891322 0.0010349656997317867 0.0092849883984172273 -0.036106355122891322 -0.033740724093388172 -0.0023825215761401923 -0.0046300641661149236 -0.0014233803503164296 -0.0014233803503164296 0.0092849883984172273 -0.020897164596569706 -0.0014233803503164296 -0.036017406506922381 -0.0014233803503164296 -0.033292778225524962 0.021263910405262997 -0.036106355122891322 -0.0014233803503164296 -0.036106355122891322 -0.0014233803503164296 -0.036106355122891322 -0.036106355122891322 -0.0085316949115923236 -0.036106355122891322 -0.024234751477541894 0.0010349656997317867 0.0010349656997317867 -0.036106355122891322 -0.036106355122891322 -0.023799824994372186 0.0010349656997317867 -0.036106355122891322 0.0022839530497808474 -0.036106355122891322 0.00063600029145675972 -0.036106355122891322 0.0010349656997317867 -0.0014233803503164296 0.0044442184519578294 0.0044442184519578294 -0.010010311726359668 0.0044442184519578294 -0.023799824994372186 -0.0045851879820267274
leaf_weight=2728.3893575882539 4163.0395324230194 2739.1764205601066 1548.3326202239841 1417.4061908628792 751.28448661416769 2827.5632866732776 1750.526356164366 8728.3331447765231 379.9012251496315 41686.010955683887 112655.36202062666 20638.789562020451 995.16143552958965 717.07669039815664 315.16550283320248 2075.041717287153 3756.2942418195307 5748.9403679072857 603.14719272777438 120357.32729619741 10653.993460793048 2609.9642043989152 493.09729446843266 392.40789272077382 15292.671828428283 359.15992763265967 224.68213227950037 2549.279979839921 1644.4674667641521 3784.5354527700692 1011.4231844730675 93.995450764894485 901.5028596110642 2370.1472483854741 695.30652990378439 9313.6740766353905 409.22948150709271 290.80265363305807 130.35976484976709 717.73408145830035 1150.7486764080822 996.86557510867715 2105.7167883329093 70.649513423442841 567.28035306930542 699.47092648223042 92.504395455121994 3890.5306211188436 1417.0799859799445 118.29053296893835 1687.7535338401794 366.80352430045605 148766.18358197063 267.76061083376408 1791.6599421948195 415.3871552683413 854.04505164548755 2076.5970129445195 9044.377451762557 146.97911843657494 501.59410165250301 262.05187952890992
leaf_count=109462 132794 97154 24302 16103 18284 38546 37738 52062 2294 204278 505085 144820 9515 8249 5160 41649 21271 24562 3774 561940 96587 63752 4946 3786 126557 4088 2655 10345 11371 32361 8640 955 7054 36616 5156 90754 4827 3186 1235 7614 11290 17127 22418 391 3574 4274 517 86426 8325 666 6996 1496 676857 1097 10796 4264 5679 14044 67075 987 3378 2707
internal_value=-4.60575e-05 -0.000607535 -0.000243327 -0.0020789 -0.0130305 0.0280828 0.0174379 0.00339026 -0.00125183 0.00751901 -0.00307125 -0.00602678 -0.0118652 -0.00685657 -0.0301016 0.00683604 -0.00671487 0.0006815 -0.00909814 0.00160026 0.00928499 -0.038217 -0.00361588 -0.00327722 -0.00649694 -0.0235105 -0.018198 0.00103375 -0.00556031 -0.00553062 -0.00766084 -0.027719 -0.00638097 0.00928499 -0.0262269 -0.00439546 -0.0146737 -0.00658924 -0.00178557 -0.0213934 -0.0194195 -0.0238355 -0.0263233 -0.0239811 -0.0162087 -0.0231889 -0.00578213 -0.0214339 -0.00224032 -0.0101357 0.000734402 -0.0099854 0.00089899 -0.00342164 -0.000787111 -0.0196047 -0.00782057 -0.00894918 -0.00727815 0.00178978 -0.0212989 -0.035415
internal_weight=567811 556700 551361 366312 25720.5 11111.3 6948.24 185049 340592 55963.4 175465 62809.8 18355.3 12836.1 6944.87 54415 18775.6 165127 5739.98 129086 12729 5338.35 44454.5 43961.4 23322.6 5519.22 4101.81 159387 18024.4 22234.9 18450.3 1105.42 17344.9 5197.71 1087.71 11840.9 2396.89 1725.61 9444.03 1434.81 2052.25 3742.65 3517.97 1809.81 1429.91 1359.26 659.785 4205.7 3930.18 2513.1 153638 2322.32 151315 1955.51 1909.95 2521.1 14268.1 13414 11769.5 2725.17 648.573 671.281
internal_count=3531911 3286217 3113003 2132185 330829 245694 112900 980818 1801356 366816 1045392 540307 194742 128087 188740 342514 142089 755964 34611 614002 138236 173214 345565 340619 195799 66655 50552 721353 123805 186857 154496 9595 144901 75162 8942 118572 26583 19049 91989 15863 18344 46464 43809 11050 8756 8365 4091 91586 23561 15236 696791 9589 687202 8093 11462 26682 102534 96855 85484 18409 4365 7534
is_linear=0
shrinkage=0.05


Tree=64
num_leaves=63
num_cat=0
split_feature=0 0 0 1 1 0 1 1 0 0 8 1 0 1 8 9 8 10 10 8 9 10 10 0 8 10 8 8 12 10 10 10 8 9 0 8 8 1 1 10 10 9 8 10 8 9 8 8 10 10 9 9 11 10 8 9 8 10 10 8 9 8
split_gain=3394.56 2816.63 1281 1248.84 817.874 689.68 636.139 529.361 496.916 495.763 333.224 316.653 284.472 250.873 248.642 348.016 194.68 187.849 311.208 411.023 198.452 427.112 388.299 180.236 194.557 178.499 165.307 311.249 185.814 297.381 161.1 213.057 160.442 326.4 180.843 157.597 327.554 149.809 145.395 142.965 338.485 246.827 653.788 332.113 176.42 156.268 201.408 246.224 205.46 251.517 196.044 179.734 148.438 148.397 188.607 124.285 115.671 317.563 136.069 176.811 181.912 134.75
threshold=2.5000000000000004 -2.4999999999999996 1.0000000180025095e-35 360.50000000000006 1011.5000000000001 -1.0000000180025095e-35 2087.5000000000005 206.50000000000003 -1.4999999999999998 3.5000000000000004 0.42156024277210241 1380.5000000000002 1.5000000000000002 872.50000000000011 0.27788905799388891 0.52515390515327465 0.45320136845111852 0.22244768589735034 0.2233121916651726 0.45978543162345892 0.45658147335052496 0.23224429786205295 0.22545928508043292 -1.0000000180025095e-35 0.39892351627349859 0.2283434867858887 0.49985919892787939 0.5077456831932069 2.5000000000000004 0.22587928175926211 0.22289190441370013 0.22314845025539401 0.24668355286121371 0.55594193935394298 -1.0000000180025095e-35 0.51923570036888134 0.52896222472190868 50.500000000000007 17.500000000000004 0.23683736473321917 0.2370238080620766 0.30770036578178411 0.44034637510776525 0.23743416368961337 0.37011507153511053 0.34949654340744024 0.33831831812858587 0.3415034711360932 0.24533988535404208 0.24420594424009326 0.35194084048271185 0.40453578531742101 0.52806720137596141 0.23757448047399524 0.45235681533813482 0.26938365399837499 0.37528081238269811 0.24136773496866229 0.24268008023500445 0.39604650437831884 0.36743076145648962 0.35031150281429296
decision_type=2 2 2 2 2 2 2 2 2 2 2 2 2 2 2 2 2 2 2 2 2 2 2 2 2 2 2 2 2 2 2 2 2 2 2 2 2 2 2 2 2 2 2 2 2 2 2 2 2 2 2 2 2 2 2 2 2 2 2 2 2 2
left_child=1 11 3 5 -2 -3 8 38 10 16 -5 -1 -9 -14 15 -8 -6 -16 19 -19 26 22 -22 24 -10 -26 28 -28 39 -30 -21 -32 33 -17 -35 -29 -37 -7 -4 -20 -41 -42 43 44 -43 -45 -47 -48 49 50 -49 -50 56 54 -44 -39 57 61 -58 60 -60 -52
right_child=4 2 7 6 9 37 14 12 23 -11 -12 -13 13 -15 17 32 -18 18 20 30 21 -23 -24 -25 25 -27 27 35 29 -31 31 -33 -34 34 -36 36 -38 55 -40 40 41 42 53 45 -46 46 47 48 51 -51 52 -53 -54 -55 -56 -57 58 -59 59 -61 -62 -63
leaf_value=-0.048188895716638785 0.045672323945222415 -0.037427361420239003 0.045672323945222415 -0.025570429947202513 0.0048186292732156008 -0.037427361420239003 -0.023855250631795361 0.0016989984993101221 -0.011995647175158785 0.040737911375941474 -0.0066715839218553568 -0.025570429947202513 0.015944370295820822 0.0048186292732156008 0.0016989984993101221 -0.025570429947202513 0.020842484668115446 -0.025228110617510138 0.0016989984993101221 0.0016989984993101221 0.0016989984993101221 0.0016989984993101221 -0.025570429947202513 -0.0021872326499640022 -0.0021872326499640022 -0.0066715839218553568 -0.025469699571746447 0.0016989984993101221 -0.025570429947202513 -0.003169613252792922 -0.025570429947202513 0.0016989984993101221 0.0016989984993101221 -0.025570429947202513 0.0016989984993101221 -0.025570429947202513 0.0016989984993101221 0.0016989984993101221 0.016929678424337416 -0.025570429947202513 0.0016989984993101221 0.0016989984993101221 0.0016989984993101221 0.0016989984993101221 -0.025570429947202513 0.0016989984993101221 -0.025570429947202513 -0.025570429947202513 0.0016989984993101221 -0.025570429947202513 0.0014691404092565348 -0.025570429947202513 -0.025570429947202513 -0.025570429947202513 -0.025570429947202513 -0.013260338797035124 0.0016989984993101221 0.0016989984993101221 0.0016989984993101221 -0.025570429947202513 -0.025570429947202513 -0.025570429947202513
leaf_weight=2958.0054626930505 3993.9111663196236 2403.7714425744489 439.57609486021101 4348.2927890941501 2824.3287034798414 485.06053397618234 2544.2766668982804 140663.00384875387 11007.831618977711 1685.0433247424662 5031.8203006479889 2173.2353443484753 5976.2036465108395 33280.766283936799 86570.646250721067 838.13306886702776 2336.2148052137345 2925.1852544285357 76706.516275707632 1360.1725928783417 947.41225502640009 1317.807081643492 2080.0083306394517 80875.548735760152 14449.783005792648 7959.0182886663824 1805.3136942610145 1818.4077823236585 926.09982469677925 5367.8820108510554 718.23019848763943 230.91291183233261 1998.8082759045064 619.98782162740827 2083.7461497634649 892.28425894677639 928.24914942681789 1197.9443017784506 4242.1152308769524 814.1636800467968 4574.2537269517779 374.91513665020466 246.48427807539701 10681.226712375879 1102.9891355335712 2537.0247301533818 389.99045272916555 521.63708224892616 4775.9817960038781 1209.3241280168295 523.27651193737984 241.23447128385305 654.47914472967386 2329.6320670023561 125.19887466728687 4590.0211569368839 4982.2317444011569 1662.4831143543124 234.25256980955601 351.6863894239068 455.4425295367837 1926.1155711114407
leaf_count=120879 132985 89569 9056 92868 38803 12498 16669 628508 119622 37716 82275 52381 76400 219642 397647 5743 36773 15736 356753 5918 5728 7268 13607 386216 110023 72351 7872 7788 5512 32651 3035 1017 12352 6319 11021 3686 3946 10217 46423 3927 19869 1848 1022 47212 5108 12136 2117 2651 22980 5930 2761 1404 3138 10063 559 47049 23961 8209 1163 1705 2235 9594
internal_value=-1.71763e-05 -0.00055796 -0.000214134 -0.00192792 0.0276931 -0.0206694 -0.00147244 0.0031813 -0.00437164 0.0171983 -0.0154342 -0.0374274 0.00274934 0.0065127 6.38184e-05 -0.00855078 0.00950565 0.00037298 -0.000799088 -0.0127572 -0.000330135 -0.010839 -0.0223466 -0.00346359 -0.00655249 -0.00387824 2.34894e-05 -0.00850267 0.000398763 -0.00797022 0.001699 -0.018996 -0.00151993 -0.00967741 -0.000415029 -8.04855e-05 -0.0132217 -0.0116696 0.0197779 0.000847421 -0.00159796 -0.000920279 -0.00332261 -0.00136163 -0.0245126 -0.000262357 -0.00329534 -0.00582144 -0.00474188 -0.00825727 -0.00588719 0.001699 -0.00431867 -0.0255704 0.001699 -0.00942753 -0.00282241 -0.00928634 0.00159084 -0.0163679 0.001699 -0.0212476
internal_weight=566316 555476 550345 365743 10839.5 8676.8 357066 184602 123672 6845.59 9380.11 5131.24 179920 39257 233394 8084.95 5160.54 225309 138739 5234.5 133504 4345.23 3027.42 114292 33416.6 22408.8 129159 5444.25 123715 6293.98 2309.32 949.143 5540.68 3541.87 2703.73 3638.94 1820.53 6273.03 4681.69 117421 40714 39899.9 35325.6 32624.3 1477.9 31146.4 20465.2 17928.1 17538.1 12520.9 11311.6 5017.22 10790 2701.32 371.683 5787.97 10135.5 4111.88 6023.61 1041.38 689.695 2449.39
internal_count=3532114 3285837 3112577 2132548 246277 159333 1973215 980029 863355 113292 175143 173260 924550 296042 1109860 52104 75576 1057756 660109 25706 634403 26603 19335 688212 301996 182374 607800 23292 584508 38163 9970 4052 35435 23083 17340 15420 7632 69764 55479 546345 189592 185665 165796 154152 6956 147196 99984 87848 85731 61347 55417 24384 52766 11644 1581 57266 49628 20564 29064 5103 3398 12355
is_linear=0
shrinkage=0.05


Tree=65
num_leaves=63
num_cat=0
split_feature=0 0 0 1 0 1 1 1 0 0 1 9 1 0 1 1 9 0 10 10 9 11 9 1 9 9 11 10 10 8 8 8 10 8 8 9 8 5 11 1 10 8 9 11 10 10 1 10 10 10 10 1 11 10 12 11 10 9 11 10 8 5
split_gain=3038.92 2648.38 1223.64 1193.36 931.248 814.415 540.63 514.673 492.655 371.03 326.917 279.123 240.726 232.699 196.516 182.467 165.877 163.958 158.372 319.525 242.803 158.729 171.886 145.308 143.152 151.658 140.114 148.793 141.646 138.562 132.418 172.461 130.344 123.281 115.482 175.437 133.625 108.327 100.494 84.2095 81.0968 78.6707 147.504 71.7294 113.459 81.706 70.7403 68.5856 84.7332 301.932 68.414 68.3439 72.1059 67.8767 67.1641 70.5024 66.7171 63.5368 58.0407 57.3876 56.9824 55.6273
threshold=2.5000000000000004 -2.4999999999999996 1.0000000180025095e-35 502.50000000000006 -1.0000000180025095e-35 1080.5000000000002 2670.5000000000005 390.50000000000006 3.5000000000000004 -1.4999999999999998 1830.5000000000002 0.29744088649749761 2029.5000000000002 1.5000000000000002 30.500000000000004 60.500000000000007 0.3879420012235642 1.5000000000000002 0.21752139925956729 0.22273061424493792 0.36119578778743749 0.40724173188209539 0.38476856052875524 862.50000000000011 0.21753472089767459 0.19466029852628711 0.056795023381710059 0.19618484377861026 0.24014183133840564 0.39604650437831884 0.27788905799388891 0.26263889670372015 0.19051928073167804 0.36890326440334326 0.59582415223121654 0.21470168977975848 0.609165519475937 1.0000000180025095e-35 -0.27766193449497217 329.50000000000006 0.19319908320903781 0.24668355286121371 0.55594193935394298 0.77103558182716381 0.19618484377861026 0.23757448047399524 770.50000000000011 0.18192083388566974 0.21392750740051272 0.2233121916651726 0.1970353573560715 1230.5000000000002 -0.82285931706428517 0.23491215705871585 4.5000000000000009 -0.70760488510131825 0.19051928073167804 0.24645112454891208 -0.99717843532562245 0.17694552242755893 0.38584102690219885 -12.499999999999998
decision_type=2 2 2 2 2 2 2 2 2 2 2 2 2 2 2 2 2 2 2 2 2 2 2 2 2 2 2 2 2 2 2 2 2 2 2 2 2 2 2 2 2 2 2 2 2 2 2 2 2 2 2 2 2 2 2 2 2 2 2 2 2 2
left_child=1 10 3 4 39 46 9 14 32 11 51 -5 13 26 -4 -6 18 33 20 -20 -11 -21 -23 -13 -14 -8 27 -9 54 60 31 41 -7 52 35 -32 -36 47 -30 -3 -37 42 -27 -34 -45 -46 -2 -28 -49 -50 56 -1 -16 -31 -29 -56 59 -57 -35 -44 -17 -60
right_child=5 2 7 6 15 8 25 12 -10 16 -12 23 24 -15 17 29 -18 -19 19 21 -22 22 -24 -25 -26 30 37 28 38 53 34 -33 43 58 36 40 -38 -39 -40 -41 -42 -43 50 44 45 -47 -48 48 49 -51 -52 -53 -54 -55 55 57 -58 -59 61 -61 -62 -63
leaf_value=-0.048965985610012863 0.048048453686508945 -0.044313730043976068 0.040573880858240839 -0.0024249695318298392 -0.035337192128219869 0.040357160476442437 0.0079063050485359814 -0.0024249695318298392 0.040357160476442437 -0.0024249695318298392 -0.014742782940761551 -0.036708801781441175 0.0079063050485359814 0.0079063050485359814 0.013866294959526057 -0.013068485259900129 -0.0051049298468078671 0.015596908446335992 0.00089691585613697281 -0.0024249695318298392 -0.014742782940761551 0.00089691585613697281 -0.014742782940761551 -0.014742782940761551 0.00089691585613697281 -0.014742782940761551 0.0079063050485359814 0.0079063050485359814 -0.0024249695318298392 -0.0024249695318298392 0.0079063050485359814 -0.014742782940761551 0.0079063050485359814 -0.0024249695318298392 -0.014742782940761551 -0.014742782940761551 0.00089691585613697281 0.0079063050485359814 0.0079063050485359814 -0.029293042426495913 0.00085086659843739906 0.00089691585613697281 -0.014742782940761551 0.0079063050485359814 0.029838028718676125 0.0079063050485359814 0.033005489311744463 -0.0024249695318298392 0.0079063050485359814 0.00089691585613697281 0.00089691585613697281 -0.03429456452264678 -0.0086061389046641172 -0.014175080309461692 0.00089691585613697281 0.00089691585613697281 -0.014742782940761551 0.0079063050485359814 -0.0024249695318298392 0.00089691585613697281 -0.029293042426495913 0.013453580792138257
leaf_weight=2524.5151704438031 3014.2480655275285 2051.0064473506063 639.25633667595685 4103.9938035868108 599.99495028331876 301.89329876750708 5637.780728071928 1072.4072705358267 1532.0091383457184 39439.740234695375 1252.1372358668596 775.97624957188964 5459.2186138257384 23755.428746361285 466.62959744781256 2621.2316603474319 43518.285505060107 1691.5028656460345 15533.079797547311 54645.938604153693 1116.4009469561279 22001.590673934668 450.25263294577599 8716.2953308001161 76373.273714207113 584.86336829513311 917.27513621747494 15159.83429171145 1909.2073345631361 5292.0574014838785 2507.2472897768021 1573.743342820555 2928.8815854415298 451.23220048844814 1773.5328594893217 468.86956617236137 486.3481802791357 3255.6731720268726 1315.7599338293076 1444.8922620434314 144954.52869490534 1502.79357297346 117.93082789331675 74.969268448650837 1430.921857200563 199.95560110732913 1069.681933151558 6746.2556042969227 8068.845819413662 22265.433972105384 912.06607819348574 1176.1095820050687 1507.5690929815173 1236.1826384700835 2185.2437199503183 269.94316694140434 446.41200684756041 4582.7663368135691 385.74593722075224 382.71721358969808 385.8299923017621 5862.5559074878693
leaf_count=110763 106695 79976 13183 49012 15692 4773 24138 5437 34594 187940 27543 27603 31732 189843 2703 23756 279812 38128 79995 295363 6682 117214 2815 131650 346643 3727 5117 66551 8237 41737 10177 9829 40913 2904 7257 2073 2068 14806 5602 43193 658341 8901 680 1130 21290 3047 33837 33176 37498 97238 5388 35051 8667 10428 10042 1449 2670 20409 2595 2410 3358 38449
internal_value=5.88087e-05 -0.000446986 -0.000118955 -0.00179491 -0.0163098 0.0266377 -0.00123221 0.00320203 0.0155969 -0.00303741 -0.0368422 -0.0109963 0.0025363 0.00431275 0.0136869 -0.00861471 -0.00242497 0.012025 -0.00154927 -0.000106159 -0.00242497 -0.00242497 0.000896916 -0.0147428 0.000896916 0.000896916 0.00280442 0.00564167 0.00665506 -0.00692971 0.000602489 -0.00700209 0.00790631 0.00768956 0.000882054 0.000896916 -0.010404 0.000982095 0.000896916 -0.0368422 0.000780821 -0.000847714 -0.00834189 0.00790631 0.0187505 0.0251357 0.0441174 0.000896916 0.000896916 0.00111693 0.000896916 -0.0443137 -0.00329013 -0.00283806 0.00790631 0.0029837 -0.0125389 0.00742601 0.010925 0.000896916 -0.0158086 0.0122144
internal_weight=565128 554575 549623 365282 13631.2 10552.6 351650 184341 6468.63 190302 4952.76 13596.3 173337 91504.1 11004.5 10135.3 176705 10365.2 133187 92630.9 40556.1 77097.8 22451.8 9492.27 81832.5 161349 67748.6 26495.2 25422.8 9535.3 155711 5520.53 4936.62 8673.73 150191 147931 2259.88 41253.5 3224.97 3495.9 145423 3946.78 2443.99 4634.73 1705.85 1630.88 4083.93 37997.8 37080.5 30334.3 1859.13 3700.62 1974.2 6528.24 22197.8 7037.95 947.06 4852.71 6699.53 500.648 3007.06 6248.3
internal_count=3533930 3287651 3114294 2133885 218140 246279 1915745 980409 105747 1178086 173357 208265 873780 495405 106629 94971 969821 93446 690009 495387 194622 415392 120029 159253 378375 737659 305562 117727 112290 79279 713521 33605 71153 55318 679916 670591 9325 187835 13839 123169 660414 23776 14875 66380 25467 24337 140532 173029 167912 134736 11148 145814 11370 52165 98451 31900 5760 21858 43948 3090 27114 41044
is_linear=0
shrinkage=0.05


Tree=66
num_leaves=63
num_cat=0
split_feature=0 0 0 1 1 0 1 0 1 1 8 9 10 10 10 10 8 10 8 8 10 5 8 9 10 1 10 9 8 1 9 1 0 9 8 8 10 12 1 9 8 9 10 10 1 1 1 10 10 10 10 8 8 1 0 8 12 8 1 8 8 12
split_gain=2746.07 2507.06 1076.06 1549.53 837.132 669.944 668.345 513.637 455.802 310.213 293.212 285.041 294.3 393.613 272.819 311.265 258.83 245.606 232.482 187.945 183.882 163.513 154.013 152.213 136.268 124.332 116.076 105.004 103.326 100.915 102.538 99.4853 99.3459 91.5679 91.1475 304.644 89.4988 84.2377 102.98 98.4508 208.055 183.634 126.496 78.9884 74.3678 80.7393 70.87 151.693 116.575 98.6812 89.1577 196.488 70.3947 61.0268 58.5998 105.688 53.5382 57.0214 49.3311 49.1943 137.472 47.1488
threshold=2.5000000000000004 -2.4999999999999996 -1.0000000180025095e-35 540.50000000000011 990.50000000000011 1.5000000000000002 472.50000000000006 3.5000000000000004 1938.5000000000002 1819.5000000000002 0.40625980496406561 0.27884887158870703 0.20789130032062533 0.22244768589735034 0.22944547981023791 0.24212177842855456 0.56416115164756786 0.23330589383840564 0.55064404010772716 0.24668355286121371 0.25167453289031988 40.500000000000007 0.45320136845111852 0.15266980975866321 0.2050428315997124 329.50000000000006 0.17694552242755893 0.38282622396945959 0.60423651337623607 1560.5000000000002 0.33949495851993566 1280.5000000000002 -1.4999999999999998 0.23499774187803271 0.62146687507629406 0.59582415223121654 0.20740322023630145 4.5000000000000009 1080.5000000000002 0.55594193935394298 0.24668355286121371 0.53810203075408947 0.1970353573560715 0.2397129833698273 990.50000000000011 960.50000000000011 1230.5000000000002 0.23683736473321917 0.23507919907569888 0.23307678103446963 0.22742586582899096 0.34756815433502203 0.56198832392692577 299.50000000000006 -1.4999999999999998 0.46553532779216772 4.5000000000000009 0.21525833755731585 502.50000000000006 0.39804874360561376 0.43391023576259619 5.5000000000000009
decision_type=2 2 2 2 2 2 2 2 2 2 2 2 2 2 2 2 2 2 2 2 2 2 2 2 2 2 2 2 2 2 2 2 2 2 2 2 2 2 2 2 2 2 2 2 2 2 2 2 2 2 2 2 2 2 2 2 2 2 2 2 2 2
left_child=1 9 3 25 -2 11 53 22 10 46 31 12 16 18 26 29 -4 -15 -14 -10 21 37 -6 -18 34 -3 -12 -22 44 -16 -31 -5 -33 -27 35 -25 52 39 43 40 -13 58 57 47 -8 -23 -1 48 49 50 -39 -52 -9 -7 -35 -51 -34 -41 -42 -49 -61 -21
right_child=4 2 5 8 7 6 28 36 19 -11 14 20 13 17 15 -17 23 -19 -20 61 27 45 -24 24 -26 33 -28 -29 -30 30 -32 32 56 54 -36 -37 -38 38 -40 42 41 -43 -44 -45 -46 -47 -48 59 -50 55 51 -53 -54 -55 -56 -57 -58 -59 -60 60 -62 -63
leaf_value=-0.049046679758195849 0.044973780765950461 -0.044222346881474639 -0.0010013187839977456 -0.019656239288952736 0.0053798900804376357 0.041402437000364917 0.01127545470863163 0.018734783656569418 -0.015382317829392832 -0.015382317829392832 -0.015382317829392832 -0.0069161797714153844 0.0053798900804376357 -0.0010013187839977456 -0.02433934132402886 -0.0010013187839977456 -0.0010013187839977456 0.0053798900804376357 -0.0010013187839977456 -0.0010013187839977456 0.0053798900804376357 0.01127545470863163 0.018734783656569418 0.0053798900804376357 -0.0010013187839977456 -0.0010013187839977456 -0.0010013187839977456 -0.0010013187839977456 0.017657901998476382 -0.015382317829392832 -0.00091373906223647335 -0.015382317829392832 -0.0094500005774713486 -0.045894027944907267 0.010318027681813231 -0.0010013187839977456 0.045992498197213433 -0.0010013187839977456 0.0053798900804376357 -0.0094500005774713486 -0.0054008524325219144 0.0053798900804376357 0.0053798900804376357 0.0053798900804376357 0.0053798900804376357 0.002952805232420383 -0.033669272170442154 -0.019656239288952736 0.0053798900804376357 -0.019210786523228066 -0.019656239288952736 0.0053798900804376357 0.046359915562510762 0.015054269246125169 -0.024745102605140526 0.0053798900804376357 -0.0010013187839977456 0.0053798900804376357 -0.00091373906223647335 0.0053798900804376357 -0.02433934132402886 -0.015382317829392832
leaf_weight=2407.3334635812789 3610.6245971154422 1971.007632673718 10333.122987810522 5128.6690086685121 2787.3764969203621 1289.2725069243461 5704.7513399869204 106.85909309051931 917.06915351003408 1271.3569933101535 525.65146720036864 1272.2772151716053 25970.071942485869 13430.310192046687 3539.6334057170898 1182.0573002398014 3043.4767371714115 3263.1616426482797 7964.081922352314 57179.686990056187 3140.995182339102 1759.5569154396653 2255.3762735500932 10291.947466179729 2379.5177957676351 146.84008127078414 14903.329798718914 668.26783763244748 1712.736839260906 1479.168794721365 561.98173921182752 1740.9151599481702 4742.2039783895016 446.17074705380946 9023.3886466473341 7553.5410516932607 1252.7080172598362 9308.6195627842098 10938.054044008255 1689.0500577092171 8125.2385338675231 1079.4606372602284 1704.6076155751944 2494.9983720686287 30102.883611910045 14253.047236904502 1104.1589202862233 555.26804473437369 894.65679888799787 1433.6214763075113 570.51750493980944 3155.6373020894825 231.60727322101593 1078.7441850826144 1252.4760831817985 203.36952373385429 1108.4742268696427 338.5769997164607 254233.38016864657 400.2827230617404 257.45343695953488 259.64370731636882
leaf_count=110639 131099 80173 47751 89261 39109 33027 57858 2484 9758 28436 3378 6606 118615 59455 44104 12652 14321 14821 36088 362859 13592 10296 36997 46803 10895 3692 140498 3010 15854 11471 4977 30818 41600 19898 43380 34676 30506 57034 48592 8532 64219 5281 8441 15012 193665 62300 34162 3314 5491 8559 3553 19152 5546 19531 30813 1199 10170 1823 1118467 2424 1616 2601
internal_value=-4.67328e-05 -0.000521525 -0.000207315 -0.0049829 0.0256026 0.000819309 0.00700632 0.0150543 -0.00370491 -0.036561 -0.00822388 0.000219895 0.00265111 0.00522842 -0.00475436 -0.0131272 -0.000410124 -0.00100132 0.00537989 -0.00100132 -0.00049199 -0.000649818 0.00723565 0.00352627 0.00496878 -0.0362056 -0.00108376 0.00537989 0.00537989 -0.0153823 -0.0103722 -0.014276 -0.0106391 -0.0268366 0.00537989 0.00415158 0.039813 -0.000913739 0.00172638 -0.000913739 -0.000913739 -0.000913739 0.00537989 -0.000475066 0.00537989 0.0042724 -0.0442223 -0.000913739 -0.000502702 -0.00100132 -0.000790366 0.00537989 0.0187348 0.0327633 -0.0303239 -0.0138112 -0.00691618 -0.00100132 -0.000913739 -0.0188533 -0.00592765 -0.00100132
internal_weight=563730 553486 548703 97085 10244.6 451618 39888.4 6633.93 93268.5 4782.85 34912.1 411730 93252.6 50627.6 22191.8 6762.84 42625 16693.5 33934.2 58356.4 318477 314668 5042.75 32291.9 29248.4 3816.49 15429 3809.26 37520.4 5580.78 2041.15 12720.3 7591.59 1845.49 26868.9 17845.5 1591.17 298655 30212.5 268443 264710 263438 3732.23 19274.4 35807.6 16012.6 3511.49 16779.4 15566.4 14671.8 13034.8 3726.15 338.466 2368.02 1698.65 1636.99 5850.68 2027.63 262359 1213 657.736 57439.3
internal_count=3532954 3287213 3113976 898723 245741 2215253 319935 114642 764147 173237 388929 1895318 426805 228979 217080 73204 197826 74276 154703 375218 1468513 1451911 76106 150075 135754 134576 143876 16602 267377 60552 16448 171849 82588 54403 124859 81479 38536 1379315 165946 1213369 1194573 1187967 18796 117354 251523 72596 144801 102342 94988 89497 79739 22705 8030 52558 50711 9758 51770 10355 1182686 7354 4040 365460
is_linear=0
shrinkage=0.05


Tree=67
num_leaves=63
num_cat=0
split_feature=0 0 0 1 0 1 1 9 9 1 10 8 11 9 10 10 10 9 9 8 10 8 10 8 10 10 12 10 11 11 9 9 1 12 8 10 8 8 8 11 10 8 10 9 10 1 10 8 9 9 8 9 9 9 12 10 10 1 9 1 11 10
split_gain=2554.77 2312.25 1230.65 1204.13 734.69 1508.74 392.249 342.765 411.171 339.812 303.647 287.366 232.63 231.272 244.974 222.083 264.575 180.922 239.03 170.448 196.972 374.662 140.235 139.046 136.55 123.058 372.923 286.904 191.21 180.131 153.003 133.447 121.691 120.211 194.772 119.9 118.923 159.752 116.158 113.713 171.827 174.686 199.137 134.239 126.522 112.049 110.031 102.487 171.474 119.463 160.304 121.139 149.905 200.423 128.267 192.161 113.019 102.881 101.024 99.0969 95.7052 95.0156
threshold=3.5000000000000004 -2.4999999999999996 1.5000000000000002 472.50000000000006 -1.0000000180025095e-35 540.50000000000011 1938.5000000000002 0.3380760401487351 0.3302708119153977 1830.5000000000002 0.24660515785217288 0.40625980496406561 -0.29511401057243342 0.33322560787200933 0.24660515785217288 0.22944547981023791 0.24212177842855456 0.32264570891857153 0.32579620182514196 0.609165519475937 0.20894466340541842 0.49739991128444677 0.19051928073167804 0.24668355286121371 0.24846510589122775 0.22868927568197253 4.5000000000000009 0.23608218133449557 -0.3297582864761352 1.9176578521728518 0.35194084048271185 0.34109005331993109 214.50000000000003 4.5000000000000009 0.54581108689308178 0.23608218133449557 0.65545433759689342 0.68115973472595226 0.43059198558330541 1.2939892411231997 0.21420419216156009 0.55339130759239208 0.22431967407464984 0.23056294023990634 0.23465987294912341 329.50000000000006 0.22598334401845935 0.29079855978488928 0.44334584474563604 0.34448260068893438 0.41564215719699865 0.3534794300794602 0.36824318766593939 0.3942102193832398 3.5000000000000004 0.23053456097841266 0.23131105303764346 1194.5000000000002 0.3340155184268952 1340.5000000000002 0.50802594423294078 0.17694552242755893
decision_type=2 2 2 2 2 2 2 2 2 2 2 2 2 2 2 2 2 2 2 2 2 2 2 2 2 2 2 2 2 2 2 2 2 2 2 2 2 2 2 2 2 2 2 2 2 2 2 2 2 2 2 2 2 2 2 2 2 2 2 2 2 2
left_child=1 9 4 32 5 45 11 8 12 -1 22 59 35 -6 -15 61 -17 -8 -19 20 -14 38 -9 -20 -25 -24 27 28 -27 30 -28 -30 -4 39 -35 46 -21 -38 -22 40 43 42 -42 -23 -44 -3 -5 -33 49 -49 51 -51 -53 57 55 -55 -56 -54 -10 -7 -39 -13
right_child=-2 2 3 7 13 6 17 10 58 -11 -12 15 19 14 -16 16 -18 18 23 36 21 33 25 24 -26 26 29 -29 31 -31 -32 47 -34 34 -36 -37 37 60 -40 -41 41 -43 44 -45 -46 -47 -48 48 -50 50 -52 52 53 54 56 -57 -58 -59 -60 -61 -62 -63
leaf_value=-0.04361337175535622 0.045259263050548698 -0.04361337175535622 0.045259263050548698 0.020317330871776007 0.0013695482875653872 -0.018674491193276584 0.0013695482875653872 0.045259263050548698 0.045259263050548698 -0.012797271813454109 0.032216757072974569 -0.012797271813454109 0.0013695482875653872 -0.00091716732349699241 0.0062229176810799595 -0.012797271813454109 -0.00091716732349699241 -0.012797271813454109 -0.012797271813454109 0.033314598291794971 0.045259263050548698 0.0062366319075507562 -0.00091716732349699241 -0.0010188437991316304 -0.012797271813454109 -0.00091716732349699241 -0.00091716732349699241 -0.00091716732349699241 0.045259263050548698 -0.00091716732349699241 0.042363565005004405 0.045259263050548698 0.028180660292226257 0.0013695482875653872 0.045259263050548698 0.0013695482875653872 0.0013695482875653872 0.0013695482875653872 0.0015059480179799298 0.04297956112869316 0.0013695482875653872 0.045259263050548698 0.041509831253033369 0.044731735014147594 0.0013695482875653872 -0.027067341793160268 0.045259263050548698 -0.00091716732349699241 -0.00091716732349699241 -0.00091716732349699241 0.045259263050548698 0.043162631447759198 0.039280282508010571 -0.00091716732349699241 0.045259263050548698 0.045259263050548698 -0.00091716732349699241 -0.00091716732349699241 0.022343253386562196 -0.0097439624621135767 0.043977072455829887 -0.00091716732349699241
leaf_weight=3410.6903137024492 3089.7900674398988 1884.2615424692631 1452.0237601846457 1379.6987175233662 204857.13520858251 5581.5329386796802 25935.6830490008 132.93103651888669 706.70296411216259 1213.9734935425222 747.59497375227511 515.40521551854908 3876.1886838432401 196483.55965883471 10259.173904037103 5469.5081858299673 1195.3394552245736 956.65882012248039 908.3180739544332 930.68203873001039 153.19219372794032 304.43234976939857 9804.2724449001253 29568.707817468792 912.5804504044354 736.9837970752269 229.59846095554531 3641.5513694807887 180.11969826370478 68.033674851059914 1093.650665005669 118.58248824253678 1843.4187430795282 664.75570444203913 182.74675743281841 258.10760297439992 344.39628084935248 104.60579195059836 8497.8400008250028 620.41575384512544 1343.4534476008266 242.04084859602153 531.67278881371021 887.409413093701 47.199536941945553 1802.143944196403 556.19278496317565 284.48027148470283 414.12677104212344 94.458345836028457 422.53074035234749 527.56254117563367 161.0655838791281 169.27095371112227 120.90097629651427 585.76784659549594 217.31418445706367 825.10095135122538 753.50775281339884 7014.0387412942946 365.81104415841401 14902.942185262218
leaf_count=146110 98314 79937 46094 14453 927511 96550 137008 1117 7568 27400 6225 3333 37388 921675 45742 60289 12799 6197 9802 10712 1488 2447 71804 215501 6500 5148 2883 25067 1460 857 12612 661 44692 9045 2899 2741 3896 1096 80629 6333 10824 2124 4496 7228 461 54421 5689 1932 2509 732 3258 3895 1553 1144 740 3931 1339 5296 7595 75572 4449 140530
internal_value=-7.37425e-05 -0.000324173 -3.06912e-05 0.00774388 -0.00074388 -0.00466694 -0.00342254 0.00552733 0.00975649 -0.0355287 0.000850851 -0.00763299 0.00799517 0.000177297 -0.000917167 -0.00417063 -0.0117965 -0.000917167 -0.00346827 0.00622292 0.00472399 0.00851306 0.000177297 -0.00237017 -0.00168991 -0.000682178 0.00466943 0.000740233 0.0114284 0.0286565 0.0345736 0.0162765 0.0368755 0.0196762 0.00257564 0.0234113 0.021112 0.00715043 0.00228652 0.0233192 0.0196731 0.0112691 0.00615874 0.0349124 0.031941 -0.0355287 0.0279278 0.0142185 0.0126869 0.017339 0.0205117 0.0159804 0.0193805 0.0133289 0.0281303 0.0395801 0.00252824 -0.000917167 0.0354146 -0.0127973 0.0314532 -0.000917167
internal_weight=562584 559494 554869 46622.4 508247 96647.1 92960.7 43327 22751.1 4624.66 20575.9 34678.8 21290.8 411600 206743 22083.2 6664.85 58281.9 32346.3 19096.8 17351.3 13475.2 19828.3 31389.6 30481.3 19695.4 9891.1 8499.82 4858.27 1391.28 1323.25 4121.28 3295.44 4824.13 847.502 2194 1745.5 814.813 8651.03 3976.62 3356.21 2164.37 1922.33 1191.84 578.872 3686.41 1935.89 3941.16 3822.58 3408.45 3123.97 2701.44 2606.98 2079.42 1093.25 755.039 338.215 986.167 1460.21 12595.6 470.417 15418.3
internal_count=3533701 3435387 3261877 468510 2793367 898439 764081 377724 223561 173510 154163 389073 208398 1894928 967417 216951 73088 375008 238000 185515 165362 127974 147938 231803 222001 146821 75017 58665 33598 16352 15495 28450 90786 45857 11944 22883 20153 9441 82117 33913 27580 17905 15781 9675 4957 134358 20142 26990 26329 23820 21888 18630 17898 14003 7154 5075 2079 6849 15163 172122 5545 143863
is_linear=0
shrinkage=0.05


Tree=68
num_leaves=63
num_cat=0
split_feature=0 0 0 1 0 1 0 1 1 0 9 9 9 0 10 8 11 8 10 10 8 10 9 9 10 8 8 8 8 10 10 8 8 9 1 8 8 11 9 1 9 11 8 10 10 11 1 10 8 8 10 11 10 10 11 9 11 10 1 11 9 10
split_gain=2391.9 2181.29 1102.28 1024.44 747.142 700.913 813.539 462.213 329.514 295.244 274.423 402.44 491.325 287.524 270.755 248.719 230.29 259.255 227.862 409.097 414.842 236.758 467.664 198.052 197.151 327.323 174.428 174.272 173.805 245.49 207.942 184.008 170.88 344.236 161.821 152.361 151.97 150.714 209.951 144.152 201.493 135.955 175.563 193.702 188.796 145.076 129.125 122.103 121.499 119.553 189.091 134.686 160.357 116.856 116.697 115.794 162.705 115.616 181.837 162.179 187.099 118.461
threshold=3.5000000000000004 -2.4999999999999996 1.0000000180025095e-35 451.50000000000006 -1.0000000180025095e-35 420.50000000000006 1.5000000000000002 1968.5000000000002 1380.5000000000002 -1.4999999999999998 0.3380760401487351 0.32093408703804022 0.32264570891857153 2.5000000000000004 0.25297999382019049 0.42156024277210241 -0.12135004252195357 0.42320542037487036 0.2233121916651726 0.21554413437843326 0.47784335911273962 0.17963672429323199 0.15266980975866321 0.30915527045726782 0.23388879746198657 0.44254073500633245 0.55064404010772716 0.4489418119192124 0.4489418119192124 0.23041371256113055 0.21719129383563998 0.43059198558330541 0.27788905799388891 0.52515390515327465 50.500000000000007 0.36525034904479986 0.39804874360561376 0.66384690999984752 0.30690142512321478 2340.5000000000005 0.33718366920948034 1.0463187098503115 0.4369830340147019 0.24268008023500445 0.23143360018730166 0.34787191450595861 17.500000000000004 0.23053456097841266 0.41477404534816747 0.5077456831932069 0.23388879746198657 0.21122834831476214 0.23546514660120013 0.2181932404637337 -0.59691229462623585 0.32850436866283422 0.46017353236675268 0.23665707558393481 1729.5000000000002 0.30169540643692022 0.26938365399837499 0.21738760173320773
decision_type=2 2 2 2 2 2 2 2 2 2 2 2 2 2 2 2 2 2 2 2 2 2 2 2 2 2 2 2 2 2 2 2 2 2 2 2 2 2 2 2 2 2 2 2 2 2 2 2 2 2 2 2 2 2 2 2 2 2 2 2 2 2
left_child=1 8 3 4 -3 6 46 9 -1 15 11 13 24 18 27 -5 17 -14 19 21 37 22 -7 -23 -13 -26 58 -12 29 -19 -30 -31 33 -9 -6 -16 -37 -21 -39 41 -41 42 43 -18 45 -44 -4 -47 -36 50 -11 52 -52 -43 -33 -45 -57 -15 -22 61 -61 -60
right_child=-2 2 5 7 34 10 -8 32 -10 49 14 12 16 57 35 -17 39 28 -20 20 26 23 -24 -25 25 -27 -28 -29 30 31 -32 54 -34 -35 48 36 -38 38 -40 40 -42 53 44 55 -46 47 -48 -49 -50 -51 51 -53 -54 -55 -56 56 -58 -59 59 60 -62 -63
leaf_value=-0.047238671720300426 0.04487448766034436 -0.035041666972087472 0.038194995757254324 -0.019884758754836189 -0.035041666972087472 0.00012119988361532981 0.038194995757254324 -0.019884758754836189 -0.019884758754836189 -0.0048076353115567277 0.00012119988361532981 0.04487448766034436 0.00012119988361532981 0.021871758349418395 0.00012119988361532981 -0.0048076353115567277 0.00012119988361532981 0.04487448766034436 0.00012119988361532981 0.00012119988361532981 0.021871758349418395 0.00012119988361532981 0.018449454926760363 0.018449454926760363 0.04487448766034436 0.00012119988361532981 0.00012119988361532981 0.04487448766034436 0.04487448766034436 0.04487448766034436 0.00012119988361532981 0.037456020683086802 0.00012119988361532981 -0.00013092302568023368 -0.014714219373867547 0.04487448766034436 0.00012119988361532981 0.00012119988361532981 0.018449454926760363 0.00012119988361532981 0.04487448766034436 0.04487448766034436 0.00045219999459827773 0.04487448766034436 0.04487448766034436 0.031605981451096783 0.0068180950570468565 0.00012119988361532981 -0.0023378316716218552 0.00012119988361532981 0.00012119988361532981 0.00012119988361532981 -0.0048076353115567277 0.00012119988361532981 0.00012119988361532981 0.04487448766034436 0.00012119988361532981 0.00012119988361532981 0.0035823838758528622 0.021821774986875479 0.00012119988361532981 0.021871758349418395
leaf_weight=2470.204360387288 2955.2934937085956 2764.5871649766341 251.93735817819834 3551.1634540334344 457.89765325188637 1426.0229394547641 2814.1797878388315 2633.3784823901951 1989.9293209332973 51107.19851616025 86376.190552258864 822.03338726609945 302.6862997636199 2616.0318366009742 118.49601032212377 4303.8074957551435 1676.9217346087098 972.78393752127886 28651.470764391124 2375.6097732000053 4047.9028077088296 25628.093601662666 1723.8382648341358 747.17198644205928 378.28782455809414 169.82064163312316 943.03195185959339 86.581703875213861 207.39984891563654 420.63105904310942 300.14184983074665 230.46981362812221 237233.10301155597 5789.0237191431224 3331.4537996444851 431.65914315544069 97.809456096962094 287.98331775516272 789.47064214199781 3488.2141653001308 181.31390621513128 118.06948849745095 903.39229688234627 226.28259517252445 550.04863659106195 1217.5559238605201 9695.8605718500912 70.493556670844555 4898.1524961739779 21489.579528946429 3015.3255326468498 11214.831347297877 12017.044994667172 1206.8873509466648 720.76719215512276 195.19570407271385 219.93463820964098 208.13146881014109 925.23969764262438 1065.3096098452806 1857.5640531852841 2275.7416667491198
leaf_count=120583 98183 112192 4716 81859 12637 9525 82314 17830 52395 330464 426740 5518 1738 54035 621 73356 9535 6234 145590 12089 25888 148196 11383 4148 2326 1074 5617 446 1410 2345 1926 1542 1124290 37885 32218 2461 540 1589 4469 18451 899 1062 5837 1485 3677 8400 62467 345 41877 106370 19043 66901 76828 9370 4308 1187 1229 3835 4505 6091 9079 11210
internal_value=1.8483e-05 -0.000219042 6.14575e-05 -0.00155065 -0.0162672 0.00314793 0.0144649 -0.00107229 -0.0350417 -0.00382007 0.00233307 0.00426696 0.0118725 0.0027995 0.000331733 -0.0131495 0.00891455 0.0206982 0.00219168 0.00459239 0.0114485 0.00120928 0.014226 0.0001212 0.0403618 0.0140181 0.0162911 0.0001212 0.0264934 0.0322338 0.0001212 0.0180135 0.0001212 -0.0070003 -0.00896951 0.0325091 0.0448576 0.0001212 0.0184495 0.00521535 0.0001212 0.00998514 0.0139027 0.00377211 0.0224652 0.0158166 0.00774857 0.0265839 -0.00734914 -0.00307855 -0.0039954 -0.000340532 -0.00465061 0.0001212 0.00581767 0.0284396 0.0114458 0.0184495 0.0182477 0.0120681 0.00355093 0.0198417
internal_weight=561243 558287 553827 363807 11452.1 190021 12762 352354 4460.13 106699 177259 90147.9 14579.3 75568.6 87110.7 7854.97 13209.2 3154.88 72744.5 44093 14567.9 29525.1 3149.86 26375.3 1370.14 548.108 11114.8 86462.8 2852.19 2344.65 507.542 1371.87 245656 8422.4 8687.5 647.965 529.469 3453.06 1077.45 10054.3 3669.53 6384.78 5059.83 2318.33 2741.49 2191.44 9947.8 1288.05 8229.61 98844 77354.4 26247.2 15032.4 1324.96 951.237 641.413 415.13 2824.16 10171.8 6123.86 2922.87 3200.98
internal_count=3532363 3434180 3261202 2133750 198924 1127452 149497 1934826 172978 754821 977955 547147 89898 457249 430808 155215 80980 19503 399379 253789 80537 173252 20908 152344 8918 3400 62390 427186 17765 14429 3336 8195 1180005 55715 86732 3622 3001 18147 6058 61477 19350 42127 31695 13436 18259 14582 67183 8745 74095 599606 493236 162772 95871 10432 5850 3901 2416 57870 56773 30885 15170 15715
is_linear=0
shrinkage=0.05


Tree=69
num_leaves=63
num_cat=0
split_feature=0 0 0 1 0 1 1 9 8 1 8 1 9 9 10 10 10 10 10 10 10 0 1 1 1 8 9 9 9 10 1 10 0 9 8 8 9 10 10 8 10 8 9 9 9 8 9 9 10 10 8 1 8 8 8 8 8 12 8 9 9 9
split_gain=2253.5 2055.54 1056.53 1046.32 605.306 1375.85 336.713 296.106 416.964 291.408 300.689 230.116 183.265 174.343 250.941 319.278 243.058 187.212 178.945 174.737 194.774 168.351 166.591 145.296 144.807 128.22 105.382 98.1709 195.449 119.141 97.4603 97.1438 96.598 88.4495 86.5176 177.297 141.864 213.72 138.099 118.562 100.491 110.102 81.4562 80.5037 264.052 113.568 78.5084 201.954 88.9868 77.1841 77.1126 74.6485 134.87 140.367 142.276 131.077 187.375 71.6494 70.0968 57.0597 223.518 58.894
threshold=3.5000000000000004 -2.4999999999999996 1.5000000000000002 502.50000000000006 -1.0000000180025095e-35 621.50000000000011 1819.5000000000002 0.4151990413665772 0.35915148258209234 2629.5000000000005 0.38795933127403265 1669.5000000000002 0.26678894460201269 0.20990382134914401 0.21752139925956729 0.21194376796483996 0.22289190441370013 0.23388879746198657 0.1970353573560715 0.22944547981023791 0.2257240638136864 2.5000000000000004 339.50000000000006 1580.5000000000002 206.50000000000003 0.70673567056655895 0.23499774187803271 0.40693396329879766 0.43295334279537206 0.23198642581701281 1729.5000000000002 0.24612163752317431 2.5000000000000004 0.25834909081459051 0.44519373774528509 0.48019985854625707 0.27148680388927465 0.20894466340541842 0.2233121916651726 0.56662777066230785 0.24326356500387195 0.43212392926216131 0.16089829802513125 0.39328366518020635 0.40332494676113134 0.36890326440334326 0.3380760401487351 0.3302708119153977 0.23170979321002963 0.24390045553445819 0.43212392926216131 1230.5000000000002 0.31799848377704626 0.3415034711360932 0.37921610474586492 0.29079855978488928 0.252724438905716 5.5000000000000009 0.40625980496406561 0.32445858418941503 0.32093408703804022 0.30598290264606481
decision_type=2 2 2 2 2 2 2 2 2 2 2 2 2 2 2 2 2 2 2 2 2 2 2 2 2 2 2 2 2 2 2 2 2 2 2 2 2 2 2 2 2 2 2 2 2 2 2 2 2 2 2 2 2 2 2 2 2 2 2 2 2 2
left_child=1 6 4 24 5 22 51 8 -5 10 23 21 -6 -12 15 18 -16 19 -15 20 58 34 -3 52 -4 43 -24 31 -29 -30 -21 -25 -26 -22 40 -36 37 39 -39 -37 -10 -42 -41 46 45 -45 47 50 -49 -50 -13 -1 55 -54 -55 56 -7 -19 -18 60 61 -52
right_child=-2 2 3 7 12 9 -8 -9 11 -11 13 25 -14 14 16 -17 17 57 -20 30 33 -23 26 27 32 -27 -28 28 29 -31 -32 -33 -34 -35 35 36 -38 38 -40 42 41 -43 -44 44 -46 -47 -48 48 49 -51 59 -53 53 54 -56 -57 -58 -59 -60 -61 -62 -63
leaf_value=-0.048686814622855012 0.044456731908134206 -0.043312141008123563 0.044456731908134206 0.041437660275655069 0.0026010202463815453 0.00013969377914795065 -0.012224887108036004 0.00013969377914795065 0.0026010202463815453 0.00013969377914795065 0.0026010202463815453 0.044456731908134206 0.00013969377914795065 -0.012224887108036004 0.00013969377914795065 -0.012224887108036004 0.00013969377914795065 0.00013969377914795065 0.00013969377914795065 -0.025400658856911375 -0.012224887108036004 0.022559558547302419 0.0026010202463815453 -0.012224887108036004 0.019964890636820262 0.044456731908134206 -0.02662964155234427 0.00013969377914795065 -0.012224887108036004 0.00013969377914795065 -0.011560492226448688 0.00013969377914795065 0.044456731908134206 0.00013969377914795065 0.022559558547302419 0.0026010202463815453 0.00013969377914795065 0.022559558547302419 0.0026010202463815453 0.0026010202463815453 0.022559558547302419 0.0026010202463815453 0.022181115778864099 0.0026010202463815453 0.00013969377914795065 0.044456731908134206 0.00013969377914795065 0.044456731908134206 0.0026010202463815453 0.044456731908134206 0.0026010202463815453 -0.03204770755234506 -0.03204770755234506 -0.010359577362482606 -0.03204770755234506 0.00013969377914795065 -0.03204770755234506 -0.012224887108036004 -0.012224887108036004 0.00013969377914795065 0.040818014627378454 0.012177458677820753
leaf_weight=2110.9583339374512 2824.8800677917898 1847.6438859272748 1263.4798664562404 867.58231699280441 75626.743656933308 468.81666303612292 1207.7795214094222 6790.4371345955878 5198.8257201984525 29101.014497339725 3822.9877100531012 84.307139649987221 335547.18200338073 866.78643967583776 6066.2869308665395 5084.1575904302299 364.63668948411942 9717.9133340399712 5420.3748870957643 2150.2163763567805 323.81356260366738 2543.7952493373305 203.40539853461087 3280.2579874433577 1615.3009533509612 135.80032128468156 2222.7826833296567 2586.6474279090762 4727.9744099378586 777.62651172652841 3120.4904046878219 584.30872206389904 482.93269516527653 4309.0370410047472 2374.3620990663767 522.62741830199957 1443.0322138145566 1312.2581742815673 365.89299413561821 264.30612210184336 644.18391029164195 61.752400353550911 1307.044634219259 144.77715823054314 523.94557048380375 435.54520323872566 5804.5823014378548 370.34846998751163 288.2561552785337 79.598762478679419 8193.2759286984801 1003.7533936481923 1025.398130685091 2365.6536890640855 629.07527756690979 887.06943682208657 678.8520487640053 285.90398978255689 3062.8560183364898 680.43856085836887 407.01520691812038 1626.0391575954854
leaf_count=110963 97952 83974 43565 6791 348639 7893 28220 47001 41020 172937 21177 671 1546428 5913 49831 41215 3903 85595 38762 26009 2236 59799 4669 28322 32865 1446 65023 22495 47787 6928 21767 4829 19764 38570 22119 4659 13257 12442 3371 2673 5693 570 12611 852 3058 2738 35912 3463 2487 698 66415 34241 16337 36023 9860 14380 11418 4860 25472 5321 3300 12897
internal_value=-8.05557e-05 -0.000306385 -3.78846e-05 0.00723215 -0.000694891 -0.00427011 -0.0346483 0.00510624 0.00721839 -0.00297762 -0.00494663 0.00636441 0.000139694 -0.00274436 -0.00387525 -0.0101823 -0.00143565 -0.00526086 -0.000627234 -0.00914021 -0.00386158 0.0107625 -0.0319971 -0.0103988 0.0340802 0.00260688 -0.0233659 -0.00720214 -0.00400187 -0.0105348 -0.0122249 -0.0122249 0.0258591 0.000139694 0.00853713 0.0120682 0.00689935 0.0126762 0.0225596 0.00260102 0.00399722 0.0218798 0.0163639 0.00260102 0.0161731 0.0404427 0.00260102 0.00449792 0.0297958 0.0122194 0.00279626 -0.0433367 -0.0167093 -0.0220174 -0.0161567 -0.00621599 -0.0187513 -9.08441e-05 -0.0122249 0.00260102 0.0045561 0.00304902
internal_weight=560135 557310 552988 45831.7 507156 95982 4322.49 42470 35679.6 91708.2 62607.1 34812 411174 44595.5 40772.5 11371.3 29401.2 23334.9 6287.16 13331.1 8060.34 16038.1 4273.83 18011.7 3361.71 18773.9 2426.19 11956.8 8092.25 5505.6 5270.71 3864.57 2098.23 4632.85 13494.3 7589.52 5215.16 3772.13 1678.15 2093.98 5904.76 705.936 1571.35 18638.1 1104.27 580.322 17533.9 11729.3 738.203 367.855 10991.1 3114.71 6054.87 4020.13 2994.73 2034.74 1147.67 10003.8 3427.49 10906.8 10226.3 9819.32
internal_count=3532086 3434134 3260710 467458 2793252 898185 173424 371264 324263 744519 571582 317472 1895067 365310 344133 85890 258243 208412 44675 117957 70181 178214 153666 206272 96194 139258 69692 110361 77210 54715 47776 33151 52629 40806 118415 71132 49013 35756 15813 19943 47283 6263 15284 137812 6648 3590 131164 95252 6648 3185 88604 145204 95911 62220 45883 33691 19311 90455 29375 87933 82612 79312
is_linear=0
shrinkage=0.05


Tree=70
num_leaves=63
num_cat=0
split_feature=0 0 0 1 0 1 1 1 9 9 10 9 9 10 10 10 8 12 10 9 9 1 9 8 8 10 10 10 1 9 8 10 10 10 9 9 10 0 10 9 9 10 9 8 8 9 1 8 9 9 0 10 8 10 10 8 8 10 12 10 10 8
split_gain=2132.4 1906.54 889.473 1044.01 543.725 1267.63 321.164 312.904 287.448 357.67 253.366 235.022 227.049 208.865 217.357 199.529 188.907 178.054 159.532 139.175 330.535 130.102 129.828 220.836 152.455 191.683 153.094 126.465 125.417 123.733 275.423 160.398 173.255 120.886 118.159 116.237 113.076 109.513 102.544 115.039 177.631 102.394 92.4312 86.446 84.703 111.852 83.721 80.8885 78.3965 75.6252 73.7359 73.1079 148.121 72.3658 87.2105 71.7696 71.7325 83.505 66.3584 112.706 119.782 65.7359
threshold=3.5000000000000004 -2.4999999999999996 1.5000000000000002 472.50000000000006 -1.0000000180025095e-35 540.50000000000011 1938.5000000000002 1380.5000000000002 0.3380760401487351 0.3302708119153977 0.24110610783100131 0.38589408993721014 0.26678894460201269 0.22944547981023791 0.23388879746198657 0.25167453289031988 0.24668355286121371 2.5000000000000004 0.24293175339698794 0.25309312343597418 0.26267747581005102 299.50000000000006 0.40693396329879766 0.35563290119171148 0.31977939605712896 0.22545928508043292 0.21956252306699756 0.17694552242755893 206.50000000000003 0.20990382134914401 0.51349624991416942 0.21027474105358127 0.1970353573560715 0.1954138055443764 0.23499774187803271 0.3340155184268952 0.19051928073167804 2.5000000000000004 0.24846510589122775 0.32579620182514196 0.29643437266349798 0.20129771530628207 0.33718366920948034 0.39685180783271795 0.36166779696941381 0.40216137468814855 1194.5000000000002 0.55953550338745128 0.30915527045726782 0.38166438043117529 2.5000000000000004 0.20894466340541842 0.55953550338745128 0.22255443781614306 0.24533988535404208 0.40150643885135656 0.40625980496406561 0.24212177842855456 3.5000000000000004 0.23104770481586459 0.21066060662269595 0.30652734637260443
decision_type=2 2 2 2 2 2 2 2 2 2 2 2 2 2 2 2 2 2 2 2 2 2 2 2 2 2 2 2 2 2 2 2 2 2 2 2 2 2 2 2 2 2 2 2 2 2 2 2 2 2 2 2 2 2 2 2 2 2 2 2 2 2
left_child=1 7 4 28 5 21 11 -1 9 37 36 13 -6 27 43 -14 -8 18 55 -18 -21 -3 -13 24 25 26 33 -7 -4 -29 49 32 -32 -24 -23 -11 -10 51 39 40 -16 -22 53 -15 45 -19 -39 -48 -40 -31 -30 -5 -53 -37 -55 -12 -46 -58 -43 60 -60 -35
right_child=-2 2 3 8 12 6 16 -9 10 35 17 22 15 14 38 -17 19 44 -20 20 41 34 23 -25 -26 -27 -28 29 50 30 31 -33 -34 61 -36 42 -38 46 48 -41 -42 58 -44 -45 56 -47 47 -49 -50 -51 -52 52 -54 54 -56 -57 57 -59 59 -61 -62 -63
leaf_value=-0.046414760243010986 0.044170698533268424 -0.044830918883548898 0.044170698533268424 0.0027096144099925793 0.0027096144099925793 -0.018959392910787694 -0.018959392910787694 -0.018959392910787694 0.044170698533268424 0.044170698533268424 0.044170698533268424 -0.018959392910787694 -0.00046835381404210447 -0.00046835381404210447 -0.00046835381404210447 0.0070134789713202474 0.0027096144099925793 0.0070134789713202474 0.0070134789713202474 -0.018959392910787694 -0.018959392910787694 0.0027096144099925793 -0.00046835381404210447 -0.00046835381404210447 -0.018959392910787694 -0.018959392910787694 -0.00046835381404210447 0.0027096144099925793 0.020912054590087301 -0.00046835381404210447 -0.018959392910787694 -0.018959392910787694 -0.00046835381404210447 -0.018959392910787694 -0.029164844802290493 0.044170698533268424 -0.00046835381404210447 0.031104768397819213 -0.00046835381404210447 -0.00046835381404210447 -0.018959392910787694 -0.00046835381404210447 0.044170698533268424 -0.018959392910787694 0.044170698533268424 0.039977262437544056 0.0070134789713202474 0.027894197053811437 -0.018959392910787694 -0.018959392910787694 0.044170698533268424 0.0070134789713202474 0.027894197053811437 -0.00046835381404210447 0.044170698533268424 0.0070134789713202474 -0.00046835381404210447 0.035686271426052109 -0.00046835381404210447 -0.00046835381404210447 -0.018959392910787694 -0.00046835381404210447
leaf_weight=2265.2583472048864 2718.6996138468385 1532.0787378856912 1213.988520713523 5026.7065953910351 75474.448675274849 520.00383789092302 884.44916267693043 1918.5630900282413 126.47018823213875 664.98952126502991 234.01905985921621 2317.0636278428137 331960.90934113599 223.04131588339806 584.98196816444397 3797.8690621796995 8820.5809053182602 65.803431440144777 910.07211478427052 1679.4783804565668 250.89148350432515 151.17210832238197 232.17831816896796 634.4848157800734 2652.6089012175798 1016.6839658040553 644.98844630271196 1626.4977414514869 1370.6017164643854 9144.0764175839722 472.17388469167054 2257.3369406498969 1872.5968498960137 1280.9587078671902 1688.495876419358 81.017528226599097 17837.091992773116 744.38780194707215 49.477688366547227 3841.4134144112468 1287.4352258946747 44514.522941078991 142.02986679598689 2654.5805492885411 532.03971061296761 258.36955793015659 1668.5026438347995 578.9002890214324 447.62161210738122 166.48024854436517 417.31878370419145 12254.395333502442 577.13275384530425 432.09294273331761 72.214297702535987 120.76787200570107 46.928683245554566 225.39786571450531 138.05204313993454 676.95348275825381 1194.2919996418059 132.70105723291636
leaf_count=121029 98261 73123 43647 42761 347985 3369 9701 52394 1083 7610 1393 31736 1530741 3258 5730 16570 41422 658 5491 9635 1812 4157 3357 8603 38093 15482 9557 10679 29430 96250 3929 20814 15844 19610 57632 947 133086 25585 515 47007 14131 292527 1519 30686 5848 2769 26640 9872 5257 2400 17878 99136 4649 4333 835 763 358 2342 1064 6907 11991 1956
internal_value=4.98821e-06 -0.000210814 4.38803e-05 0.00673247 -0.000557935 -0.0039547 -0.0028535 -0.0338322 0.00472373 0.00865289 0.000430447 -0.00670923 0.000231644 -0.00423642 -0.0102931 -0.000325379 -0.000595424 0.0165067 0.00701348 -0.000468354 -0.001462 -0.0338322 -0.013686 -0.00964042 -0.0140954 -0.00639219 -0.000468354 -0.000808266 0.035227 -0.000468354 -0.00278316 -0.013344 -0.00369592 -0.0160135 -0.0250762 0.03318 0.000231644 0.00701348 -0.00490843 -0.00284964 -0.0135379 -0.000661169 0.0190165 -0.0189594 0.0312037 0.00958815 0.0165789 0.0117559 -0.0189594 -0.000468354 0.0265459 0.00701348 0.00701348 0.00976948 0.00701348 0.0411911 0.0398924 0.0173905 -0.000468354 -0.00955263 -0.0187917 -0.0189594
internal_weight=559327 556609 552425 45601.2 506824 95590.4 92218.6 4183.82 42599.3 22242.4 20357 34059.4 411233 25147.7 9088.55 335759 58159.2 2393.4 1264.86 57274.8 48454.2 3371.75 8911.67 6594.6 5960.12 3307.51 2290.83 16059.2 3001.91 15539.2 13912.7 4602.11 2344.77 1645.84 1839.67 1392.34 17963.6 20850 6210.93 5713.83 1872.42 46774.7 727.355 2877.62 1128.54 324.173 2991.79 2247.4 497.099 9310.56 1787.92 17858.2 12831.5 585.325 504.307 354.787 804.366 272.327 46523.8 2009.3 1332.34 1413.66
internal_count=3533847 3435586 3262163 468633 2793530 898234 763322 173423 377678 223887 153791 388263 1895296 259869 106584 1547311 375059 19622 7647 365358 323936 134912 128394 96658 88055 49962 34480 153285 90955 149916 139237 40587 19773 24923 61789 15244 134169 208643 72640 66868 19861 314301 7634 33944 11975 3427 62097 36512 5772 98650 47308 146546 103785 6115 5168 2156 8548 2700 312489 19962 13055 21566
is_linear=0
shrinkage=0.05


Tree=71
num_leaves=63
num_cat=0
split_feature=0 0 0 1 0 1 0 1 1 1 0 1 10 9 10 9 10 10 10 10 10 10 12 11 10 1 9 9 9 9 9 10 10 10 10 11 12 10 10 10 10 10 9 9 11 10 9 9 9 1 9 0 9 9 10 10 9 9 11 0 9 10
split_gain=2005.81 1752.75 820.555 856.393 662.131 598.931 646.613 339.657 330.348 317.392 265.593 291.347 207.091 578.435 238.755 201.73 237.75 729.159 306.184 404.613 286.767 362.69 222.863 220.816 254.754 190.621 190.26 188.524 334.94 251.958 223.08 295.584 209.915 235.792 185.192 176.296 224.538 156.823 419.258 303.792 301.888 237.919 363.838 205.705 188.884 180.214 151.906 151.779 150.306 144.528 143.589 134.271 132.58 508.66 335.777 258.088 129.705 129.683 128.355 126.51 159.605 141.904
threshold=3.5000000000000004 -2.4999999999999996 1.0000000180025095e-35 770.50000000000011 -1.0000000180025095e-35 1011.5000000000001 2.5000000000000004 1380.5000000000002 2910.5000000000005 339.50000000000006 1.5000000000000002 268.50000000000006 0.17963672429323199 0.15266980975866321 0.17251890897750857 0.3879420012235642 0.21752139925956729 0.2164660915732384 0.22289190441370013 0.2233121916651726 0.21066060662269595 0.21487829089164737 1.5000000000000002 -0.86735320091247547 0.21684378385543826 80.500000000000014 0.34384369850158697 0.36824318766593939 0.35653373599052435 0.36119578778743749 0.36473333835601812 0.22796162217855456 0.24390045553445819 0.24293175339698794 0.17694552242755893 -0.047598851844668381 3.5000000000000004 0.22557690739631656 0.22474194318056109 0.22844710946083072 0.23388879746198657 0.23254007846117022 0.34546682238578802 0.33949495851993566 -0.51530927419662464 0.22868927568197253 0.36183726787567144 0.16089829802513125 0.16089829802513125 17.500000000000004 0.39730471372604376 -3.4999999999999996 0.29552344977855688 0.32093408703804022 0.23562281578779223 0.24160283803939822 0.22264148294925692 0.27550190687179571 -0.72600415349006642 -1.0000000180025095e-35 0.28536857664585119 0.22933929413557055
decision_type=2 2 2 2 2 2 2 2 2 2 2 2 2 2 2 2 2 2 2 2 2 2 2 2 2 2 2 2 2 2 2 2 2 2 2 2 2 2 2 2 2 2 2 2 2 2 2 2 2 2 2 2 2 2 2 2 2 2 2 2 2 2
left_child=1 7 3 4 9 6 10 -1 15 -3 49 -12 13 -7 48 16 17 20 -18 -20 34 22 26 24 -17 -6 57 28 32 -30 -31 -32 33 37 47 -25 -37 38 44 -39 41 42 45 -43 -21 -41 -23 -5 -15 -4 -38 -9 -42 54 -54 -56 -27 -22 -11 60 -47 -62
right_child=-2 2 5 8 25 12 -8 51 -10 58 11 -13 -14 14 -16 23 18 -19 19 27 21 46 -24 35 -26 56 -28 -29 29 30 31 -33 -34 -35 -36 36 50 39 -40 40 52 43 -44 -45 -46 59 -48 -49 -50 -51 -52 -53 53 -55 55 -57 -58 -59 -60 -61 61 -63
leaf_value=-0.046406715240036166 0.043777437477401315 -0.043065612969253216 0.037897641756053868 -0.017370061884353191 -0.031784609597884594 0.0012011244607111199 0.037897641756053868 -0.046921341372249604 0.0012011244607111199 -0.034314023252328171 0.037897641756053868 0.011308033300726772 0.0012011244607111199 0.036613022495113993 0.043777437477401315 0.0012011244607111199 0.0012011244607111199 -0.017370061884353191 -0.017370061884353191 -0.017370061884353191 -0.012293943471834788 0.0012011244607111199 -0.017370061884353191 -0.00012707617720204286 -0.017370061884353191 0.0042834667705617087 -0.017370061884353191 0.0012011244607111199 -0.017370061884353191 0.0012011244607111199 0.0012011244607111199 -0.017370061884353191 0.0012011244607111199 -0.017370061884353191 0.0012011244607111199 -0.0088733143696319763 -0.017370061884353191 0.0012011244607111199 -0.017370061884353191 -0.017370061884353191 0.0012011244607111199 -0.017370061884353191 -0.017370061884353191 0.0012011244607111199 0.0012011244607111199 0.0012011244607111199 -0.017370061884353191 0.0012011244607111199 0.0012011244607111199 0.0042834667705617087 0.0012011244607111199 -0.017370061884353191 0.0012011244607111199 0.0012011244607111199 -0.017370061884353191 0.0012011244607111199 -0.0062144481977187433 0.0012011244607111199 -0.013138392230794483 0.0012011244607111199 0.0012011244607111199 -0.017370061884353191
leaf_weight=2180.7872688509524 2598.5979732070118 1697.7464345600456 245.7487970739603 1895.0350353959948 676.43001023493707 1316.5885369684547 1737.926241369918 383.73212252743542 127778.91711222753 904.13493324909359 946.79833507910371 7104.6734619997442 145701.50156161562 343.46860002167523 962.09437728486955 2082.8843875676394 19492.400623733178 3833.0440383385867 1632.9390821680427 824.09303643554449 1786.3977647051215 4387.4722948484123 6198.5212581455708 21193.791540747508 4144.7839612737298 1747.0956749469042 377.39619153738022 13608.236208735034 3383.2336309608072 2447.828887751326 455.7995299063623 2271.9641540497541 6813.3795298598707 1351.8161635100842 26767.268110319972 19217.116901554167 771.59839476831257 10206.455444974825 2874.8861183524132 641.07274517789483 3681.3637819215655 4232.5279919933528 1551.9873858410865 1025.8630231227726 3333.4632977638394 723.69412792474031 340.56451432965696 1157.6295723840594 281.64186135679483 30281.303771287203 4238.4171511866152 1490.3664799332619 1560.5420495513827 12345.366095814854 3905.5831572990865 503.93065338209271 16624.162728518248 1443.7908286899328 3432.4967942191288 7992.5108285993338 598.2512527666986 2430.4254374392331
leaf_count=121760 97872 83807 4773 8489 18384 9573 72392 12930 576018 25169 29899 85708 754045 2361 6809 18117 106242 20558 9157 5388 8121 23287 35326 149379 37582 9116 2238 83528 20506 15509 2647 14092 37530 7833 129707 118765 5504 55287 15994 3538 18211 22670 9438 6209 16998 5247 2213 5149 1880 159743 32356 39156 8157 70315 20885 2711 118037 6853 83259 33523 4480 19582
internal_value=-4.01444e-05 -0.000245176 -4.33475e-06 -0.00139647 -0.01031 0.00266751 0.0080724 -0.0329941 -0.000734026 -0.0247419 0.00672786 0.0148055 0.00120112 0.0145515 0.0363651 -0.00195549 -0.00106909 -0.00399731 0.000214972 -0.0019053 -0.00202766 -0.00778612 -0.0133648 -0.00466837 -0.0134969 -0.00573685 -0.00329601 -0.00140267 -0.00257754 -0.0118879 -0.00427669 -0.0149637 -0.00138086 -0.00282434 0.000779163 -0.00345762 -0.00637104 -0.00231795 -0.00932029 -0.00135973 -0.00395828 -0.00854006 -0.00511953 -0.0173701 0.00120112 -0.00180296 0.00120112 -0.0111825 0.0106752 0.00459698 0.00120112 -0.0173701 4.03895e-05 -0.00323892 -0.015335 -0.0173701 -0.00477609 0.00120112 -0.0175601 -0.000225283 -0.00831894 -0.0144188
internal_weight=558162 555563 551508 362586 25082.1 188922 40316.5 4054.89 337504 6034.38 38578.5 8051.47 148605 2903.79 1587.2 209725 158077 48187.1 109890 90397.2 44354.1 14534.1 9806.11 51648.6 6227.67 19047.7 3607.58 88764.3 75156 8558.83 5175.59 2727.76 66597.2 59783.8 29819.9 45420.9 24227.1 58432 7032.44 51399.6 41193.1 19196.3 13937.9 5258.39 4157.56 12386 4728.04 3052.66 625.11 30527.1 5010.02 1874.1 21996.8 18315.4 5970.06 4409.51 18371.3 3230.19 4336.63 11744.9 3752.37 3028.68
internal_count=3532012 3434140 3260294 2133111 337772 1127183 352515 173846 1795339 192235 280123 115607 774668 20623 11050 1219321 857618 241941 615677 509435 221383 78038 52538 361703 55699 145537 17212 500278 416750 52754 32248 16739 363996 326466 143345 306004 156625 318633 38380 280253 224966 104687 75808 28879 22386 66370 25500 13638 4241 164516 37860 52086 120279 102068 31753 23596 127153 14974 108428 62832 29309 24062
is_linear=0
shrinkage=0.05


Tree=72
num_leaves=63
num_cat=0
split_feature=0 0 0 2 2 0 0 2 8 8 10 9 8 11 9 8 8 8 8 9 10 10 10 12 10 10 8 9 8 11 8 10 10 10 9 12 8 8 9 9 8 0 10 8 8 10 10 10 10 8 9 10 9 9 0 12 9 10 8 9 8 10
split_gain=1907.03 1690.88 767.708 704.202 520.949 588.13 427.292 301.95 234.894 222.01 258.373 269.733 262.931 214.215 272.521 211.126 250.676 203.629 524.715 196.117 191.922 191.421 341.02 272.124 294.794 599.384 551.015 486.463 364.102 268.667 258.095 271.004 208.115 541.614 205.499 183.259 181.046 174.273 164.526 168.134 163.192 161.662 160.73 202.856 142.356 160.653 182.132 149.928 140.335 205.901 253.035 139.798 898.685 138.883 138.234 135.592 183.842 135.437 131.527 131.42 225.975 127.805
threshold=3.5000000000000004 -2.4999999999999996 1.0000000180025095e-35 2.5000000000000004 2.5000000000000004 2.5000000000000004 -1.4999999999999998 2.5000000000000004 0.70673567056655895 0.57808911800384533 0.21752139925956729 0.53810203075408947 0.5077456831932069 -0.58230644464492787 0.38072577118873602 0.70673567056655895 0.66708189249038707 0.44098128378391271 0.44034637510776525 0.36119578778743749 0.2164660915732384 0.23346950113773349 0.23266435414552691 1.0000000180025095e-35 0.22218484431505206 0.22401636093854907 0.30878235399723059 0.37090700864791876 0.42320542037487036 -0.67393022775650013 0.4369830340147019 0.23776898533105853 0.21842505037784579 0.21392750740051272 0.48981106281280523 1.0000000180025095e-35 0.49985919892787939 0.57808911800384533 0.3534794300794602 0.30690142512321478 0.43866007030010229 1.5000000000000002 0.23318386822938922 0.37821100652217871 0.43135935068130499 0.22126312553882602 0.22965607047080996 0.23211316019296649 0.22919906675815585 0.43628826737403875 0.34813758730888372 0.23813579231500628 0.30770036578178411 0.38671813905239111 -3.4999999999999996 4.5000000000000009 0.3159004300832749 0.22445815801620486 0.29661081731319433 0.40581774711608892 0.33093890547752386 0.22232254594564441
decision_type=2 2 2 2 2 2 2 2 2 2 2 2 2 2 2 2 2 2 2 2 2 2 2 2 2 2 2 2 2 2 2 2 2 2 2 2 2 2 2 2 2 2 2 2 2 2 2 2 2 2 2 2 2 2 2 2 2 2 2 2 2 2
left_child=1 7 3 15 8 41 37 54 -4 10 11 20 13 14 19 16 17 18 21 38 -8 22 23 29 32 58 -27 28 57 -3 34 -32 33 -25 -23 -18 61 -5 39 -12 -33 -6 -24 -44 -31 -46 -47 -48 49 50 -30 -19 -53 -7 -1 -41 -57 -28 -26 -35 -61 -15
right_child=-2 2 4 6 5 53 9 -9 -10 -11 12 -13 -14 36 -16 -17 35 51 -20 -21 -22 30 42 24 25 26 27 -29 48 44 31 40 -34 59 -36 -37 -38 -39 -40 55 -42 -43 43 -45 45 46 47 -49 -50 -51 -52 52 -54 -55 -56 56 -58 -59 -60 60 -62 -63
leaf_value=-0.047780442137475281 0.043592763359785285 -0.017750113096902088 0.00089126694607460021 -0.027287208764895817 0.0057922501281165223 0.038900170703574176 -0.012674031097414329 -0.048125479062184097 0.034732867840107241 0.0057922501281165223 -0.023930762825954553 0.0057922501281165223 0.0057922501281165223 0.0057922501281165223 -0.024234738258620835 0.022638944704166216 0.00033449491908721607 0.00089126694607460021 -0.020227596808436301 0.0057922501281165223 -0.024234738258620835 0.00089126694607460021 -0.020227596808436301 0.00089126694607460021 0.00089126694607460021 -0.020227596808436301 0.00089126694607460021 0.00089126694607460021 -0.020227596808436301 0.00089126694607460021 -0.020227596808436301 -0.020227596808436301 0.00089126694607460021 -0.020227596808436301 -0.020227596808436301 -0.020227596808436301 -0.024234738258620835 0.0057922501281165223 -0.027287208764895817 0.0057922501281165223 0.00089126694607460021 0.011916664293201861 -0.020227596808436301 0.00089126694607460021 -0.020227596808436301 0.00089126694607460021 -0.020227596808436301 0.00089126694607460021 0.00089126694607460021 0.00089126694607460021 0.00089126694607460021 0.00089126694607460021 -0.020227596808436301 0.011916664293201861 -0.020227596808436301 0.0057922501281165223 -0.027287208764895817 -0.020227596808436301 -0.020227596808436301 -0.020227596808436301 0.00089126694607460021 -0.0042889966233638126
leaf_weight=454.76020487211645 2497.4534840416163 1934.5256140977144 136556.97281035595 3079.544633904472 38660.492571666837 1724.261140037328 7919.248273990117 1780.9665932646021 513.68768806755543 3943.4807011857629 994.57043882273138 805.9229674488306 1952.0379039421678 3090.474437857978 2868.4117614291608 990.03625985234976 1115.0218855887651 136101.34358393028 1365.6931310072541 856.29866745881736 1162.3737770393491 64449.770310677588 3313.2088950164616 6655.8343708608299 433.66278642974794 1857.6026048585773 105.19316978752613 12134.12448801659 1405.4153630509973 38991.810407906771 968.88827966153622 623.29571970552206 7740.0807650145143 2022.1693733893335 238.91115653142333 979.94233973324299 515.87131980992854 174.89631230477244 298.09759814105928 1364.0842379778624 667.23619608953595 10774.950822256505 446.63517780229449 904.84535954892635 793.88597910106182 2096.5679287016392 522.63110192120075 188.44883565604687 1399.7063080146909 752.55733098089695 236.64555834978819 5234.8292068429291 2724.6255419589579 450.25982671789825 1679.3265059757978 156.37750324606895 513.21650897338986 4271.2090065814555 3649.6771251447499 2056.4138541258872 1164.073613230139 22128.094031445682
leaf_count=17264 98062 9485 699554 116613 201333 67944 67219 108050 3810 23781 8715 8789 13615 28034 32583 4190 4739 625253 6789 8276 10836 337550 18374 50747 3656 16606 572 82228 8202 183782 4581 2902 52666 12920 1626 4394 4671 5292 3283 10769 3124 138921 2447 4934 3380 8893 2206 791 8435 4432 1622 24401 12863 15998 48076 1683 6121 28136 25334 16410 8508 197548
internal_value=7.73289e-06 -0.00018849 4.41744e-05 -0.00130252 0.00263049 0.00691207 -0.00669812 -0.0329275 0.00101834 -0.00552256 -0.0065275 -0.0136583 -0.00449748 -0.00570697 -0.0134276 -0.000402076 -0.000475842 -0.00035836 -0.00156923 -0.00526473 -0.0162564 -0.00127588 -0.002718 -0.00203773 -0.00473992 -0.00820657 -0.00477585 -0.00210419 -0.0121901 0.000746826 0.000772175 -0.0160164 -0.000106778 -0.00584428 0.000891267 -0.0177088 -0.00359114 -0.0242347 -0.0115595 -0.00709486 0.000891267 0.00579225 -0.0158999 -0.00120092 0.000891267 -0.00933211 -0.00304009 -0.0202276 -0.000758705 -0.0113873 -0.0202276 0.000891267 -0.00575562 0.0323557 -0.0202276 0.00114646 -0.0181039 -0.0202276 -0.0202276 -0.0181134 -0.00976862 -0.00295457
internal_weight=557453 554955 551040 362360 188681 51610 51823 3915.05 137071 48568.6 44625.1 9887.55 34737.5 32785.5 7051.06 310537 309546 307452 163391 4182.64 9081.62 162025 95076.9 90412.2 45884.4 26245.8 22162.5 20304.9 8170.73 44527.9 66948.1 2259.42 19638.6 11898.5 64688.7 2094.96 25734.4 3254.44 3326.35 3028.25 1290.53 49435.4 4664.69 1351.48 42593.3 3601.53 2807.65 711.08 3794.32 2394.62 1642.06 144061 7959.45 2174.52 2134.09 2033.68 669.594 4376.4 4083.34 5242.66 3220.49 25218.6
internal_count=3534018 3435956 3262566 2135006 1127560 424196 547828 173390 703364 425923 402142 86844 315298 301683 71430 1587178 1582988 1573855 911338 38847 78055 904549 554766 529011 320474 179223 150233 133627 51399 208537 349783 10607 141251 88585 339176 9133 230253 121905 30571 27288 6026 340254 25755 7381 199052 15270 11890 2997 22691 14256 9824 662517 37264 83942 65340 18573 7804 28708 28990 37838 24918 225582
is_linear=0
shrinkage=0.05


Tree=73
num_leaves=63
num_cat=0
split_feature=0 0 0 1 0 1 1 9 9 9 11 10 1 9 1 8 9 9 1 9 9 10 9 9 8 11 9 9 0 1 11 10 10 9 9 11 8 9 0 11 1 12 8 10 10 8 8 12 1 10 8 9 8 9 11 10 10 8 10 9 11 10
split_gain=1771.53 1560.41 697.947 882.377 391.204 1102.91 349.978 256.65 385.719 255.679 253.913 239.067 171.274 170.67 149.595 138.634 398.788 154.242 129.237 120.775 128.783 118.423 115.374 182.48 125.598 103.847 97.6008 93.2109 90.1213 89.7603 88.3688 84.9774 88.9523 80.3865 106.496 78.0952 87.821 75.0117 70.7325 71.2526 68.4345 64.4852 63.8223 63.3896 266.33 166.492 139.846 132.613 55.8915 50.0072 49.0728 48.0918 47.6565 120.972 47.1589 60.1363 47.1192 46.1369 45.9183 52.111 40.6015 134.149
threshold=3.5000000000000004 -2.4999999999999996 1.5000000000000002 472.50000000000006 -1.0000000180025095e-35 590.50000000000011 1980.5000000000002 0.3380760401487351 0.3302708119153977 0.32264570891857153 -0.37844973802566523 0.24660515785217288 1530.5000000000002 0.33322560787200933 339.50000000000006 0.609165519475937 0.32093408703804022 0.17489672452211383 214.50000000000003 0.33654683828353887 0.33718366920948034 0.19051928073167804 0.26678894460201269 0.2393506318330765 0.68115973472595226 0.59266486763954174 0.3340155184268952 0.19466029852628711 -1.4999999999999998 1215.5000000000002 -0.52782398462295521 0.23608218133449557 0.22598334401845935 0.45885890722274786 0.52515390515327465 0.59266486763954174 0.36890326440334326 0.33718366920948034 2.5000000000000004 1.1579905152320864 1071.5000000000002 2.5000000000000004 0.43059198558330541 0.24110610783100131 0.24293175339698794 0.40150643885135656 0.40994873642921453 4.5000000000000009 682.50000000000011 0.22255443781614306 0.46735753118991857 0.20178101211786273 0.44981914758682257 0.32093408703804022 0.66384690999984752 0.20894466340541842 0.24846510589122775 0.44981914758682257 0.20600962638854983 0.28390011191368109 1.4662212133407595 0.23053456097841266
decision_type=2 2 2 2 2 2 2 2 2 2 2 2 2 2 2 2 2 2 2 2 2 2 2 2 2 2 2 2 2 2 2 2 2 2 2 2 2 2 2 2 2 2 2 2 2 2 2 2 2 2 2 2 2 2 2 2 2 2 2 2 2 2
left_child=1 6 4 18 5 14 29 8 10 52 31 21 -11 16 -3 27 22 24 -4 -15 -21 -9 23 -6 -17 -26 -10 -12 -16 -1 57 32 40 -22 -35 36 -13 49 39 -20 -5 -38 56 60 45 -45 -47 -46 54 -28 -42 -52 53 -7 -44 -56 -29 -30 -53 -60 -23 -62
right_child=-2 2 3 7 13 9 -8 11 26 12 15 35 -14 19 28 17 -18 -19 38 20 33 43 -24 -25 25 -27 37 42 30 -31 -32 -33 -34 34 -36 -37 41 -39 -40 -41 50 -43 48 44 47 46 -48 -49 -50 -51 51 58 -54 -55 55 -57 -58 -59 59 -61 61 -63
leaf_value=-0.047764982149504566 0.042902387053228325 -0.04048261385141947 0.042902387053228325 0.042894372560703227 0.00014640139913329176 -0.004257180543158632 -0.004257180543158632 0.042902387053228325 0.042902387053228325 -0.010338594180271794 0.042902387053228325 0.040732586101548868 -0.0032500486960419443 -0.0032500486960419443 -0.040457782549193994 0.00014640139913329176 0.0032356916813586802 0.035765951995589483 0.012707269570105047 0.012707269570105047 -0.00065776022113655901 -0.00065776022113655901 0.00014640139913329176 0.0032356916813586802 0.00014640139913329176 0.042902387053228325 0.042902387053228325 0.042902387053228325 -0.040457782549193994 -0.029861696361408993 -0.0079742603263261679 0.0032356916813586802 0.042902387053228325 -0.0032500486960419443 -0.00065776022113655901 0.042902387053228325 -0.00065776022113655901 0.042902387053228325 0.042902387053228325 0.039337389476244648 0.0032356916813586802 0.041088604200493879 0.0032356916813586802 0.042902387053228325 -0.00065776022113655901 -0.00065776022113655901 0.042902387053228325 0.042902387053228325 0.0032356916813586802 0.012707269570105047 0.00014640139913329176 0.042902387053228325 0.00014640139913329176 0.0032356916813586802 0.0032356916813586802 0.035196889805349567 0.0032356916813586802 -0.0050598077862529624 0.0058560832984689004 0.038775827987034099 -0.00065776022113655901 0.028886762861194085
leaf_weight=1729.4232159573585 2391.9372030394152 1609.1252338010818 1163.3715969976038 271.20463888905942 44600.300479559228 1641.2284369319677 864.37214432656765 125.35748677141964 646.37409240752459 10866.355244284496 85.970148161053658 184.91426683031023 39485.754684485495 6360.6878592465073 467.68667355924845 503.60568135231733 25704.963880585507 719.71798832155764 938.92382195778191 1817.9840507488698 166048.1009582635 16647.625722246245 103024.78296139091 30832.54944172129 124.6694137789309 324.11504541523755 73.63542983867228 102.02671707421541 288.95257081091404 1189.2984648831189 1091.6659217979759 197.62731673941016 413.65159182995558 22516.185906631872 9523.7008547633886 292.95177892036736 136.50598604232073 131.38801874779165 352.95554994419217 304.96419582888484 83.27334463596344 95.441835736855865 400.72426526620984 487.94653341174126 816.04790024831891 98.132757185027003 103.38525912724435 140.72085807286203 16016.758536204696 494.10669773072004 74.187866834923625 138.94801208376884 38791.815879585221 326.31091726943851 118.81486468948424 403.59918709471822 40.999160205945373 99.291676858440042 322.65411333553493 191.01922909542918 523.14705781824887 550.19365477561951
leaf_count=109510 97859 83841 45758 4255 206349 12870 21138 1112 7695 167003 896 1542 312684 29225 24180 5887 118818 8957 20566 8320 764675 122615 459575 142124 1381 4260 904 1078 8021 42713 27019 2256 4670 117060 48642 2654 891 1473 16874 6973 785 1164 6932 4345 5882 730 850 1695 150143 5132 750 1356 257719 2377 2151 7314 418 2532 2972 1770 4955 5249
internal_value=-2.58138e-05 -0.00021133 8.84436e-06 0.00598698 -0.000521894 -0.00341923 -0.032209 0.00419025 0.00794231 -0.00235276 0.00624196 0.000146401 -0.00425718 0.000146401 -0.0307302 0.00457475 0.00117124 0.0183138 0.0333679 -0.000867982 -0.000536153 0.000146401 0.000146401 0.00211516 0.00510158 0.0275352 0.0338673 0.00323569 -0.0213406 -0.0404826 -0.0152759 0.024787 0.0290783 -0.00065776 -0.0031622 0.0291435 0.0147304 0.0203605 0.0239168 0.0182818 0.0211925 -0.00065776 0.00323569 -0.00065776 0.0093599 0.034037 -0.00065776 -0.00065776 0.00323569 0.0127073 0.013883 0.0204088 0.000146401 -0.00425718 0.0157638 0.0256496 0.0366534 -0.0357333 0.0254665 0.0181495 -0.00065776 0.0109899
internal_weight=556114 553722 549939 44841.7 505097 94668.2 3783.09 42081.4 21879.1 91111.5 20533.6 20202.4 50352.1 410429 3556.72 18841 204163 1672.11 2760.22 206267 199906 19492.6 178458 75432.8 952.39 448.784 1345.5 17168.9 1947.6 2918.72 1479.91 1692.57 1494.94 198088 32039.9 709.814 416.862 699.13 1596.84 1243.89 1081.29 231.948 17082.9 19367.2 1646.23 689.465 201.518 956.769 16939.9 567.742 810.083 726.809 40759.4 1967.54 923.138 522.414 143.026 388.244 652.621 513.673 17721 1073.34
internal_count=3531544 3433685 3260324 467290 2793034 898246 173361 377119 223435 752653 208231 153684 479687 1894788 145593 189417 926866 20485 90171 967922 938697 147433 808048 348473 11528 5641 15204 168932 61752 152223 37572 18814 16558 930377 165702 6251 3597 7509 44413 27539 11888 2055 168036 146321 13502 5925 1580 7577 166540 6036 7633 6848 272966 15247 16397 9465 1496 10553 6098 4742 132819 10204
is_linear=0
shrinkage=0.05


Tree=74
num_leaves=63
num_cat=0
split_feature=0 0 0 1 0 1 1 5 8 8 8 9 11 9 9 9 11 9 9 8 9 9 9 9 8 0 8 8 9 8 8 8 9 9 9 9 9 11 9 8 8 12 8 11 8 9 9 11 9 9 1 1 9 1 9 12 12 8 9 12 1 1
split_gain=1653.68 1432 603.922 861.515 411.361 569.847 344.047 322.867 239.163 437.891 282.781 258.499 273.777 320.708 455.408 259.949 294.35 304.466 278.483 213.998 302.983 429.197 300.328 377.594 301.616 246.15 203.716 611.249 228.762 377.421 228.292 197.975 194.007 526.786 374.583 466.958 258.899 221.289 193.923 257.37 191.037 169.317 212.414 168.718 164.963 161.623 154.591 153.953 151.081 147.599 144.488 135.698 129.884 117.194 116.482 114.092 104.277 99.6047 256.274 140.534 197.722 88.0841
threshold=3.5000000000000004 -2.4999999999999996 1.5000000000000002 390.50000000000006 -1.4999999999999998 780.50000000000011 1830.5000000000002 38.500000000000007 0.39419347047805792 0.40150643885135656 0.38584102690219885 0.34226986765861517 -0.3205008059740066 0.30839414894580847 0.24495873600244525 0.36557076871395117 0.10889730975031854 0.3504349440336228 0.35850201547145849 0.35430321097373968 0.43506775796413427 0.44099158048629766 0.4151990413665772 0.40693396329879766 0.37306414544582372 -1.0000000180025095e-35 0.43135935068130499 0.44519373774528509 0.31515826284885412 0.45978543162345892 0.46426874399185186 0.35563290119171148 0.29080401360988622 0.27884887158870703 0.2393506318330765 0.19466029852628711 0.31268626451492315 0.12011427804827692 0.52515390515327465 0.24668355286121371 0.56662777066230785 2.5000000000000004 0.46333402395248419 1.006493926048279 0.66708189249038707 0.37613216042518621 0.32579620182514196 -0.84491586685180653 0.55594193935394298 0.13645498454570773 1999.5000000000002 1521.5000000000002 0.29361659288406378 780.50000000000011 0.19804758578538897 4.5000000000000009 1.0000000180025095e-35 0.30878235399723059 0.44523863494396215 2.5000000000000004 2598.5000000000005 206.50000000000003
decision_type=2 2 2 2 2 2 2 2 2 2 2 2 2 2 2 2 2 2 2 2 2 2 2 2 2 2 2 2 2 2 2 2 2 2 2 2 2 2 2 2 2 2 2 2 2 2 2 2 2 2 2 2 2 2 2 2 2 2 2 2 2 2
left_child=1 6 4 61 5 -3 -1 8 10 -10 19 12 13 14 -11 16 -13 -18 -19 20 53 -22 23 24 31 -26 46 -28 29 -29 -30 -21 33 34 35 44 41 40 43 48 -37 -34 -43 57 -31 -17 -14 -27 -40 -46 -2 -5 -44 -6 -42 -50 -16 -23 -59 60 -60 -4
right_child=50 2 3 51 7 -7 -8 -9 9 11 -12 15 26 -15 56 45 17 18 -20 22 21 38 -24 -25 25 47 27 28 30 32 -32 -33 36 -35 -36 37 -38 -39 39 -41 54 42 52 -45 49 -47 -48 -49 55 -51 -52 -53 -54 -55 -56 -57 -58 58 59 -61 -62 -63
leaf_value=-0.041221686109118603 0.04660244247606251 -0.031284561936421797 0.04660244247606251 0.0085746331927653834 -0.021356978649837169 -0.0052182884541574987 -0.0076684892952266163 0.0040753166937449658 0.0040753166937449658 0.0040753166937449658 -0.0052182884541574987 -0.0052182884541574987 -0.0052182884541574987 0.0040753166937449658 0.0040753166937449658 0.0040753166937449658 0.0040753166937449658 -0.0052182884541574987 0.0040753166937449658 0.0040753166937449658 0.0040753166937449658 -0.0052182884541574987 -0.0052182884541574987 0.0040753166937449658 -0.0052182884541574987 -0.0052182884541574987 -0.0052182884541574987 -0.0052182884541574987 0.0040753166937449658 0.0040753166937449658 -0.0052182884541574987 -0.0052182884541574987 0.0040753166937449658 -0.0052182884541574987 0.0040753166937449658 -0.0052182884541574987 -0.0052182884541574987 -0.0052182884541574987 -0.0052182884541574987 0.0040753166937449658 -0.0052182884541574987 0.0040753166937449658 0.0040753166937449658 0.0040753166937449658 0.0040753166937449658 -0.0052182884541574987 0.0040753166937449658 0.0040753166937449658 0.0040753166937449658 -0.0052182884541574987 0.0052320597170612462 0.0040753166937449658 -0.0052182884541574987 -0.0052182884541574987 0.0040753166937449658 -0.0052182884541574987 -0.0052182884541574987 -0.0052182884541574987 -0.0052182884541574987 0.0040753166937449658 0.0040753166937449658 0.026519741545767025
leaf_weight=2579.3802125416696 2061.2153328824788 1462.7528421077877 1056.0719329118729 16757.700339540839 2195.7503075217828 14801.544495679438 1086.0919791273773 26533.868488188833 14624.260887376964 7486.8379452992231 14131.493050569668 24876.839424174279 889.58467563614249 15341.154331974685 3214.9254176467657 6434.7613733503968 7777.7833466585726 6895.8226994685829 4092.8523349445313 437.8637714497745 5291.7431566957384 20261.508811556734 4087.5739154247567 6851.1223666053265 3206.769823808223 953.39266963303089 23346.56710450165 9629.6117521841079 16006.603849630803 10453.796451188624 1734.8734814487398 18011.044240985066 23473.523211244494 21291.536474870518 47001.984490154311 3984.1077412907034 1835.8111688252538 17716.240460630506 1561.1912239510566 4134.9757032878697 590.4851822219789 1000.8973414115608 1276.4178651366383 1565.9329953398556 1329.7452588584274 1149.4381851665676 13753.4818508178 18873.79818977043 4459.4195643756539 3060.5333982072771 235.4186111278832 25607.712119277567 6594.5802059862763 19325.567885912955 7140.2442359123379 814.67383298650384 14320.301792968065 3123.2618780080229 3967.7191435359418 4271.3837312236428 6122.8168099448085 1111.3203036794439
leaf_count=145926 90804 77298 43532 202673 19528 202460 27403 136068 76078 36379 74397 130464 4498 85178 13330 33690 39662 36629 21167 2179 28293 124581 22416 35588 29283 4969 114414 46158 78556 50381 9044 95878 101668 100947 227984 17500 8617 87889 10426 24633 2620 5511 7223 9880 6207 6471 67427 85515 26574 15415 7099 187826 38450 98832 31480 5787 80032 17617 21766 28915 29608 33663
internal_value=3.51895e-05 -0.000140697 6.718e-05 0.00564875 -0.000425256 -0.00824763 -0.0312846 -0.000164803 -0.00048083 0.0002834 -0.00217435 -0.000246219 0.000410866 0.00407532 -0.001587 -0.0034846 -0.00497866 0.00105428 -0.00513604 -0.00125155 -0.00292744 -0.00064554 0.00121318 0.0025532 -0.000970013 0.00285873 -0.000307645 -0.00074278 0.000393501 -0.000254916 0.00407532 -0.00521829 0.000498476 -0.000503316 0.00125047 -0.00205669 0.00379759 -0.00521829 -0.00270487 0.00317296 0.0017048 0.00407532 -0.00311749 -0.00434512 0.00407532 0.00407532 0.00407532 0.00407532 -0.00521829 -0.00521829 0.0423659 0.00407532 -0.00521829 -0.00521829 0.00407532 0.00326192 -0.00521829 -0.0051453 -0.0014429 0.0026533 -0.00206426 0.0363881
internal_weight=555268 552971 549306 44532.8 504773 16264.3 3665.47 488508 461975 318326 143649 303701 252474 40363.2 25022.1 51227.5 43643.3 18766.5 10988.7 129518 77095.9 55574.6 52421.6 48334 41482.9 23034 212111 197468 174121 156380 17741.5 18448.9 146750 112569 91277.1 44275.2 34181.2 29431.1 50282.9 10970.3 11714.8 32345.4 8871.9 39312.6 14844.1 7584.2 14643.1 19827.2 6835.28 4390.28 2296.63 42365.4 7871 21521.3 7730.73 5274.09 17535.2 37746.7 17485.2 14361.9 10090.5 2167.39
internal_count=3532486 3434583 3261254 467694 2793560 279758 173329 2513802 2377734 1581069 796665 1504991 1236908 214919 129741 268083 227922 97458 57796 722268 446440 328080 275828 253412 217824 119767 1021989 950064 835650 748050 87600 98057 701892 540423 439476 211492 161469 139489 299787 67420 51600 152852 51184 232367 72003 40161 71925 90484 42787 21622 97903 390499 45673 118360 34100 32361 93362 222487 97906 80289 51374 77195
is_linear=0
shrinkage=0.05


Tree=75
num_leaves=63
num_cat=0
split_feature=0 0 0 1 1 0 1 1 0 0 1 1 8 1 8 8 10 10 9 10 9 10 11 10 8 8 8 9 0 12 10 10 8 12 8 8 8 11 12 11 11 9 10 9 9 8 11 10 0 9 10 8 10 9 9 8 9 0 10 10 10 11
split_gain=1584.41 1359.67 559.569 745.487 557.715 551.565 380.619 335.052 358.555 289.124 217.675 196.195 183.139 177.114 200.56 226.184 157.506 372.755 405.409 222.549 200.25 186.711 183.503 180.41 236.909 170.718 144.791 266.274 136.814 175.763 135.277 268.005 217.577 221.862 287.748 137.64 129.914 190.005 206.621 185.967 149.645 130.731 181.5 293.573 155.378 227.271 128.481 162.754 126.532 125.621 403.292 310.719 191.584 123.473 125.493 122.453 201.046 117.076 116.509 137.904 114.615 179.554
threshold=3.5000000000000004 -2.4999999999999996 1.0000000180025095e-35 268.50000000000006 590.50000000000011 1.5000000000000002 1980.5000000000002 1380.5000000000002 -1.0000000180025095e-35 -1.4999999999999998 780.50000000000011 246.50000000000003 0.42156024277210241 1669.5000000000002 0.70673567056655895 0.70673567056655895 0.21466173976659778 0.22165223956108096 0.27550190687179571 0.22137310355901721 0.22858365625143054 0.21487829089164737 2.1434698104858403 0.21860953420400622 0.31799848377704626 0.49739991128444677 0.27788905799388891 0.52515390515327465 -3.4999999999999996 8.5000000000000018 0.22868927568197253 0.23291677981615069 0.45320136845111852 5.5000000000000009 0.41564215719699865 0.30217108130455023 0.40625980496406561 1.426137447357178 1.5000000000000002 1.7689400315284731 -1.0962244868278501 0.27270993590354925 0.23104770481586459 0.30441309511661535 0.3264643400907517 0.42959892749786383 -0.10291398689150809 0.23947858065366748 1.5000000000000002 0.38671813905239111 0.22545928508043292 0.32915079593658453 0.22503591328859332 0.26678894460201269 0.22264148294925692 0.24668355286121371 0.55594193935394298 -1.0000000180025095e-35 0.23853246867656711 0.23724532872438434 0.24846510589122775 0.0088527142070233839
decision_type=2 2 2 2 2 2 2 2 2 2 2 2 2 2 2 2 2 2 2 2 2 2 2 2 2 2 2 2 2 2 2 2 2 2 2 2 2 2 2 2 2 2 2 2 2 2 2 2 2 2 2 2 2 2 2 2 2 2 2 2 2 2
left_child=1 7 3 8 5 53 9 -1 -3 10 -5 -7 -12 16 60 26 -6 18 20 21 48 -20 23 29 -25 -26 27 -8 -9 -23 49 35 33 -33 -35 -32 37 38 -37 41 -40 -38 -43 -44 -45 -46 -34 58 -18 -19 51 52 -51 -4 -10 56 -29 -58 59 -48 -15 -62
right_child=-2 2 4 6 13 11 15 28 54 -11 12 -13 -14 14 -16 -17 17 30 19 -21 -22 22 -24 24 25 -27 -28 55 -30 -31 31 32 46 34 -36 36 39 -39 40 -41 -42 42 43 44 45 -47 47 -49 -50 50 -52 -53 -54 -55 -56 -57 57 -59 -60 -61 61 -63
leaf_value=-0.045911589785334661 0.04223610704597134 -0.044546643783302503 0.016234493207399978 -0.033840469626287749 0.00028470377313202631 0.04223610704597134 -0.015255373618487424 -0.047024086768254529 0.016234493207399978 -0.0025340542860882833 -0.015255373618487424 0.019581349379833052 -0.0025340542860882833 0.00028470377313202631 0.03619908136524308 0.026648561691906453 -0.0025340542860882833 -0.0025340542860882833 0.04223610704597134 0.04223610704597134 0.039948859316915553 -0.0025340542860882833 0.04223610704597134 0.041436290090185485 0.0035366591167089283 0.04223610704597134 0.00028470377313202631 -0.015255373618487424 -0.015255373618487424 0.04223610704597134 -0.0025340542860882833 -0.0025340542860882833 -0.0025340542860882833 0.031949407144102951 -0.0025340542860882833 -0.0025015512857469039 0.036075087543258451 -0.0025340542860882833 -0.0025340542860882833 0.04223610704597134 0.035400574909484374 -0.0025340542860882833 -0.0025340542860882833 0.04223610704597134 0.038802668206173452 -0.0025340542860882833 0.010980927925020768 0.04223610704597134 0.04223610704597134 -0.0025340542860882833 -0.0025340542860882833 0.040442484902655521 0.04223610704597134 0.0041271217817653565 -0.015757329822719556 0.00028470377313202631 -0.015255373618487424 0.00028470377313202631 -0.0025340542860882833 0.04223610704597134 0.034522667318142415 0.0026927103877824629
leaf_weight=1820.3838136158884 2213.3097573304549 1177.9968681009486 2526.8213135562837 1032.7026787428185 13251.641568554565 1220.7915269704536 2549.9334757849574 338.13000893779099 330.57436699047685 104983.60079326294 3014.6460269000381 2553.6745507251471 3863.8685653023422 104572.94495658576 389.8717484138906 809.83620224893093 250.11678531765938 8960.9144423119724 213.38494829833508 405.44541041366756 1750.5533359348774 3487.6626769155264 197.29221447370946 590.47553874924779 2689.8630056045949 153.40348765812814 233959.97289743274 841.13112764805555 1410.1345429960638 93.015915263444185 283.40582901053131 13945.667586766183 535.37595611810684 1106.0280531309545 435.88031067512929 532.36659704148769 340.57212151400745 233.1008393149823 163.22336333990097 202.3731482848525 2246.9459086041898 2425.9856420233846 442.92242514900863 572.44073479436338 429.13519277237356 237.11198657378554 1162.4424075651914 383.01889392919838 105.88377277553082 523.37624910101295 1842.9150966573507 1141.5466633960605 94.621200056746602 12620.807387255132 3348.972023466602 2093.5479636080563 624.6751265078783 2132.2183037847281 67.566548336297274 321.2316920850426 626.7080019004643 1506.8386954180896
leaf_count=120846 98134 65349 18649 51647 94589 51348 17672 12979 3450 670517 65402 60643 58513 518740 2887 3423 1278 56524 1408 2481 13260 21553 1249 2908 16762 1148 1110251 6086 39607 640 1428 79078 3610 7714 3671 2202 2123 1506 863 1704 13410 15074 2972 3818 2246 1478 7191 2727 1223 2662 10501 6572 522 75062 48230 13119 6836 11284 452 2092 2832 7125
internal_value=2.60454e-05 -0.000143225 5.69149e-05 -0.00109534 0.00226995 0.0104099 -0.000829775 -0.0309017 -0.0205486 -0.00322872 -0.0124457 0.0275087 -0.00922912 0.00135804 0.000284704 0.000284704 0.00349568 0.00489241 0.0135285 0.00828817 0.032995 0.00631195 0.00490397 0.00352526 0.0126444 0.00665253 0.000196443 -0.00635945 -0.0152554 0.000284704 0.00267059 0.00472466 0.0013174 -0.000880695 0.0171365 0.0122683 0.0139283 0.0217232 0.0256863 0.00860193 0.031911 0.00635282 0.00388029 0.016705 0.030548 0.0132767 0.0150969 0.0211898 0.000284704 -0.00159129 0.00696614 0.0249871 -0.00253405 0.00614773 -0.0128557 -3.80669e-05 -0.00894702 5.02897e-05 0.0136787 0.0191686 0.000284704 0.0120542
internal_weight=554383 552170 548601 360764 187837 18922.1 355906 3568.65 4857.54 112895 7911.22 3774.47 6878.51 168915 107096 243011 61818.9 48567.3 9937.1 7830.54 2106.55 7425.1 7211.71 7014.42 3433.74 2843.27 242201 8241.51 1748.26 3580.68 38630.2 26066.8 17957.2 15487.6 1541.91 8109.58 7826.18 3175.64 2942.54 4650.54 2410.17 4448.17 4107.6 1681.61 1238.69 666.247 2469.64 1934.26 356.001 12563.4 3602.46 1759.54 617.997 15147.6 3679.55 5691.57 3598.02 2756.89 1551.24 1483.67 106706 2133.55
internal_count=3531270 3433136 3259704 2131779 1127925 205702 2014750 173432 117029 846079 175562 111991 123915 922223 531584 1168671 390639 296050 63910 48149 15761 45668 44260 43011 20818 17910 1165248 54997 52586 22193 232140 155359 106535 90463 11385 48824 47396 17981 16475 29415 14273 27711 25588 10514 7542 3724 16072 12462 2501 76781 20257 9756 3184 93711 51680 37325 24206 18120 9735 9283 528697 9957
is_linear=0
shrinkage=0.05


Tree=76
num_leaves=63
num_cat=0
split_feature=0 0 0 1 1 0 1 1 0 1 0 8 8 9 10 11 8 11 9 9 10 10 9 12 9 9 1 9 10 10 1 1 10 9 1 10 9 10 12 8 12 8 8 9 8 10 9 10 10 9 8 12 9 9 8 10 1 9 8 8 11 10
split_gain=1471.25 1241.76 510.811 669.498 493.852 452.463 333.493 316.3 267.167 265.579 256.543 214.375 199.303 185.918 127.424 140.824 234.806 117.879 159.496 173.875 143.14 116.149 188.979 115.172 128.171 177.801 110.37 116.188 110.475 104.911 104.673 104.544 93.3233 115.619 93.2337 261.878 195.094 130.749 151.335 180.097 135.037 93.899 83.3585 79.5712 197.819 186.823 145.179 133.427 117.64 180.964 92.9348 80.0469 77.0625 77.0411 75.9875 75.7536 72.5944 70.0984 67.2139 64.6751 61.012 58.7521
threshold=3.5000000000000004 -2.4999999999999996 1.0000000180025095e-35 214.50000000000003 268.50000000000006 1.5000000000000002 2029.5000000000002 1758.5000000000002 -1.0000000180025095e-35 1639.5000000000002 2.5000000000000004 0.70673567056655895 0.70673567056655895 0.38671813905239111 0.24846510589122775 0.0088527142070233839 0.34641166031360632 1.3918761610984804 0.43672624230384832 0.32445858418941503 0.1970353573560715 0.21466173976659778 0.29002763330936437 3.5000000000000004 0.27148680388927465 0.30598290264606481 1230.5000000000002 0.25124679505825048 0.23832755535840991 0.22781910002231601 17.500000000000004 17.500000000000004 0.24533988535404208 0.37613216042518621 780.50000000000011 0.21027474105358127 0.32093408703804022 0.20129771530628207 5.5000000000000009 0.58457565307617199 1.5000000000000002 0.62146687507629406 0.56198832392692577 0.21753472089767459 0.59168273210525524 0.2050428315997124 0.20764526724815371 0.20789130032062533 0.20740322023630145 0.21273195743560794 0.57808911800384533 4.5000000000000009 0.22264148294925692 0.30364511907100683 0.54581108689308178 0.17963672429323199 691.50000000000011 0.23308694362640384 0.39419347047805792 0.35430321097373968 -1.842118442058563 0.19974202662706378
decision_type=2 2 2 2 2 2 2 2 2 2 2 2 2 2 2 2 2 2 2 2 2 2 2 2 2 2 2 2 2 2 2 2 2 2 2 2 2 2 2 2 2 2 2 2 2 2 2 2 2 2 2 2 2 2 2 2 2 2 2 2 2 2
left_child=1 6 3 8 5 30 26 56 -3 10 21 14 58 34 17 59 -17 43 19 20 55 27 -23 24 -22 29 -1 35 -24 -26 -4 -10 -30 36 -12 37 -34 38 39 42 41 -41 -6 44 45 46 -11 51 -47 50 -50 -46 -33 -32 -39 -19 -5 -25 -9 -16 -55 -42
right_child=-2 2 4 7 9 -7 -8 12 31 11 13 -13 -14 -15 15 16 -18 18 -20 -21 23 22 28 57 25 -27 -28 -29 32 -31 53 52 33 -35 -36 -37 -38 54 -40 40 61 -43 -44 -45 47 48 -48 -49 49 -51 -52 -53 -54 60 -56 -57 -58 -59 -60 -61 -62 -63
leaf_value=-0.047201989097671579 0.041528725881624783 -0.038512991143712899 0.041528725881624783 -0.0066305464789565257 -0.0033653419157172559 0.041528725881624783 -0.0012640719530319703 -0.0012640719530319703 -0.038512991143712899 -4.1985150230621344e-05 0.041528725881624783 0.036502219194168677 0.024111418498309327 0.0034090617901053203 -0.0012640719530319703 0.041528725881624783 -4.1985150230621344e-05 0.040931025244970491 0.041528725881624783 -4.1985150230621344e-05 0.041528725881624783 0.011474979834102884 0.0034090617901053203 0.041528725881624783 -4.1985150230621344e-05 0.041528725881624783 -0.026528374748894374 -0.0033653419157172559 -0.0033653419157172559 0.041528725881624783 0.016664635787277216 0.0077075460795730539 -0.0033653419157172559 -0.0033653419157172559 0.019726576985122472 0.019726576985122472 0.019726576985122472 0.019726576985122472 0.019726576985122472 -0.0033653419157172559 -0.0033653419157172559 0.019726576985122472 0.019726576985122472 -4.1985150230621344e-05 -4.1985150230621344e-05 -4.1985150230621344e-05 0.041528725881624783 0.041528725881624783 -4.1985150230621344e-05 -4.1985150230621344e-05 0.041528725881624783 0.026987539234469435 -0.014037690944727614 0.041504994203285558 -0.0033653419157172559 -4.1985150230621344e-05 -0.0033653419157172559 -4.1985150230621344e-05 -4.1985150230621344e-05 0.039227352817778123 0.0020630063059491228 0.019726576985122472
leaf_weight=1540.7404367132112 2124.7787589104846 933.18229573406279 229.65397244691849 17022.533596667461 167.005694873631 1241.6460890248418 776.19269422441721 80752.100626621395 214.88472413271666 78.047090671956539 575.75241004861891 402.62599436938763 855.84613981842995 703.42447329685092 117.71807181835175 150.95047868788242 1350.0784217379987 151.08609836921096 241.37801603227854 1256.7047651521862 516.21707525476813 8546.7707690857351 35828.703416213393 54.662158414721489 304.08319878578186 217.6464271619916 1119.9947860399261 7025.7059118263423 7193.9307846426964 137.92128702998161 1606.698584664613 229.89453196339309 338.88805287517607 956.54182673059404 1741.3144846241921 833.21234143152833 1633.8815298359841 175.41261006891727 875.38567768037319 169.76103763282299 2213.2494360860437 315.26709063351154 511.78238775022328 96635.248408697546 4430.3815254122019 227.00913605093956 684.91641559079289 93.720430057495832 120.55601576343179 280.9579773619771 354.95819019898772 275.27724276855588 2303.8038759194314 100.19498992338777 2116.387167993933 205.60365563631058 75073.835499763489 268.40389769524336 183401.53897786885 524.51511818170547 3158.8409570269287 119.8858864698559
leaf_count=110752 98077 54317 4664 206417 1051 53932 19439 452365 6441 436 27925 3034 3628 16610 495 608 6488 1258 1182 7081 3479 54622 200668 487 1922 1411 42790 40208 40314 785 13037 2479 2068 4667 39126 5841 9666 1229 7918 908 16294 1775 3414 467298 28186 1289 4232 569 715 1670 2148 2045 34498 744 14516 1486 532598 2060 840530 2443 22667 810
internal_value=1.23938e-05 -0.000147579 4.02677e-05 -0.00105985 0.00215757 0.0158766 -0.0301035 -0.000841121 -0.0222693 0.00167749 0.00403338 0.000121513 3.61088e-05 0.018294 3.61088e-05 0.0121484 0.00375769 -4.19852e-05 0.00940964 0.00631157 0.017331 0.00340906 0.00340906 0.0247001 0.0319717 0.0160271 -0.038513 3.61088e-05 0.00337834 -4.19852e-05 0.00926974 -0.0140822 -0.00181446 0.00340906 0.0255294 0.00352514 0.0137019 -0.000112408 0.00616732 0.00133812 -0.00336534 0.0197266 0.0197266 -4.19852e-05 0.00585927 0.0202631 0.0388132 0.000614721 0.00584759 0.0207751 0.0404336 -4.19852e-05 -0.0111057 0.00770755 -0.00336534 -4.19852e-05 -0.00336534 -4.19852e-05 -4.19852e-05 0.0317228 0.00328796 -0.00336534
internal_weight=553809 551685 548248 360788 187460 6337.03 3436.93 357106 3681.77 181123 72042.3 109081 265009 3020.49 108678 2143.26 1501.03 106535 3353.71 3112.33 1855.62 69021.8 54498.7 1498.93 1175.87 659.651 2660.74 14523.1 45951.9 442.004 5095.39 2748.58 10123.2 2929.31 2317.07 7497.35 1972.77 6664.14 4372.34 3496.95 2818.16 485.028 678.788 103181 6545.82 1746.44 762.964 4799.38 983.481 756.472 475.514 4705.66 2533.7 4865.73 2291.8 356.69 92096.4 323.066 264154 642.233 3259.04 2333.14
internal_count=3531812 3433735 3260754 2133273 1127481 95044 172981 2035538 97735 1032437 489630 542807 1296523 83661 539773 10034 7096 529739 21151 19969 12888 405969 312005 10144 7597 4118 153542 93964 257383 2707 41112 43418 56715 16401 67051 53756 11734 47915 32170 24252 19787 2683 4465 508588 41290 10490 4668 30800 5822 4533 2863 30231 36977 36448 15745 2744 739015 2547 1292895 2938 23411 17104
is_linear=0
shrinkage=0.05


Tree=77
num_leaves=63
num_cat=0
split_feature=0 0 0 2 0 2 0 2 11 9 9 0 6 10 10 10 9 10 12 8 9 8 9 8 10 8 9 9 9 10 10 10 10 8 10 9 11 10 10 10 9 10 10 10 9 9 9 5 10 8 9 10 10 8 12 11 9 8 9 8 0 9
split_gain=1409.01 1177.82 449.149 511.534 352.777 344.618 434.821 304.545 255.028 200.117 173.903 167.901 155.672 139.416 141.973 138.776 580.683 235.31 137.184 163.257 120.587 117.436 236.983 114.459 237.962 114.308 107.283 97.1091 229.008 182.077 300.346 202.255 227.83 205.128 220.277 317.717 223.707 201.375 183.968 165.901 150.401 116.354 309.483 112.093 108.789 96.6382 141.343 94.2994 90.785 425.041 482.138 188.265 239.835 290.422 123.333 143.224 121.373 212.551 111.154 159.38 109.864 107.149
threshold=3.5000000000000004 -2.4999999999999996 1.0000000180025095e-35 2.5000000000000004 -1.0000000180025095e-35 2.5000000000000004 2.5000000000000004 2.5000000000000004 -0.39941892027854914 0.38476856052875524 0.38671813905239111 -3.4999999999999996 1.0000000180025095e-35 0.22232254594564441 0.22372368723154071 0.17963672429323199 0.15266980975866321 0.17251890897750857 4.5000000000000009 0.38795933127403265 0.16089829802513125 0.24668355286121371 0.55594193935394298 0.30652734637260443 0.17694552242755893 0.24668355286121371 0.2767369151115418 0.4151990413665772 0.39528006315231329 0.24136773496866229 0.23266435414552691 0.22207798063755038 0.21127824485301974 0.37528081238269811 0.228565588593483 0.39730471372604376 0.81628605723381054 0.24268008023500445 0.22516405582427981 0.24660515785217288 0.41196930408477789 0.22474194318056109 0.22401636093854907 0.23067473620176318 0.3964745700359345 0.41056445240974432 0.4138051718473435 -41.499999999999993 0.23318386822938922 0.48320062458515173 0.25969712436199194 0.23608218133449557 0.23507919907569888 0.44619597494602209 2.5000000000000004 0.93131005764007579 0.34949654340744024 0.42320542037487036 0.36257559061050421 0.37528081238269811 2.5000000000000004 0.37090700864791876
decision_type=2 2 2 2 2 2 2 2 2 2 2 2 2 2 2 2 2 2 2 2 2 2 2 2 2 2 2 2 2 2 2 2 2 2 2 2 2 2 2 2 2 2 2 2 2 2 2 2 2 2 2 2 2 2 2 2 2 2 2 2 2 2
left_child=1 7 3 21 8 15 25 11 9 -5 -8 -1 -10 -14 -15 16 -4 20 19 -16 -18 22 -3 -13 -24 -7 -21 28 48 30 31 32 -30 34 41 -36 -37 -31 -35 45 -34 42 -33 -38 -32 -39 -47 -27 60 51 -51 52 56 54 58 -56 57 -50 -54 -60 -17 -62
right_child=-2 2 5 4 -6 6 10 -9 12 -11 -12 23 13 14 18 27 17 -19 -20 26 -22 -23 24 -25 -26 47 -28 -29 29 37 44 33 40 38 35 36 43 39 -40 -41 -42 -43 -44 -45 -46 46 -48 -49 49 50 -52 -53 53 -55 55 -57 -58 -59 59 -61 61 -63
leaf_value=-0.046709336834564991 0.041402296090978161 -0.01248889541798217 -0.0002539910133924998 -0.014037803001011595 -0.003123949985289465 -0.003123949985289465 0.036675353749293683 -0.047214231066357956 -0.042357104515278327 -0.036204102545800074 0.0045984498712501919 -0.046048546795452262 -0.003123949985289465 -0.04403035396483862 -0.03414926303220131 -0.0002539910133924998 0.032808400819918308 0.041402296090978161 -0.003123949985289465 -0.042670591241132094 -0.0002539910133924998 -0.0002539910133924998 -0.046048546795452262 -0.0041297323039591136 -0.0002539910133924998 -0.003123949985289465 -0.0057326922153074986 -0.0002539910133924998 0.041402296090978161 0.041402296090978161 0.041402296090978161 0.041402296090978161 -0.0002539910133924998 0.041402296090978161 0.041402296090978161 -0.0002539910133924998 -0.0002539910133924998 -0.0002539910133924998 -0.0002539910133924998 0.041402296090978161 0.041402296090978161 0.041402296090978161 -0.0002539910133924998 0.041402296090978161 -0.0002539910133924998 0.041402296090978161 -0.0002539910133924998 0.0045984498712501919 0.040677828956779294 -0.0002539910133924998 0.041402296090978161 -0.0002539910133924998 0.041402296090978161 -0.0002539910133924998 -0.0002539910133924998 0.041402296090978161 -0.0002539910133924998 0.004701338269205756 0.041402296090978161 -0.0002539910133924998 0.007175790596822296 0.041402296090978161
leaf_weight=387.18171987775713 2045.0962312566116 1108.4970278032124 1172.3814363703132 2642.438294804655 37085.413676181808 742.60773937404156 1520.3459007348865 1426.1659373934381 316.12053431943059 1657.8688060771674 425.64689888246357 184.10919064749032 3861.4892268637195 333.61112974397838 961.78334827814251 70133.662701025605 306.00735959410667 863.74955179542303 1839.4733667373657 217.47175585199147 247.06550173088908 305044.77210446633 223.46718097105622 1356.1449557617307 3268.6536603439599 2419.9579094201326 1966.7258279202506 23083.780087564141 143.80726282671094 313.98392007499933 175.60784908756614 160.3710849583149 1036.8362821415067 190.03728805109859 303.59833093360066 1268.1597885712981 75.355323862284422 473.63641808182001 238.27463429793715 266.08927885442972 167.6063903644681 1099.4105503857136 87.636500015854836 191.12479352205992 2510.0006453320384 113.48746185749769 102.16133858263493 45501.033208513632 468.91750115901232 244.07871875166893 1100.9401492290199 19784.318686429411 967.62860988080502 573.935322586447 537.00528705120087 158.85332127660513 1860.9677170664072 3252.8193694092333 132.5134115666151 406.21950620412827 2180.6524251978844 207.95782448723912
leaf_count=17213 98244 8622 8675 61035 234811 4295 67762 108232 18535 49019 16216 6198 68178 7095 22978 354955 2140 6263 41998 3897 1632 1553111 1471 42024 23182 17600 39274 103303 678 1434 806 787 4731 997 1536 5643 340 2241 1152 1328 855 5224 379 1086 11288 599 443 317955 2290 1556 5918 97985 4535 2945 3249 1056 8547 16861 582 1782 35218 2842
internal_value=-1.28454e-05 -0.000166612 1.42851e-05 -0.00101746 -0.00566349 0.00200121 0.00552556 -0.0297033 -0.0124889 -0.0225899 0.0286957 -0.0167288 -0.00791306 -0.00672254 -0.0124976 0.000695435 0.0121586 0.0358759 -0.0103791 -0.0169944 0.00759442 -0.000253991 -0.00824157 -0.0124889 -0.000253991 0.00459845 -0.00942829 0.000473869 0.00142785 0.00911133 0.00619865 0.0144243 -0.000253991 0.020619 0.0253423 0.0140736 0.00381418 0.0266414 -0.000253991 0.0128084 -0.000253991 0.0406938 0.0070835 0.0414023 -0.000253991 -0.000253991 0.0331399 0.00459845 0.000756116 0.00309526 0.0305436 0.00178241 0.00812821 0.0201357 0.0289621 0.0115305 0.00215465 0.00924388 0.0370015 0.0174832 -0.00019503 0.0104719
internal_weight=553137 551092 547738 360528 50882.4 187210 50609.6 3353.6 13797 4300.31 1945.99 1927.44 9496.68 9180.55 5319.07 136601 2589.2 1416.82 4985.45 3145.98 553.073 309645 4600.62 1540.25 3492.12 48663.6 2184.2 134011 110928 8917.19 7647.83 4962.22 1348.25 3613.97 3185.66 1838.24 1534.64 1269.36 428.312 955.374 1204.44 1347.42 248.008 266.48 2685.61 689.285 215.649 47921 102010 29488.2 1345.02 28143.2 8358.86 2776.16 2202.22 695.859 5582.7 3721.74 1506.36 538.733 72522.3 2388.61
internal_count=3532826 3434582 3260915 2133206 546820 1127709 423828 173667 312009 110054 83978 65435 201955 183420 115242 703881 18710 10035 108147 66149 3772 1586386 33275 48222 24653 339850 43171 685171 581868 41547 35502 23408 6264 17144 14995 8605 7069 6045 2149 4611 5586 6390 1166 1426 12094 3283 1042 335555 540321 147306 7474 139832 41847 14149 11204 4305 27698 19151 6899 2364 393015 38060
is_linear=0
shrinkage=0.05


Tree=78
num_leaves=63
num_cat=0
split_feature=0 0 9 9 9 10 10 10 10 8 10 10 0 8 1 10 9 9 8 10 10 9 10 10 8 10 10 10 8 9 10 8 8 8 9 10 10 10 9 10 10 10 10 10 10 11 8 9 10 10 10 9 8 8 10 8 10 10 10 10 10 10
split_gain=1327.19 1072.61 437.776 1142.93 799.191 768.75 653.329 623.361 984.593 633.725 612.296 601.061 582.77 753.914 581.134 562.164 512.449 662.297 547.189 481.222 767.047 611.974 589.64 1517.71 1228.06 689.257 793 477.876 469.294 399.348 643.265 596.095 1009.03 383.36 453.719 423.325 413.417 627.514 399.324 784.524 547.822 445.049 540.82 617.343 639.013 476.543 440.925 603.869 397.823 479.764 466.095 574.983 599.88 582.396 483.749 428.408 392.348 385.961 527.369 713.448 526.669 624.29
threshold=3.5000000000000004 -2.4999999999999996 0.4151990413665772 0.41682600975036627 0.40835168957710272 0.2472183629870415 0.24453619122505191 0.24136773496866229 0.23665707558393481 0.37306414544582372 0.24533988535404208 0.25167453289031988 1.5000000000000002 0.35430321097373968 382.50000000000006 0.24110610783100131 0.40930254757404333 0.41196930408477789 0.36525034904479986 0.22255443781614306 0.22126312553882602 0.46828548610210424 0.22545928508043292 0.22503591328859332 0.26263889670372015 0.23318386822938922 0.23465987294912341 0.22289190441370013 0.36040598154067999 0.44099158048629766 0.24182680994272235 0.31977939605712896 0.32754349708557134 0.30652734637260443 0.45658147335052496 0.23224429786205295 0.22545928508043292 0.2248843312263489 0.44523863494396215 0.22445815801620486 0.23880538344383243 0.22516405582427981 0.23093203455209735 0.22844710946083072 0.22662251442670825 0.39873640239238745 0.34756815433502203 0.42303735017776495 0.23648047447204593 0.22372368723154071 0.23683736473321917 0.42458714544773107 0.32536515593528753 0.31799848377704626 0.24036224931478503 0.34475418925285345 0.24014183133840564 0.228565588593483 0.2308139503002167 0.23211316019296649 0.22781910002231601 0.22716157883405688
decision_type=2 2 2 2 2 2 2 2 2 2 2 2 2 2 2 2 2 2 2 2 2 2 2 2 2 2 2 2 2 2 2 2 2 2 2 2 2 2 2 2 2 2 2 2 2 2 2 2 2 2 2 2 2 2 2 2 2 2 2 2 2 2
left_child=1 -1 4 -4 12 10 7 8 9 16 15 -7 13 -3 -14 19 -6 18 28 20 -5 27 23 24 -23 -24 -27 -21 -18 31 -31 -17 -33 35 38 -29 37 -36 46 -40 41 -41 43 44 -43 -44 47 -35 49 -49 -50 -52 53 -53 -55 -51 -37 60 -59 -60 61 -48
right_child=-2 2 3 5 6 11 -8 -9 -10 -11 -12 -13 14 -15 -16 29 17 -19 -20 21 -22 22 25 -25 -26 26 -28 33 -30 30 -32 32 -34 34 36 56 -38 -39 39 40 -42 42 45 -45 -46 -47 57 48 50 55 51 52 -54 54 -56 -57 -58 58 59 -61 -62 -63
leaf_value=-0.028797697326938845 0.04096350292208073 -0.028496879633269134 -0.028797697326938845 -0.0015005227311777327 0.04096350292208073 0.04096350292208073 -0.028797697326938845 0.04096350292208073 -0.028797697326938845 -0.028797697326938845 -0.028797697326938845 -0.028797697326938845 0.035801079601108336 -0.00010572272310736883 0.0049999592180001336 0.04096350292208073 -0.0025498236304859283 0.0334459904994086 -0.028797697326938845 -0.028797697326938845 0.021310641934357714 0.04096350292208073 -0.028797697326938845 0.04096350292208073 -0.028797697326938845 0.04096350292208073 -0.018884846394340613 -0.011518167646226039 0.04096350292208073 0.04096350292208073 -0.028797697326938845 -0.028797697326938845 0.04096350292208073 -0.028797697326938845 -0.019872583647071104 0.04096350292208073 -0.028797697326938845 0.04096350292208073 -0.028797697326938845 0.04096350292208073 -0.028797697326938845 -0.020865829651837309 0.04096350292208073 -0.028797697326938845 0.04096350292208073 -0.0085341323232418879 -0.0038358749053759135 0.033918072094108867 0.04096350292208073 -0.014971641565816882 0.04096350292208073 -0.028797697326938845 -0.028797697326938845 0.04096350292208073 -0.028797697326938845 0.021994409939386991 -0.028797697326938845 0.04096350292208073 -0.028797697326938845 0.04096350292208073 -0.028797697326938845 0.04096350292208073
leaf_weight=3262.3265741509385 1962.5013723345473 2350.7290185857564 2162.3749496471137 37780.27238045726 1624.0439805546775 535.72150956839323 593.70328666362911 578.6622022241354 1142.1419601719826 512.51142991054803 657.3088716045022 198.75804298650473 1602.0357459886 408748.31732904539 34280.171100636944 408.9451691750437 1634.7222104566172 2828.88532264065 653.97175791021436 357.0789892822504 4082.5689411517233 484.02091227844357 4398.8603976843879 337.33590460941195 2138.0641719456762 484.07588504254818 1271.7075455738232 689.16692120954394 607.92995325289667 171.360586008057 684.4090106068179 732.20115573890507 960.0152289448306 1793.2963116625324 703.18399395607412 1044.0628446815535 2038.7471099514514 189.00758079998195 683.13023557048291 430.59309903159738 226.75797438900918 595.90089256502688 1839.1523331003264 1175.4201123062521 868.16333836689591 597.45138488616794 2449.2612224295735 594.60760633926839 291.08099436573684 10252.789423451759 216.22030357643962 333.41393400356174 1212.7590220198035 493.55696634296328 109.36039731744677 847.7695481153205 97.951959492638707 1013.8573310384527 315.02090630400926 392.08033992536366 298.06344948709011 325.04484074749053
leaf_count=173697 98098 14766 12822 255016 9079 2500 4416 3218 6952 3105 3804 1114 64604 2190699 336529 2292 10006 17632 4005 2544 26867 3281 34614 2008 16228 2891 8453 4807 3737 1024 4005 3925 5931 11301 4869 6699 13843 1154 4508 2447 1535 3980 10896 7101 5322 3898 15511 3568 1679 65564 1049 1794 7714 2625 684 5226 579 5851 2227 2272 2032 1975
internal_value=-7.07803e-05 -0.000217171 -4.67005e-05 -0.00323498 0.000580711 -0.00230055 0.014435 0.0176282 0.0135268 0.0198307 -0.00273617 0.0409635 0.000265254 -0.000268137 0.0063761 -0.00230063 0.0235974 0.0162426 -0.000564161 -0.00305987 0.000724535 -0.00686921 -0.0183174 2.33391e-05 -0.0168187 -0.027135 0.00268261 -0.00365572 0.0116937 0.0191207 -0.0096637 0.0308431 0.00921019 -0.00279059 -0.00413405 0.0194189 -0.022827 0.00691063 -0.00213043 0.00878144 0.0150497 0.0186424 0.013396 -0.00228547 0.0193774 0.0303772 -0.00547466 -0.00942808 -0.00583463 -0.00980202 0.0116295 0.00276048 -0.00673951 0.0233267 0.0409635 -0.0121468 0.0380821 0.00784039 0.0267902 -0.00754204 -0.00277942 0.0061934
internal_weight=552345 550382 547120 89962 457158 87799.6 10176.6 9582.87 9004.21 7862.06 87065.1 734.48 446981 411099 35882.2 86407.8 7349.55 5725.51 2896.62 83450.9 41862.8 41588 9114.06 2959.42 2622.09 6154.64 1755.78 32474 2242.65 2956.93 855.77 2101.16 1692.22 32116.9 30285.7 1831.18 2930.94 892.192 27354.8 6416.57 5733.44 5506.68 5076.09 2639.48 1464.06 2436.6 20938.2 16144.9 14351.6 11695.2 2656.39 2365.31 2149.09 936.331 602.917 11100.6 1142.01 4793.33 1720.96 707.101 3072.37 2774.31
internal_count=3532572 3434474 3260777 592029 2668748 579207 62150 57734 54516 47564 575593 3614 2606598 2205465 401133 571789 44459 35380 17748 554612 281883 272729 67475 21517 19509 45958 11344 205254 13743 17177 5029 12148 9856 202710 190625 12085 19866 6023 170759 39687 35179 33644 31197 16403 9302 14794 131072 101204 89903 74358 15545 13866 12817 5103 3309 70790 7278 29868 10350 4499 19518 17486
is_linear=0
shrinkage=0.05


Tree=79
num_leaves=63
num_cat=0
split_feature=0 0 8 9 9 8 10 8 10 8 8 10 8 10 10 8 9 8 8 10 10 10 8 10 10 10 9 10 8 8 10 10 8 8 10 9 10 10 8 8 10 10 10 10 8 9 10 8 9 10 10 10 10 9 10 10 8 11 10 9 10 8
split_gain=1229.74 1044.35 456.215 693.449 874.284 749.019 700.323 648.337 571.534 1222.45 1091.61 1066.41 864.724 854.147 2222 792.029 1151.81 777.57 740.096 1426.66 714.398 883.646 570.656 963.209 672.245 610.987 934.583 829.566 591.802 1608.49 550.658 541.69 704.704 547.552 538.866 533.121 532.013 520.457 519.08 635.394 650.127 494.058 484.3 577.778 928.543 732.591 691.472 1114.69 1583.07 681.033 478.099 470.419 831.394 787.628 463.373 1306.89 876.209 658.57 549.39 858.33 752.361 1453.19
threshold=3.5000000000000004 -2.4999999999999996 0.57808911800384533 0.23056294023990634 0.23308694362640384 0.56662777066230785 0.21420419216156009 0.54831936955451976 0.20789130032062533 0.5077456831932069 0.49985919892787939 0.20863866060972217 0.50110575556755077 0.22207798063755038 0.21802223473787311 0.50912511348724376 0.26938365399837499 0.50401070713996898 0.51196408271789562 0.20600962638854983 0.20329929888248446 0.2004567235708237 0.51728740334510814 0.22386372834444049 0.22137310355901721 0.21927379071712497 0.24319034814834598 0.21878854185342791 0.52896222472190868 0.53528708219528209 0.21592911332845691 0.20204577594995501 0.51728740334510814 0.54362204670906078 0.21752139925956729 0.25969712436199194 0.22165223956108096 0.20204577594995501 0.56198832392692577 0.56885173916816723 0.1979838311672211 0.22207798063755038 0.20863866060972217 0.21066060662269595 0.31069611012935644 0.55594193935394298 0.21466173976659778 0.48112049698829656 0.31738659739494329 0.21194376796483996 0.21392750740051272 0.2050428315997124 0.20740322023630145 0.19466029852628711 0.21663307398557666 0.21752139925956729 0.252724438905716 0.30927553772926336 0.22165223956108096 0.46828548610210424 0.22126312553882602 0.46553532779216772
decision_type=2 2 2 2 2 2 2 2 2 2 2 2 2 2 2 2 2 2 2 2 2 2 2 2 2 2 2 2 2 2 2 2 2 2 2 2 2 2 2 2 2 2 2 2 2 2 2 2 2 2 2 2 2 2 2 2 2 2 2 2 2 2
left_child=1 -1 3 5 7 6 -3 -5 18 10 42 -11 -12 14 -14 -13 22 -15 19 -6 21 38 34 24 25 27 -27 -24 -25 -30 -8 32 -23 -33 -17 -28 -36 -4 -20 40 -40 -38 -10 44 45 -44 47 48 -45 -49 -50 53 -53 -39 -48 56 -56 -58 60 -60 -57 -62
right_child=-2 2 37 4 8 -7 30 -9 9 11 12 15 13 17 -16 16 -18 -19 20 -21 -22 31 23 28 -26 26 35 -29 29 -31 -32 33 -34 -35 36 -37 41 51 39 -41 -42 -43 43 46 -46 -47 54 49 50 -51 -52 52 -54 -55 55 58 57 -59 59 -61 61 -63
leaf_value=-0.028788750575397339 0.040296002332724387 -0.028788750575397339 0.0027531850208616137 -0.028788750575397339 -0.0069083213904526071 -0.00072302337243294824 0.038409089048326212 0.03951655195244555 -0.028788750575397339 0.040296002332724387 -0.028788750575397339 0.035110617595493394 -0.014944733769372873 0.0033437969202418623 0.040296002332724387 -0.028788750575397339 -0.01659596551768933 -0.028788750575397339 -0.028788750575397339 0.035364293409109786 -0.025200676945102286 -0.028788750575397339 0.0073097574657395624 -0.028788750575397339 0.032401823586120169 0.040296002332724387 -0.028788750575397339 0.040296002332724387 0.040296002332724387 -0.028788750575397339 -0.014724868542781173 0.029569204820201117 0.040296002332724387 -0.027432373762779984 0.040296002332724387 0.029903792123920421 -0.028788750575397339 -0.028788750575397339 0.040296002332724387 -0.028788750575397339 -0.022958536398340664 0.022520855096186319 -0.028788750575397339 0.040296002332724387 0.030745240855708511 0.040296002332724387 0.0092755122383307072 0.014792029560706672 -0.0044444511470887009 -0.028788750575397339 -0.028788750575397339 -0.019399877110974618 0.030054479444214629 0.040296002332724387 0.040296002332724387 0.0031664843283074427 -0.028788750575397339 0.00043188587060710563 -3.7481481348814942e-05 -0.014904513978440642 0.040041036995095286 -0.023208965733284622
leaf_weight=3167.2396351089701 1883.3809021534398 3037.4908124515787 32783.861636838876 110.28177211433649 9446.0947977919132 7142.4764554882422 609.11879036668688 2030.7758373329416 1317.501439249143 1793.6862687338144 2255.7814018661156 2292.1019199686125 4537.0947410939261 1913.2589012188837 1660.1532871499658 243.79374166205525 5380.5524895815179 2064.1737123411149 2223.2465324262157 2529.5589803000912 7769.5190471792594 121.65739504434168 18592.152426105924 2532.7142653791234 2796.522421784699 550.54822344146669 1722.7597808679566 536.86466006748378 846.36237097438425 550.52758023981005 2427.686384556815 699.67974508367479 1605.3678182996809 1055.6547805219889 999.04501003306359 389.81482926756144 291.66336655989289 295.01017463393509 799.13922107126564 420.6593544697389 540.35960447788239 3247.6052055824548 1222.9405420506373 1263.2828339077532 3551.0886837355793 348.24741915706545 13352.33320815675 997.20705297682434 10029.57620697096 2496.0015558870509 2163.1254852730781 1616.7424547662959 1789.4458707058802 2285.161501747556 212.70376918278635 38384.465024297126 4877.4408444855362 2058.2016407232732 312942.97481594421 10018.176465518773 3606.8490092093125 1212.8399706315249
leaf_count=173395 97881 17181 189681 553 65617 40632 3539 11808 8517 10097 12829 12343 26081 11107 9454 1397 31312 11765 13486 15917 44806 629 108262 14232 15555 3074 9735 2988 4354 3238 13848 4134 9241 5500 5606 2331 1658 1773 4887 2418 2805 18715 8449 7359 21887 2505 82726 5775 64056 14293 14373 8763 10784 13624 1237 236123 30240 13081 1848722 74113 22231 7003
internal_value=-2.6599e-05 -0.000164811 1.1041e-06 -0.000398033 -9.59873e-05 -0.0117005 -0.024606 0.0317781 -0.000234629 0.000177316 -0.000638124 0.00823274 -0.0152349 -0.00788511 0.00372109 0.00655933 0.00486662 -0.0259651 -0.0072778 0.00202292 -0.0145883 -0.00354217 0.00833485 0.0056541 0.00932766 0.00636526 -0.0160688 0.00948919 -0.0173289 0.00900341 -0.00405819 0.0148532 0.0347258 -0.00470753 0.0243171 -0.0287888 0.0283834 0.00522896 -0.0196234 0.00166388 0.0202418 0.0166718 -0.000195599 -9.785e-05 0.0165876 -0.0154098 -0.000309645 -0.0101941 -0.00343802 -0.0287888 -0.00905498 0.0187846 0.00658223 0.0348847 0.000123658 -0.000203701 -0.0213755 -0.0247888 0.000209676 -0.000498698 0.00550483 0.0241231
internal_weight=551642 549758 546591 507821 494604 13216.8 6074.3 2141.06 492463 465252 422485 42766.7 12430.5 10174.7 6197.25 40973 38680.9 3977.43 27210.9 11975.7 15235.3 7465.76 33300.4 28518.3 24588.7 21792.1 2663.12 19129 3929.6 1396.89 3036.81 3482.36 1727.03 1755.33 4782.11 2112.57 4538.31 38770.2 3983.4 1760.16 1339.5 3539.27 410055 408737 5122.28 1571.19 403615 16949.2 13456 3493.21 12192.7 5986.36 3406.19 2580.17 386666 373314 7148.35 6935.64 366165 322961 43204.2 4819.69
internal_count=3531725 3433844 3260449 3035824 2960624 75200 34568 12361 2948263 2778823 2533926 244897 71236 58407 35535 234800 222457 22872 169440 81534 87906 43100 191145 163769 141945 126390 15140 111250 21824 7592 17387 19504 9870 9634 27376 12066 25979 224625 23596 10110 7692 20373 2462690 2454173 32841 10954 2421332 105856 85788 20068 78429 34944 19547 15397 2315476 2232750 44558 43321 2188192 1922835 265357 29234
is_linear=0
shrinkage=0.05


end of trees

feature_importances:
pre_away_reg=1168
pre_tie=1059
secs_left=971
pre_home_reg=855
score_diff=542
xg_diff=238
total_goals=80
period=26
pp_secs_left=16
home_goalie_in=2
away_goalie_in=2
manpower=1

parameters:
[boosting: gbdt]
[objective: binary]
[metric: binary_logloss]
[tree_learner: serial]
[device_type: cpu]
[data_sample_strategy: bagging]
[data: ]
[valid: ]
[num_iterations: 3000]
[learning_rate: 0.05]
[num_leaves: 63]
[num_threads: 0]
[seed: 11]
[deterministic: 0]
[force_col_wise: 0]
[force_row_wise: 0]
[histogram_pool_size: -1]
[max_depth: -1]
[min_data_in_leaf: 400]
[min_sum_hessian_in_leaf: 0.001]
[bagging_fraction: 0.7]
[pos_bagging_fraction: 1]
[neg_bagging_fraction: 1]
[bagging_freq: 1]
[bagging_seed: 27648]
[bagging_by_query: 0]
[feature_fraction: 0.9]
[feature_fraction_bynode: 1]
[feature_fraction_seed: 4989]
[extra_trees: 0]
[extra_seed: 22223]
[early_stopping_round: 0]
[early_stopping_min_delta: 0]
[first_metric_only: 0]
[max_delta_step: 0]
[lambda_l1: 0]
[lambda_l2: 1]
[linear_lambda: 0]
[min_gain_to_split: 0]
[drop_rate: 0.1]
[max_drop: 50]
[skip_drop: 0.5]
[xgboost_dart_mode: 0]
[uniform_drop: 0]
[drop_seed: 21136]
[top_rate: 0.2]
[other_rate: 0.1]
[min_data_per_group: 100]
[max_cat_threshold: 32]
[cat_l2: 10]
[cat_smooth: 10]
[max_cat_to_onehot: 4]
[top_k: 20]
[monotone_constraints: 1,0,0,0,0,0,0,0,0,0,0,0,0]
[monotone_constraints_method: advanced]
[monotone_penalty: 0]
[feature_contri: ]
[forcedsplits_filename: ]
[refit_decay_rate: 0.9]
[cegb_tradeoff: 1]
[cegb_penalty_split: 0]
[cegb_penalty_feature_lazy: ]
[cegb_penalty_feature_coupled: ]
[path_smooth: 0]
[interaction_constraints: ]
[verbosity: -1]
[saved_feature_importance_type: 0]
[use_quantized_grad: 0]
[num_grad_quant_bins: 4]
[quant_train_renew_leaf: 0]
[stochastic_rounding: 1]
[linear_tree: 0]
[max_bin: 255]
[max_bin_by_feature: ]
[min_data_in_bin: 3]
[bin_construct_sample_cnt: 200000]
[data_random_seed: 74]
[is_enable_sparse: 1]
[enable_bundle: 1]
[use_missing: 1]
[zero_as_missing: 0]
[feature_pre_filter: 1]
[pre_partition: 0]
[two_round: 0]
[header: 0]
[label_column: ]
[weight_column: ]
[group_column: ]
[ignore_column: ]
[categorical_feature: 4]
[forcedbins_filename: ]
[precise_float_parser: 0]
[parser_config_file: ]
[objective_seed: 24011]
[num_class: 1]
[is_unbalance: 0]
[scale_pos_weight: 1]
[sigmoid: 1]
[boost_from_average: 1]
[reg_sqrt: 0]
[alpha: 0.9]
[fair_c: 1]
[poisson_max_delta_step: 0.7]
[tweedie_variance_power: 1.5]
[lambdarank_truncation_level: 30]
[lambdarank_norm: 1]
[label_gain: ]
[lambdarank_position_bias_regularization: 0]
[eval_at: ]
[multi_error_top_k: 1]
[auc_mu_weights: ]
[num_machines: 1]
[local_listen_port: 12400]
[time_out: 120]
[machine_list_filename: ]
[machines: ]
[gpu_platform_id: -1]
[gpu_device_id: -1]
[gpu_device_id_list: ]
[gpu_use_dp: 0]
[num_gpu: 1]

end of parameters

pandas_categorical:null
